{
    "consensus": {
        "secondary_structure_elements": [
            {
                "label": "E0",
                "type": "E",
                "chain_id": "A",
                "start": 0,
                "end": 0,
                "color": "s000",
                "rainbow": "s100",
                "found_in": 1,
                "occurrence": 0.009174311926605505,
                "start_vector": [
                    51.657,
                    -47.226,
                    -20.493
                ],
                "end_vector": [
                    53.408,
                    -48.331,
                    -21.526
                ],
                "variance": 0.0,
                "covariance": [
                    [
                        0.0,
                        0.0,
                        0.0,
                        0.0,
                        0.0,
                        0.0
                    ],
                    [
                        0.0,
                        0.0,
                        0.0,
                        0.0,
                        0.0,
                        0.0
                    ],
                    [
                        0.0,
                        0.0,
                        0.0,
                        0.0,
                        0.0,
                        0.0
                    ],
                    [
                        0.0,
                        0.0,
                        0.0,
                        0.0,
                        0.0,
                        0.0
                    ],
                    [
                        0.0,
                        0.0,
                        0.0,
                        0.0,
                        0.0,
                        0.0
                    ],
                    [
                        0.0,
                        0.0,
                        0.0,
                        0.0,
                        0.0,
                        0.0
                    ]
                ],
                "sheet_id": 1
            },
            {
                "label": "E1",
                "type": "E",
                "chain_id": "A",
                "start": 0,
                "end": 0,
                "color": "s293",
                "rainbow": "s105",
                "found_in": 27,
                "occurrence": 0.24770642201834864,
                "start_vector": [
                    54.235343555555545,
                    -46.81335103703703,
                    -14.039215888888888
                ],
                "end_vector": [
                    59.483548000000006,
                    -35.836194703703704,
                    -6.327984111111112
                ],
                "variance": 13.172142659303486,
                "covariance": [
                    [
                        0.3968509444226404,
                        -0.13375681442874807,
                        -0.4835828217290253,
                        -0.38841201154173083,
                        -1.3453057307251317,
                        -1.1494897976928198
                    ],
                    [
                        -0.13375681442874807,
                        0.46438835915388366,
                        0.5918931025106201,
                        0.31644094942300033,
                        1.113575607855051,
                        0.9629644962933429
                    ],
                    [
                        -0.4835828217290253,
                        0.5918931025106201,
                        1.09876886327041,
                        0.7140588116401541,
                        2.483282740116158,
                        2.126048040353666
                    ],
                    [
                        -0.38841201154173083,
                        0.31644094942300033,
                        0.7140588116401541,
                        0.5263797254734618,
                        1.7755986954024623,
                        1.516030398767308
                    ],
                    [
                        -1.3453057307251317,
                        1.113575607855051,
                        2.483282740116158,
                        1.7755986954024623,
                        6.1767304774881415,
                        5.268366325718188
                    ],
                    [
                        -1.1494897976928198,
                        0.9629644962933429,
                        2.126048040353666,
                        1.516030398767308,
                        5.268366325718188,
                        4.509024289494948
                    ]
                ],
                "sheet_id": 1
            },
            {
                "label": "E2",
                "type": "E",
                "chain_id": "A",
                "start": 0,
                "end": 0,
                "color": "s586",
                "rainbow": "s129",
                "found_in": 109,
                "occurrence": 1.0,
                "start_vector": [
                    57.778849788990826,
                    -37.13684849541284,
                    -13.21866696330275
                ],
                "end_vector": [
                    60.28491236697248,
                    -25.202692899082567,
                    18.324036541284404
                ],
                "variance": 68.40845373426835,
                "covariance": [
                    [
                        3.1138910267244864,
                        9.096845657707778,
                        10.056226102167674,
                        -1.5819851412361359,
                        -1.2448855990143957,
                        2.471116626314032
                    ],
                    [
                        9.096845657707778,
                        27.29121824264984,
                        29.85837276984658,
                        -4.677752533567504,
                        -3.8963147982911273,
                        7.910776685552539
                    ],
                    [
                        10.056226102167674,
                        29.85837276984658,
                        33.3313748817586,
                        -5.126108079791876,
                        -4.052230771368736,
                        8.084376490987502
                    ],
                    [
                        -1.5819851412361359,
                        -4.677752533567504,
                        -5.126108079791876,
                        0.9537011057346786,
                        0.6495174633044168,
                        -1.3920031020001273
                    ],
                    [
                        -1.2448855990143957,
                        -3.8963147982911273,
                        -4.052230771368736,
                        0.6495174633044168,
                        0.6712953498872951,
                        -1.3626156438962411
                    ],
                    [
                        2.471116626314032,
                        7.910776685552539,
                        8.084376490987502,
                        -1.3920031020001273,
                        -1.3626156438962411,
                        3.0469731275134353
                    ]
                ],
                "sheet_id": 1
            },
            {
                "label": "E3",
                "type": "E",
                "chain_id": "A",
                "start": 0,
                "end": 0,
                "color": "s879",
                "rainbow": "s169",
                "found_in": 109,
                "occurrence": 1.0,
                "start_vector": [
                    57.534597743119264,
                    -28.69314523853211,
                    16.989553311926606
                ],
                "end_vector": [
                    54.32202962385321,
                    -34.269828238532114,
                    -18.874924027522937
                ],
                "variance": 1.35717144199267,
                "covariance": [
                    [
                        0.1232524962053779,
                        0.033544307702345524,
                        -0.02805403736476168,
                        -0.059603743948143884,
                        -0.05069793977724686,
                        -0.05904724024606241
                    ],
                    [
                        0.033544307702345524,
                        0.10521541556159064,
                        -0.05794739856736931,
                        -0.03791243407906267,
                        -0.09082693372673338,
                        -0.06400284985641408
                    ],
                    [
                        -0.02805403736476168,
                        -0.05794739856736931,
                        0.06264673829493882,
                        0.03262208832727577,
                        0.08905021748946391,
                        0.09552606890678632
                    ],
                    [
                        -0.059603743948143884,
                        -0.03791243407906267,
                        0.03262208832727577,
                        0.07493087167671839,
                        0.08946890808416862,
                        0.16012613376236906
                    ],
                    [
                        -0.05069793977724686,
                        -0.09082693372673338,
                        0.08905021748946391,
                        0.08946890808416862,
                        0.22712928260386855,
                        0.3648155524149285
                    ],
                    [
                        -0.05904724024606241,
                        -0.06400284985641408,
                        0.09552606890678632,
                        0.16012613376236906,
                        0.3648155524149285,
                        0.7639966376501757
                    ]
                ],
                "sheet_id": 1
            },
            {
                "label": "E4",
                "type": "E",
                "chain_id": "A",
                "start": 0,
                "end": 0,
                "color": "s173",
                "rainbow": "s189",
                "found_in": 1,
                "occurrence": 0.009174311926605505,
                "start_vector": [
                    54.816,
                    -39.252,
                    -16.475
                ],
                "end_vector": [
                    53.05,
                    -39.731,
                    -18.158
                ],
                "variance": 0.0,
                "covariance": [
                    [
                        0.0,
                        0.0,
                        0.0,
                        0.0,
                        0.0,
                        0.0
                    ],
                    [
                        0.0,
                        0.0,
                        0.0,
                        0.0,
                        0.0,
                        0.0
                    ],
                    [
                        0.0,
                        0.0,
                        0.0,
                        0.0,
                        0.0,
                        0.0
                    ],
                    [
                        0.0,
                        0.0,
                        0.0,
                        0.0,
                        0.0,
                        0.0
                    ],
                    [
                        0.0,
                        0.0,
                        0.0,
                        0.0,
                        0.0,
                        0.0
                    ],
                    [
                        0.0,
                        0.0,
                        0.0,
                        0.0,
                        0.0,
                        0.0
                    ]
                ],
                "sheet_id": 1
            },
            {
                "label": "H5",
                "type": "H",
                "chain_id": "A",
                "start": 0,
                "end": 0,
                "color": "s466",
                "rainbow": "s208",
                "found_in": 106,
                "occurrence": 0.9724770642201835,
                "start_vector": [
                    49.3337786981132,
                    -39.24150033962264,
                    -20.818218801886793
                ],
                "end_vector": [
                    48.9558806981132,
                    -35.86986333018868,
                    -24.622152735849056
                ],
                "variance": 0.3152990014157083,
                "covariance": [
                    [
                        0.06557164064455565,
                        0.009154540156344168,
                        -0.02012497394439679,
                        0.05316595371869845,
                        0.00016023385234698487,
                        -0.02266475480446237
                    ],
                    [
                        0.009154540156344168,
                        0.04649272698142656,
                        0.0020791030496869274,
                        0.022138352799001334,
                        0.050502469530982134,
                        -0.0069962956620428325
                    ],
                    [
                        -0.02012497394439679,
                        0.0020791030496869274,
                        0.03073251277433178,
                        -0.02320419670802535,
                        -0.00341785831447678,
                        0.017904759808318592
                    ],
                    [
                        0.05316595371869845,
                        0.022138352799001334,
                        -0.02320419670802535,
                        0.06562611535731754,
                        0.03063991380358506,
                        -0.022736452027481435
                    ],
                    [
                        0.00016023385234698487,
                        0.050502469530982134,
                        -0.00341785831447678,
                        0.03063991380358506,
                        0.08426040022525194,
                        -0.004653350919083339
                    ],
                    [
                        -0.02266475480446237,
                        -0.0069962956620428325,
                        0.017904759808318592,
                        -0.022736452027481435,
                        -0.004653350919083339,
                        0.022615605432824842
                    ]
                ]
            },
            {
                "label": "H6",
                "type": "H",
                "chain_id": "A",
                "start": 0,
                "end": 0,
                "color": "s759",
                "rainbow": "s242",
                "found_in": 82,
                "occurrence": 0.7522935779816514,
                "start_vector": [
                    54.20888835365853,
                    -29.47409225609756,
                    -32.06586656097561
                ],
                "end_vector": [
                    50.79666884146342,
                    -24.275674000000002,
                    -32.45310735365853
                ],
                "variance": 0.6790993118366944,
                "covariance": [
                    [
                        0.11638390177524377,
                        0.0624322886460547,
                        0.032978355822015755,
                        0.1298131521325504,
                        0.06379379068995071,
                        0.013340136529015632
                    ],
                    [
                        0.0624322886460547,
                        0.1296249167590323,
                        0.036552756477360754,
                        0.06424056160858835,
                        0.11920483112367908,
                        0.03642822070756263
                    ],
                    [
                        0.032978355822015755,
                        0.036552756477360754,
                        0.03172733752879248,
                        0.04974709195793474,
                        0.040601118586135854,
                        0.021245085006873197
                    ],
                    [
                        0.1298131521325504,
                        0.06424056160858835,
                        0.04974709195793474,
                        0.2133455814987028,
                        0.09185302313103695,
                        0.013825659398535826
                    ],
                    [
                        0.06379379068995071,
                        0.11920483112367908,
                        0.040601118586135854,
                        0.09185302313103695,
                        0.15156928986286436,
                        0.0394910926780618
                    ],
                    [
                        0.013340136529015632,
                        0.03642822070756263,
                        0.021245085006873197,
                        0.013825659398535826,
                        0.0394910926780618,
                        0.036448284412058565
                    ]
                ]
            },
            {
                "label": "E7",
                "type": "E",
                "chain_id": "A",
                "start": 0,
                "end": 0,
                "color": "s053",
                "rainbow": "s276",
                "found_in": 109,
                "occurrence": 1.0,
                "start_vector": [
                    51.97205071559633,
                    -25.860587990825685,
                    -21.24951671559633
                ],
                "end_vector": [
                    47.95038547706423,
                    -25.939197779816517,
                    -17.428929201834862
                ],
                "variance": 1.8944727474873406,
                "covariance": [
                    [
                        0.2313593036916681,
                        -0.09737301013014554,
                        -0.16342314591402946,
                        0.06771387749194266,
                        -0.07266807061174237,
                        -0.14998940668014143
                    ],
                    [
                        -0.09737301013014554,
                        0.13546501955445353,
                        0.13005973581348812,
                        -0.06631630963606927,
                        0.11291935647470165,
                        0.20292712141883512
                    ],
                    [
                        -0.16342314591402946,
                        0.13005973581348812,
                        0.19546710609802015,
                        -0.04820560840403501,
                        0.10196863262189049,
                        0.15623381876785422
                    ],
                    [
                        0.06771387749194266,
                        -0.06631630963606927,
                        -0.04820560840403501,
                        0.30018190412939993,
                        -0.06917259938555045,
                        -0.45462869309752313
                    ],
                    [
                        -0.07266807061174237,
                        0.11291935647470165,
                        0.10196863262189049,
                        -0.06917259938555045,
                        0.11261939029500669,
                        0.22349848300346156
                    ],
                    [
                        -0.14998940668014143,
                        0.20292712141883512,
                        0.15623381876785422,
                        -0.45462869309752313,
                        0.22349848300346156,
                        0.9193800237187922
                    ]
                ],
                "sheet_id": 1
            },
            {
                "label": "H8",
                "type": "H",
                "chain_id": "A",
                "start": 0,
                "end": 0,
                "color": "s346",
                "rainbow": "s305",
                "found_in": 49,
                "occurrence": 0.44954128440366975,
                "start_vector": [
                    42.525681612244895,
                    -27.668967734693876,
                    -11.83350042857143
                ],
                "end_vector": [
                    41.75795575510204,
                    -32.805041816326536,
                    -14.177066367346939
                ],
                "variance": 2.0309604791543965,
                "covariance": [
                    [
                        0.02213396921753403,
                        0.01431003909706342,
                        -0.00546250819091944,
                        0.021522640064402954,
                        0.01887839641338502,
                        -0.0023783167602703767
                    ],
                    [
                        0.01431003909706342,
                        0.4811502676315325,
                        0.4604184721789078,
                        -0.5511615058710381,
                        -0.23229075326813312,
                        -0.12696084874887964
                    ],
                    [
                        -0.00546250819091944,
                        0.4604184721789078,
                        0.4801782577157917,
                        -0.5658560452500241,
                        -0.25238553805364883,
                        -0.11001472478478569
                    ],
                    [
                        0.021522640064402954,
                        -0.5511615058710381,
                        -0.5658560452500241,
                        0.7404998801956477,
                        0.3182656842703375,
                        0.16545587450036645
                    ],
                    [
                        0.01887839641338502,
                        -0.23229075326813312,
                        -0.25238553805364883,
                        0.3182656842703375,
                        0.2340618175871116,
                        0.09687734940713144
                    ],
                    [
                        -0.0023783167602703767,
                        -0.12696084874887964,
                        -0.11001472478478569,
                        0.16545587450036645,
                        0.09687734940713144,
                        0.07293628680677887
                    ]
                ]
            },
            {
                "label": "E9",
                "type": "E",
                "chain_id": "A",
                "start": 0,
                "end": 0,
                "color": "s639",
                "rainbow": "s333",
                "found_in": 108,
                "occurrence": 0.9908256880733946,
                "start_vector": [
                    48.49926671296297,
                    -38.668703629629626,
                    -3.2236227037037044
                ],
                "end_vector": [
                    51.384904925925916,
                    -39.38279139814814,
                    4.786615268518518
                ],
                "variance": 1.8412591772481517,
                "covariance": [
                    [
                        0.10727226896585142,
                        -0.028765917719107678,
                        0.25144980535908584,
                        -0.04446405563392787,
                        0.014154219126379895,
                        -0.15362395626411832
                    ],
                    [
                        -0.028765917719107678,
                        0.045569432188927,
                        -0.05453025542263431,
                        0.035285523722597884,
                        0.012071012064784302,
                        0.088167022337199
                    ],
                    [
                        0.25144980535908584,
                        -0.05453025542263431,
                        0.7596271909506586,
                        -0.17133809475370648,
                        0.06516605136377322,
                        -0.4979431958075197
                    ],
                    [
                        -0.04446405563392787,
                        0.035285523722597884,
                        -0.17133809475370648,
                        0.13052540975018143,
                        -0.04389295065545978,
                        0.2798161128451228
                    ],
                    [
                        0.014154219126379895,
                        0.012071012064784302,
                        0.06516605136377322,
                        -0.04389295065545978,
                        0.06261361458835402,
                        -0.11983400119013517
                    ],
                    [
                        -0.15362395626411832,
                        0.088167022337199,
                        -0.4979431958075197,
                        0.2798161128451228,
                        -0.11983400119013517,
                        0.7356512608041793
                    ]
                ],
                "sheet_id": 2
            },
            {
                "label": "E10",
                "type": "E",
                "chain_id": "A",
                "start": 0,
                "end": 0,
                "color": "s933",
                "rainbow": "s372",
                "found_in": 105,
                "occurrence": 0.963302752293578,
                "start_vector": [
                    51.184498628571426,
                    -38.076080409523804,
                    9.679040657142856
                ],
                "end_vector": [
                    49.42809209523809,
                    -36.84334584761905,
                    10.8497204
                ],
                "variance": 0.3747893209055518,
                "covariance": [
                    [
                        0.03712144465902424,
                        0.017549484636663837,
                        0.005447572741525313,
                        0.04055592300751649,
                        0.01088959634051865,
                        0.00994436449316929
                    ],
                    [
                        0.017549484636663837,
                        0.04427059520530195,
                        -0.005634755691334046,
                        0.0239630328629818,
                        0.0476675192702938,
                        0.0030481616724153714
                    ],
                    [
                        0.005447572741525313,
                        -0.005634755691334046,
                        0.04153780748841977,
                        -0.0014797223454285316,
                        0.002082057932283461,
                        0.032727216397215375
                    ],
                    [
                        0.04055592300751649,
                        0.0239630328629818,
                        -0.0014797223454285316,
                        0.08507843363787553,
                        -0.030247533750322426,
                        0.0028530106333846247
                    ],
                    [
                        0.01088959634051865,
                        0.0476675192702938,
                        0.002082057932283461,
                        -0.030247533750322426,
                        0.1296427813796688,
                        0.00944071870209226
                    ],
                    [
                        0.00994436449316929,
                        0.0030481616724153714,
                        0.032727216397215375,
                        0.0028530106333846247,
                        0.00944071870209226,
                        0.037138258535261474
                    ]
                ],
                "sheet_id": 1
            },
            {
                "label": "E11",
                "type": "E",
                "chain_id": "A",
                "start": 0,
                "end": 0,
                "color": "s226",
                "rainbow": "s411",
                "found_in": 109,
                "occurrence": 1.0,
                "start_vector": [
                    47.14614360550459,
                    -26.09086485321101,
                    3.325843917431193
                ],
                "end_vector": [
                    53.404955706422015,
                    -27.150564458715596,
                    -19.986026348623852
                ],
                "variance": 16.69294889674015,
                "covariance": [
                    [
                        0.2593458739024635,
                        0.1420852924884473,
                        -0.8357189916606721,
                        -0.0768124895106539,
                        -0.11834818460791398,
                        0.29974918459553773
                    ],
                    [
                        0.1420852924884473,
                        1.2100240528065895,
                        -2.1631906009793864,
                        0.860894779173831,
                        -0.8238770192881913,
                        -0.8704575808214576
                    ],
                    [
                        -0.8357189916606721,
                        -2.1631906009793864,
                        6.957906902197945,
                        -0.7005182513842576,
                        1.4175260343904061,
                        -1.2212859704606025
                    ],
                    [
                        -0.0768124895106539,
                        0.860894779173831,
                        -0.7005182513842576,
                        1.094011714092747,
                        -0.7674912168805806,
                        -2.103977639128242
                    ],
                    [
                        -0.11834818460791398,
                        -0.8238770192881913,
                        1.4175260343904061,
                        -0.7674912168805806,
                        0.7791612786846579,
                        1.3904404019955245
                    ],
                    [
                        0.29974918459553773,
                        -0.8704575808214576,
                        -1.2212859704606025,
                        -2.103977639128242,
                        1.3904404019955245,
                        6.3924990750557455
                    ]
                ],
                "sheet_id": 1
            },
            {
                "label": "E12",
                "type": "E",
                "chain_id": "A",
                "start": 0,
                "end": 0,
                "color": "s519",
                "rainbow": "s431",
                "found_in": 4,
                "occurrence": 0.03669724770642202,
                "start_vector": [
                    51.948005,
                    -28.28125225,
                    -15.8994265
                ],
                "end_vector": [
                    53.988966999999995,
                    -30.5209225,
                    -20.72580475
                ],
                "variance": 5.107842590374504,
                "covariance": [
                    [
                        0.049260235945999764,
                        -0.1186926768936666,
                        -0.2369691385456667,
                        -0.035738199549666595,
                        -0.010364880328666235,
                        -0.01156969637966579
                    ],
                    [
                        -0.1186926768936666,
                        0.5404127389049161,
                        1.0045048443044995,
                        0.36212940599966637,
                        -0.18381807472016734,
                        -0.42585282739725216
                    ],
                    [
                        -0.2369691385456667,
                        1.0045048443044995,
                        1.8794360867203341,
                        0.634436006398999,
                        -0.293966115670334,
                        -0.6889275478331692
                    ],
                    [
                        -0.035738199549666595,
                        0.36212940599966637,
                        0.634436006398999,
                        0.40484816407933427,
                        -0.34057517877733434,
                        -0.7744323354223362
                    ],
                    [
                        -0.010364880328666235,
                        -0.18381807472016734,
                        -0.293966115670334,
                        -0.34057517877733434,
                        0.3595226103556666,
                        0.8193292140635007
                    ],
                    [
                        -0.01156969637966579,
                        -0.42585282739725216,
                        -0.6889275478331692,
                        -0.7744323354223362,
                        0.8193292140635007,
                        1.874362754368253
                    ]
                ],
                "sheet_id": 1
            },
            {
                "label": "E13",
                "type": "E",
                "chain_id": "A",
                "start": 0,
                "end": 0,
                "color": "s813",
                "rainbow": "s432",
                "found_in": 1,
                "occurrence": 0.009174311926605505,
                "start_vector": [
                    54.224787,
                    -35.486263,
                    -20.141693
                ],
                "end_vector": [
                    54.2298,
                    -30.966459,
                    -12.209142
                ],
                "variance": 0.0,
                "covariance": [
                    [
                        0.0,
                        0.0,
                        0.0,
                        0.0,
                        0.0,
                        0.0
                    ],
                    [
                        0.0,
                        0.0,
                        0.0,
                        0.0,
                        0.0,
                        0.0
                    ],
                    [
                        0.0,
                        0.0,
                        0.0,
                        0.0,
                        0.0,
                        0.0
                    ],
                    [
                        0.0,
                        0.0,
                        0.0,
                        0.0,
                        0.0,
                        0.0
                    ],
                    [
                        0.0,
                        0.0,
                        0.0,
                        0.0,
                        0.0,
                        0.0
                    ],
                    [
                        0.0,
                        0.0,
                        0.0,
                        0.0,
                        0.0,
                        0.0
                    ]
                ],
                "sheet_id": 1
            },
            {
                "label": "E14",
                "type": "E",
                "chain_id": "A",
                "start": 0,
                "end": 0,
                "color": "s106",
                "rainbow": "s452",
                "found_in": 109,
                "occurrence": 1.0,
                "start_vector": [
                    52.416136137614686,
                    -29.252729678899083,
                    -19.443187880733944
                ],
                "end_vector": [
                    53.77499981651376,
                    -31.372350577981642,
                    13.931833688073393
                ],
                "variance": 10.129752694029154,
                "covariance": [
                    [
                        0.2071452147451015,
                        -0.3990482693314061,
                        -0.14094148088961858,
                        -0.10585013585402092,
                        0.412369609059053,
                        -0.9561090975217441
                    ],
                    [
                        -0.3990482693314061,
                        1.1509498092436825,
                        0.48714508053966477,
                        0.18357714764111546,
                        -1.08222040745885,
                        2.6195141950467375
                    ],
                    [
                        -0.14094148088961858,
                        0.48714508053966477,
                        0.9529801383280685,
                        0.07442548240729999,
                        -0.4348122305185414,
                        0.5936696023013894
                    ],
                    [
                        -0.10585013585402092,
                        0.18357714764111546,
                        0.07442548240729999,
                        0.12510584460739207,
                        -0.1981803904137742,
                        0.4187921165614988
                    ],
                    [
                        0.412369609059053,
                        -1.08222040745885,
                        -0.4348122305185414,
                        -0.1981803904137742,
                        1.0992682260533753,
                        -2.444372738689449
                    ],
                    [
                        -0.9561090975217441,
                        2.6195141950467375,
                        0.5936696023013894,
                        0.4187921165614988,
                        -2.444372738689449,
                        6.594303461051536
                    ]
                ],
                "sheet_id": 1
            },
            {
                "label": "E15",
                "type": "E",
                "chain_id": "A",
                "start": 0,
                "end": 0,
                "color": "s399",
                "rainbow": "s472",
                "found_in": 3,
                "occurrence": 0.027522935779816515,
                "start_vector": [
                    51.281115,
                    -27.312078666666665,
                    4.981009666666666
                ],
                "end_vector": [
                    53.97223733333334,
                    -34.976410666666666,
                    13.253913333333331
                ],
                "variance": 0.027015351336667097,
                "covariance": [
                    [
                        0.0009571905210000859,
                        -0.002786280843500099,
                        0.0021168283985001034,
                        -0.0005006320670000546,
                        -0.0009557453615000653,
                        -0.0007552236890000375
                    ],
                    [
                        -0.002786280843500099,
                        0.012231635096333284,
                        -0.004121103662833306,
                        -0.0008707841711665472,
                        0.007317700142333596,
                        0.0024510065558333675
                    ],
                    [
                        0.0021168283985001034,
                        -0.004121103662833306,
                        0.005691959062333343,
                        -0.0022600150458333594,
                        0.00013242018516666071,
                        -0.0015450755028333296
                    ],
                    [
                        -0.0005006320670000546,
                        -0.0008707841711665472,
                        -0.0022600150458333594,
                        0.0015770155703332905,
                        -0.0020623890211666435,
                        0.0002522832443333415
                    ],
                    [
                        -0.0009557453615000653,
                        0.007317700142333596,
                        0.00013242018516666071,
                        -0.0020623890211666435,
                        0.0059461925643337485,
                        0.00103212682183341
                    ],
                    [
                        -0.0007552236890000375,
                        0.0024510065558333675,
                        -0.0015450755028333296,
                        0.0002522832443333415,
                        0.00103212682183341,
                        0.0006113585223333441
                    ]
                ],
                "sheet_id": 1
            },
            {
                "label": "H16",
                "type": "H",
                "chain_id": "A",
                "start": 0,
                "end": 0,
                "color": "s693",
                "rainbow": "s475",
                "found_in": 11,
                "occurrence": 0.10091743119266056,
                "start_vector": [
                    70.53255936363637,
                    -36.653012363636364,
                    27.268306
                ],
                "end_vector": [
                    70.7910180909091,
                    -34.363412545454544,
                    23.940927454545456
                ],
                "variance": 0.218170664697545,
                "covariance": [
                    [
                        0.036037354615454785,
                        -0.01518844298065447,
                        -0.019450581936600143,
                        0.05018244234836362,
                        -0.004273295269481553,
                        -0.020533760000882095
                    ],
                    [
                        -0.01518844298065447,
                        0.04427837090905458,
                        0.00500253410689995,
                        -0.024359541096663103,
                        0.0340652705606815,
                        -0.0007233469815179708
                    ],
                    [
                        -0.019450581936600143,
                        0.00500253410689995,
                        0.01520776577060001,
                        -0.027049508571400073,
                        0.001889993536399974,
                        0.013344269037800047
                    ],
                    [
                        0.05018244234836362,
                        -0.024359541096663103,
                        -0.027049508571400073,
                        0.07310570055969061,
                        -0.009529504641844771,
                        -0.026484231261345748
                    ],
                    [
                        -0.004273295269481553,
                        0.0340652705606815,
                        0.001889993536399974,
                        -0.009529504641844771,
                        0.03069723739447232,
                        -0.005621695988827142
                    ],
                    [
                        -0.020533760000882095,
                        -0.0007233469815179708,
                        0.013344269037800047,
                        -0.026484231261345748,
                        -0.005621695988827142,
                        0.01884423544827271
                    ]
                ]
            },
            {
                "label": "E17",
                "type": "E",
                "chain_id": "A",
                "start": 0,
                "end": 0,
                "color": "s986",
                "rainbow": "s496",
                "found_in": 109,
                "occurrence": 1.0,
                "start_vector": [
                    70.4288339266055,
                    -34.86639376146789,
                    18.964932412844036
                ],
                "end_vector": [
                    48.712687183486246,
                    -44.14607890825688,
                    -4.064418541284404
                ],
                "variance": 24.620317745962346,
                "covariance": [
                    [
                        0.1184410461883656,
                        -0.09600251539221435,
                        -0.005302075213867461,
                        0.5359166288820534,
                        0.33547126024291585,
                        0.6301902379517786
                    ],
                    [
                        -0.09600251539221435,
                        0.43203499257801653,
                        -0.09929157360377548,
                        -1.721731289966775,
                        -1.0890484628574573,
                        -1.8857132225353503
                    ],
                    [
                        -0.005302075213867461,
                        -0.09929157360377548,
                        0.05048193852007802,
                        0.4720968944190625,
                        0.27684772239730454,
                        0.4824576125584389
                    ],
                    [
                        0.5359166288820534,
                        -1.721731289966775,
                        0.4720968944190625,
                        9.535532347149298,
                        5.604515064609008,
                        10.254193429500006
                    ],
                    [
                        0.33547126024291585,
                        -1.0890484628574573,
                        0.27684772239730454,
                        5.604515064609008,
                        3.370431492399084,
                        6.075215311640622
                    ],
                    [
                        0.6301902379517786,
                        -1.8857132225353503,
                        0.4824576125584389,
                        10.254193429500006,
                        6.075215311640622,
                        11.1133959291275
                    ]
                ],
                "sheet_id": 2
            },
            {
                "label": "E18",
                "type": "E",
                "chain_id": "A",
                "start": 0,
                "end": 0,
                "color": "s279",
                "rainbow": "s518",
                "found_in": 10,
                "occurrence": 0.09174311926605505,
                "start_vector": [
                    53.270594300000006,
                    -41.8184686,
                    1.1257300000000001
                ],
                "end_vector": [
                    50.1292379,
                    -44.4207014,
                    -2.4431317000000004
                ],
                "variance": 13.592795755022207,
                "covariance": [
                    [
                        0.7317075011929002,
                        0.528200221485866,
                        0.42405398321255544,
                        -1.0146891474055235,
                        -1.047259654621533,
                        -1.0372124536353229
                    ],
                    [
                        0.528200221485866,
                        0.39490187750159894,
                        0.32654576634388843,
                        -0.6421649029235104,
                        -0.6728896046382652,
                        -0.6629566950081324
                    ],
                    [
                        0.42405398321255544,
                        0.32654576634388843,
                        0.36472630400733325,
                        -0.04377423919611144,
                        -0.10106655498266631,
                        -0.04680050431188892
                    ],
                    [
                        -1.0146891474055235,
                        -0.6421649029235104,
                        -0.04377423919611144,
                        4.057343253664767,
                        3.941985027825176,
                        4.120472159328033
                    ],
                    [
                        -1.047259654621533,
                        -0.6728896046382652,
                        -0.10106655498266631,
                        3.941985027825176,
                        3.8507835400080412,
                        4.005329242552687
                    ],
                    [
                        -1.0372124536353229,
                        -0.6629566950081324,
                        -0.04680050431188892,
                        4.120472159328033,
                        4.005329242552687,
                        4.193333278647566
                    ]
                ],
                "sheet_id": 2
            },
            {
                "label": "E19",
                "type": "E",
                "chain_id": "A",
                "start": 0,
                "end": 0,
                "color": "s573",
                "rainbow": "s522",
                "found_in": 16,
                "occurrence": 0.14678899082568808,
                "start_vector": [
                    47.522607625,
                    -46.3941438125,
                    -5.430183187499999
                ],
                "end_vector": [
                    45.992633437500004,
                    -47.934898625,
                    -7.2094479375
                ],
                "variance": 26.370386241852746,
                "covariance": [
                    [
                        4.132202432663582,
                        3.7017301327882075,
                        5.58999344811779,
                        2.7243922877460403,
                        2.243239933034416,
                        4.002344689284958
                    ],
                    [
                        3.7017301327882075,
                        3.469193591312563,
                        5.314765626181104,
                        2.717101809726978,
                        2.3068054306027914,
                        4.042061043037521
                    ],
                    [
                        5.58999344811779,
                        5.314765626181104,
                        8.313717768522562,
                        4.402274199328019,
                        3.6863073728698743,
                        6.606639877104812
                    ],
                    [
                        2.7243922877460403,
                        2.717101809726978,
                        4.402274199328019,
                        2.679923134555728,
                        2.213814070902291,
                        3.807092053353437
                    ],
                    [
                        2.243239933034416,
                        2.3068054306027914,
                        3.6863073728698743,
                        2.213814070902291,
                        1.9263130540302498,
                        3.162538910778708
                    ],
                    [
                        4.002344689284958,
                        4.042061043037521,
                        6.606639877104812,
                        3.807092053353437,
                        3.162538910778708,
                        5.849036260768062
                    ]
                ],
                "sheet_id": 3
            },
            {
                "label": "E20",
                "type": "E",
                "chain_id": "A",
                "start": 0,
                "end": 0,
                "color": "s866",
                "rainbow": "s527",
                "found_in": 8,
                "occurrence": 0.07339449541284404,
                "start_vector": [
                    46.1755,
                    -49.458124999999995,
                    -12.62125
                ],
                "end_vector": [
                    48.326750000000004,
                    -49.268375,
                    -11.434750000000001
                ],
                "variance": 0.33166475000000006,
                "covariance": [
                    [
                        0.07473914285714292,
                        -0.0066033571428570645,
                        -0.0053468571428569095,
                        0.06648185714285709,
                        -0.02834707142857161,
                        -0.03330257142857138
                    ],
                    [
                        -0.0066033571428570645,
                        0.03834412500000009,
                        0.025098964285714485,
                        -0.009611607142856875,
                        0.03567437499999989,
                        0.02793274999999994
                    ],
                    [
                        -0.0053468571428569095,
                        0.025098964285714485,
                        0.0536850714285715,
                        -0.007881928571428233,
                        0.02281217857142845,
                        0.04843564285714289
                    ],
                    [
                        0.06648185714285709,
                        -0.009611607142856875,
                        -0.007881928571428233,
                        0.06028792857142831,
                        -0.02891339285714275,
                        -0.03473007142857106
                    ],
                    [
                        -0.02834707142857161,
                        0.03567437499999989,
                        0.02281217857142845,
                        -0.02891339285714275,
                        0.04206083928571439,
                        0.03538010714285711
                    ],
                    [
                        -0.03330257142857138,
                        0.02793274999999994,
                        0.04843564285714289,
                        -0.03473007142857106,
                        0.03538010714285711,
                        0.06254764285714288
                    ]
                ],
                "sheet_id": 3
            },
            {
                "label": "E21",
                "type": "E",
                "chain_id": "A",
                "start": 0,
                "end": 0,
                "color": "s159",
                "rainbow": "s548",
                "found_in": 109,
                "occurrence": 1.0,
                "start_vector": [
                    51.585724917431186,
                    -48.33323879816514,
                    -8.554725431192661
                ],
                "end_vector": [
                    63.715669256880716,
                    -38.64295017431193,
                    -5.713187366972479
                ],
                "variance": 2.0508289244784303,
                "covariance": [
                    [
                        0.577903085191262,
                        0.2715269874154708,
                        -0.09055823265787864,
                        0.27172801354205894,
                        0.578948295788199,
                        0.37289818853752515
                    ],
                    [
                        0.2715269874154708,
                        0.19230350063642204,
                        -0.027041873366180722,
                        0.13395435164509606,
                        0.2948086098437952,
                        0.2036886405475193
                    ],
                    [
                        -0.09055823265787864,
                        -0.027041873366180722,
                        0.06874473410589572,
                        -0.05611294042406419,
                        -0.1221616402112518,
                        -0.09953024003804858
                    ],
                    [
                        0.27172801354205894,
                        0.13395435164509606,
                        -0.05611294042406419,
                        0.17233240538732267,
                        0.327250440376073,
                        0.20876698209203967
                    ],
                    [
                        0.578948295788199,
                        0.2948086098437952,
                        -0.1221616402112518,
                        0.327250440376073,
                        0.6924234985416826,
                        0.4586828525667597
                    ],
                    [
                        0.37289818853752515,
                        0.2036886405475193,
                        -0.09953024003804858,
                        0.20876698209203967,
                        0.4586828525667597,
                        0.3471217006158453
                    ]
                ],
                "sheet_id": 1
            },
            {
                "label": "H22",
                "type": "H",
                "chain_id": "A",
                "start": 0,
                "end": 0,
                "color": "s453",
                "rainbow": "s585",
                "found_in": 98,
                "occurrence": 0.8990825688073395,
                "start_vector": [
                    65.81410658163266,
                    -34.90877942857143,
                    -7.962347306122449
                ],
                "end_vector": [
                    65.7318593367347,
                    -31.187239295918367,
                    -4.539184887755102
                ],
                "variance": 0.6373579643505645,
                "covariance": [
                    [
                        0.018878359798720205,
                        -0.0002488272531605629,
                        -0.00026717355331507756,
                        0.0017679091340908767,
                        0.01229927501816373,
                        0.007573338053202168
                    ],
                    [
                        -0.0002488272531605629,
                        0.038523661170144316,
                        -0.003089477143782038,
                        -0.023319503401029607,
                        0.051580534661686404,
                        0.06272754663617251
                    ],
                    [
                        -0.00026717355331507756,
                        -0.003089477143782038,
                        0.031037784394111496,
                        -0.007135317878287501,
                        0.0038502674386713346,
                        0.022279716921684154
                    ],
                    [
                        0.0017679091340908767,
                        -0.023319503401029607,
                        -0.007135317878287501,
                        0.052308110347730884,
                        -0.06049784467275532,
                        -0.060220674239131154
                    ],
                    [
                        0.01229927501816373,
                        0.051580534661686404,
                        0.0038502674386713346,
                        -0.06049784467275532,
                        0.15549425295963326,
                        0.18500421461990985
                    ],
                    [
                        0.007573338053202168,
                        0.06272754663617251,
                        0.022279716921684154,
                        -0.060220674239131154,
                        0.18500421461990985,
                        0.34111579568022427
                    ]
                ]
            },
            {
                "label": "E23",
                "type": "E",
                "chain_id": "A",
                "start": 0,
                "end": 0,
                "color": "s746",
                "rainbow": "s620",
                "found_in": 96,
                "occurrence": 0.8807339449541285,
                "start_vector": [
                    65.67222967708334,
                    -30.164118958333336,
                    -0.9397132708333333
                ],
                "end_vector": [
                    65.75338558333333,
                    -25.360776968750002,
                    2.2339778333333333
                ],
                "variance": 1.0335578166827513,
                "covariance": [
                    [
                        0.06985582316373679,
                        0.08348991074579243,
                        0.10699902557844834,
                        0.040196330465685305,
                        -0.006802671199326701,
                        -0.0009974147609174663
                    ],
                    [
                        0.08348991074579243,
                        0.4022164487284825,
                        0.4053757387221691,
                        0.06851684130888072,
                        0.013285363463346113,
                        0.022848081709196465
                    ],
                    [
                        0.10699902557844834,
                        0.4053757387221691,
                        0.46849274278424163,
                        0.09744988314734908,
                        -0.009933333722991418,
                        0.03238098383484912
                    ],
                    [
                        0.040196330465685305,
                        0.06851684130888072,
                        0.09744988314734908,
                        0.051046214800961366,
                        -0.01707854709324998,
                        0.0019933358057613827
                    ],
                    [
                        -0.006802671199326701,
                        0.013285363463346113,
                        -0.009933333722991418,
                        -0.01707854709324998,
                        0.0278424414015464,
                        -0.0054212850046368435
                    ],
                    [
                        -0.0009974147609174663,
                        0.022848081709196465,
                        0.03238098383484912,
                        0.0019933358057613827,
                        -0.0054212850046368435,
                        0.014104145803782463
                    ]
                ],
                "sheet_id": 1
            },
            {
                "label": "E24",
                "type": "E",
                "chain_id": "A",
                "start": 0,
                "end": 0,
                "color": "s039",
                "rainbow": "s648",
                "found_in": 55,
                "occurrence": 0.5045871559633027,
                "start_vector": [
                    65.26346956363636,
                    -24.399600054545452,
                    13.524159745454545
                ],
                "end_vector": [
                    64.90750607272727,
                    -24.654884145454545,
                    15.888644272727271
                ],
                "variance": 0.714870335502116,
                "covariance": [
                    [
                        0.25089352820973265,
                        -0.09860599517535766,
                        -0.254374821080558,
                        -0.03749675216574513,
                        -0.043606355496064605,
                        -0.05661622947550833
                    ],
                    [
                        -0.09860599517535766,
                        0.05571586830386741,
                        0.09173152964298593,
                        0.007019331248448354,
                        0.02819459811910301,
                        0.016873842085700304
                    ],
                    [
                        -0.254374821080558,
                        0.09173152964298593,
                        0.2888267800420821,
                        0.06329637820683308,
                        0.043096163379517834,
                        0.07989893193203361
                    ],
                    [
                        -0.03749675216574513,
                        0.007019331248448354,
                        0.06329637820683308,
                        0.042115232472734916,
                        0.010205663362084704,
                        0.020505629483387047
                    ],
                    [
                        -0.043606355496064605,
                        0.02819459811910301,
                        0.043096163379517834,
                        0.010205663362084704,
                        0.03218531778071914,
                        0.016351420602114478
                    ],
                    [
                        -0.05661622947550833,
                        0.016873842085700304,
                        0.07989893193203361,
                        0.020505629483387047,
                        0.016351420602114478,
                        0.045133608692979776
                    ]
                ],
                "sheet_id": 2
            },
            {
                "label": "E25",
                "type": "E",
                "chain_id": "A",
                "start": 0,
                "end": 0,
                "color": "s333",
                "rainbow": "s677",
                "found_in": 109,
                "occurrence": 1.0,
                "start_vector": [
                    73.6020388348624,
                    -27.035979899082573,
                    12.26356266972477
                ],
                "end_vector": [
                    55.16741546788991,
                    -52.87193205504586,
                    -4.266538733944954
                ],
                "variance": 50.91554963074184,
                "covariance": [
                    [
                        1.346368074741178,
                        -0.4342073843769837,
                        -1.755973090293853,
                        -5.14091017362987,
                        -5.33464009688918,
                        -2.0715950473651312
                    ],
                    [
                        -0.4342073843769837,
                        0.40259515598977674,
                        0.5902416244720337,
                        1.7001350014123422,
                        1.377998255446626,
                        0.2126562448038432
                    ],
                    [
                        -1.755973090293853,
                        0.5902416244720337,
                        2.4223095562666486,
                        6.790092909096374,
                        7.131489338391308,
                        2.6579549194429504
                    ],
                    [
                        -5.14091017362987,
                        1.7001350014123422,
                        6.790092909096374,
                        19.95933978268449,
                        20.63160527687629,
                        8.01829337972154
                    ],
                    [
                        -5.33464009688918,
                        1.377998255446626,
                        7.131489338391308,
                        20.63160527687629,
                        22.309847050681057,
                        9.110169549894458
                    ],
                    [
                        -2.0715950473651312,
                        0.2126562448038432,
                        2.6579549194429504,
                        8.01829337972154,
                        9.110169549894458,
                        4.475090010378695
                    ]
                ],
                "sheet_id": 2
            },
            {
                "label": "E26",
                "type": "E",
                "chain_id": "A",
                "start": 0,
                "end": 0,
                "color": "s626",
                "rainbow": "s699",
                "found_in": 10,
                "occurrence": 0.09174311926605505,
                "start_vector": [
                    58.15319700000001,
                    -50.5801898,
                    -0.49732460000000006
                ],
                "end_vector": [
                    51.2463341,
                    -53.6480278,
                    1.2702106
                ],
                "variance": 41.925116547729665,
                "covariance": [
                    [
                        11.21478353791,
                        8.237155217681664,
                        -2.2396413382951104,
                        3.463060785210891,
                        -0.3592305221899977,
                        -0.6022381504952221
                    ],
                    [
                        8.237155217681664,
                        6.723165499080175,
                        -2.2494943637408653,
                        2.6217835130053158,
                        -0.19489848154470818,
                        -1.1597453804055773
                    ],
                    [
                        -2.2396413382951104,
                        -2.2494943637408653,
                        1.6950651559571555,
                        2.4577654213312887,
                        1.4051677083016885,
                        0.8568656962530667
                    ],
                    [
                        3.463060785210891,
                        2.6217835130053158,
                        2.4577654213312887,
                        18.169120852712545,
                        5.972023436521756,
                        0.10477348843648894
                    ],
                    [
                        -0.3592305221899977,
                        -0.19489848154470818,
                        1.4051677083016885,
                        5.972023436521756,
                        3.1739157266110705,
                        0.024397359116532284
                    ],
                    [
                        -0.6022381504952221,
                        -1.1597453804055773,
                        0.8568656962530667,
                        0.10477348843648894,
                        0.024397359116532284,
                        0.9490657754587111
                    ]
                ],
                "sheet_id": 2
            },
            {
                "label": "E27",
                "type": "E",
                "chain_id": "A",
                "start": 0,
                "end": 0,
                "color": "s919",
                "rainbow": "s701",
                "found_in": 1,
                "occurrence": 0.009174311926605505,
                "start_vector": [
                    51.006,
                    -50.361,
                    -2.401
                ],
                "end_vector": [
                    52.829,
                    -48.702,
                    -2.256
                ],
                "variance": 0.0,
                "covariance": [
                    [
                        0.0,
                        0.0,
                        0.0,
                        0.0,
                        0.0,
                        0.0
                    ],
                    [
                        0.0,
                        0.0,
                        0.0,
                        0.0,
                        0.0,
                        0.0
                    ],
                    [
                        0.0,
                        0.0,
                        0.0,
                        0.0,
                        0.0,
                        0.0
                    ],
                    [
                        0.0,
                        0.0,
                        0.0,
                        0.0,
                        0.0,
                        0.0
                    ],
                    [
                        0.0,
                        0.0,
                        0.0,
                        0.0,
                        0.0,
                        0.0
                    ],
                    [
                        0.0,
                        0.0,
                        0.0,
                        0.0,
                        0.0,
                        0.0
                    ]
                ],
                "sheet_id": 3
            },
            {
                "label": "E28",
                "type": "E",
                "chain_id": "A",
                "start": 0,
                "end": 0,
                "color": "s213",
                "rainbow": "s702",
                "found_in": 3,
                "occurrence": 0.027522935779816515,
                "start_vector": [
                    55.57066666666666,
                    -48.68066666666667,
                    -1.7043333333333333
                ],
                "end_vector": [
                    56.55766666666667,
                    -46.729000000000006,
                    -0.7296666666666667
                ],
                "variance": 9.22253966666667,
                "covariance": [
                    [
                        0.0347923333333334,
                        0.3803301666666672,
                        0.17643033333333347,
                        0.15334533333333308,
                        0.31090100000000076,
                        0.1526956666666668
                    ],
                    [
                        0.3803301666666672,
                        4.162630333333333,
                        1.9268756666666667,
                        1.677042166666662,
                        3.4037780000000035,
                        1.6680823333333337
                    ],
                    [
                        0.17643033333333347,
                        1.9268756666666667,
                        0.8952813333333334,
                        0.7773443333333313,
                        1.5747660000000017,
                        0.7746946666666666
                    ],
                    [
                        0.15334533333333308,
                        1.677042166666662,
                        0.7773443333333313,
                        0.6759743333333296,
                        1.3710529999999972,
                        0.6728336666666649
                    ],
                    [
                        0.31090100000000076,
                        3.4037780000000035,
                        1.5747660000000017,
                        1.3710529999999972,
                        2.7834760000000056,
                        1.3633500000000014
                    ],
                    [
                        0.1526956666666668,
                        1.6680823333333337,
                        0.7746946666666666,
                        0.6728336666666649,
                        1.3633500000000014,
                        0.6703853333333334
                    ]
                ],
                "sheet_id": 2
            },
            {
                "label": "E29",
                "type": "E",
                "chain_id": "A",
                "start": 0,
                "end": 0,
                "color": "s506",
                "rainbow": "s722",
                "found_in": 109,
                "occurrence": 1.0,
                "start_vector": [
                    49.63036403669724,
                    -52.007666311926606,
                    -6.071121798165138
                ],
                "end_vector": [
                    73.24635573394495,
                    -28.59759903669725,
                    17.322338165137612
                ],
                "variance": 12.00753127051671,
                "covariance": [
                    [
                        5.205111849499889,
                        4.499849766871707,
                        2.938378651974216,
                        -0.5466537101519896,
                        -0.5300115759431745,
                        1.1212083576254288
                    ],
                    [
                        4.499849766871707,
                        4.0894564266696785,
                        2.705839545745565,
                        -0.4896414698134808,
                        -0.5497496575638819,
                        0.9892016895607549
                    ],
                    [
                        2.938378651974216,
                        2.705839545745565,
                        2.0767755574241242,
                        -0.2838654926995471,
                        -0.3415726165047886,
                        0.5486215428302903
                    ],
                    [
                        -0.5466537101519896,
                        -0.4896414698134808,
                        -0.2838654926995471,
                        0.09860783060580805,
                        0.09090889493043447,
                        -0.1223196250755665
                    ],
                    [
                        -0.5300115759431745,
                        -0.5497496575638819,
                        -0.3415726165047886,
                        0.09090889493043447,
                        0.19494806856620225,
                        -0.1067532945101883
                    ],
                    [
                        1.1212083576254288,
                        0.9892016895607549,
                        0.5486215428302903,
                        -0.1223196250755665,
                        -0.1067532945101883,
                        0.34263153775100935
                    ]
                ],
                "sheet_id": 2
            },
            {
                "label": "H30",
                "type": "H",
                "chain_id": "A",
                "start": 0,
                "end": 0,
                "color": "s799",
                "rainbow": "s761",
                "found_in": 108,
                "occurrence": 0.9908256880733946,
                "start_vector": [
                    71.26616677777778,
                    -25.357961527777775,
                    25.46353305555555
                ],
                "end_vector": [
                    78.58883635185185,
                    -30.645079722222224,
                    59.75950000000001
                ],
                "variance": 2.1367640541828563,
                "covariance": [
                    [
                        0.18449548074215621,
                        0.12029408182405,
                        0.07830572543442445,
                        -0.06310897471871534,
                        -0.08173487394866687,
                        0.07464425385116824
                    ],
                    [
                        0.12029408182405,
                        0.24741180338890564,
                        0.13519332915035676,
                        0.051918290465626675,
                        -0.13966717103675866,
                        0.033333501825457856
                    ],
                    [
                        0.07830572543442445,
                        0.13519332915035676,
                        1.1737215280889128,
                        0.17289901356108262,
                        -0.22092239986406245,
                        -0.009743475119065214
                    ],
                    [
                        -0.06310897471871534,
                        0.051918290465626675,
                        0.17289901356108262,
                        0.14351975247234217,
                        -0.03576095491566866,
                        0.002358911839355137
                    ],
                    [
                        -0.08173487394866687,
                        -0.13966717103675866,
                        -0.22092239986406245,
                        -0.03576095491566866,
                        0.1228621836759596,
                        -0.048343075471850495
                    ],
                    [
                        0.07464425385116824,
                        0.033333501825457856,
                        -0.009743475119065214,
                        0.002358911839355137,
                        -0.048343075471850495,
                        0.26475330581457973
                    ]
                ]
            },
            {
                "label": "H31",
                "type": "H",
                "chain_id": "A",
                "start": 0,
                "end": 0,
                "color": "s092",
                "rainbow": "s800",
                "found_in": 108,
                "occurrence": 0.9908256880733946,
                "start_vector": [
                    73.33364725925925,
                    -29.44049902777778,
                    64.66515417592592
                ],
                "end_vector": [
                    59.04029869444445,
                    -30.896843138888894,
                    30.798126527777775
                ],
                "variance": 15.276527293790968,
                "covariance": [
                    [
                        0.08766286401817479,
                        -0.052826719795964976,
                        -0.025624452681083328,
                        -0.0015054985580879577,
                        0.08471577831655129,
                        0.15067609270161011
                    ],
                    [
                        -0.052826719795964976,
                        1.0156147307100272,
                        -0.40956532533387374,
                        -1.01080575894628,
                        -2.1873667194737316,
                        -2.6847141379714965
                    ],
                    [
                        -0.025624452681083328,
                        -0.40956532533387374,
                        0.29227814695379095,
                        0.484514668380167,
                        0.8899575299945013,
                        1.1643259608999255
                    ],
                    [
                        -0.0015054985580879577,
                        -1.01080575894628,
                        0.484514668380167,
                        1.1446567274594113,
                        2.35126754963806,
                        2.854653192370472
                    ],
                    [
                        0.08471577831655129,
                        -2.1873667194737316,
                        0.8899575299945013,
                        2.35126754963806,
                        5.1661923235338945,
                        6.018307485306326
                    ],
                    [
                        0.15067609270161011,
                        -2.6847141379714965,
                        1.1643259608999255,
                        2.854653192370472,
                        6.018307485306326,
                        7.570122501115669
                    ]
                ]
            },
            {
                "label": "H32",
                "type": "H",
                "chain_id": "A",
                "start": 0,
                "end": 0,
                "color": "s386",
                "rainbow": "s821",
                "found_in": 5,
                "occurrence": 0.045871559633027525,
                "start_vector": [
                    61.5370284,
                    -27.095864,
                    34.498335399999995
                ],
                "end_vector": [
                    62.048732199999996,
                    -30.844337200000002,
                    30.345525400000003
                ],
                "variance": 1.4679241661477977,
                "covariance": [
                    [
                        0.024885887082799492,
                        0.015026084426249676,
                        0.006333718971049979,
                        0.034182686265649236,
                        0.08295827044059964,
                        0.07451601210554967
                    ],
                    [
                        0.015026084426249676,
                        0.01848923525449988,
                        -0.0032851524685000126,
                        0.030543429689249474,
                        0.0030836086259994067,
                        -0.0046005167225006555
                    ],
                    [
                        0.006333718971049979,
                        -0.0032851524685000126,
                        0.0181115134888003,
                        -0.020086322985100363,
                        0.06254677007310015,
                        0.032233245162549946
                    ],
                    [
                        0.034182686265649236,
                        0.030543429689249474,
                        -0.020086322985100363,
                        0.09829532010769906,
                        0.04922256185330016,
                        0.09200857118415004
                    ],
                    [
                        0.08295827044059964,
                        0.0030836086259994067,
                        0.06254677007310015,
                        0.04922256185330016,
                        0.6260703779411989,
                        0.6104407265020999
                    ],
                    [
                        0.07451601210554967,
                        -0.0046005167225006555,
                        0.032233245162549946,
                        0.09200857118415004,
                        0.6104407265020999,
                        0.6820718322728
                    ]
                ]
            },
            {
                "label": "H33",
                "type": "H",
                "chain_id": "A",
                "start": 0,
                "end": 0,
                "color": "s679",
                "rainbow": "s841",
                "found_in": 108,
                "occurrence": 0.9908256880733946,
                "start_vector": [
                    68.23436368518517,
                    -38.97090259259259,
                    30.455401555555554
                ],
                "end_vector": [
                    76.85563965740741,
                    -40.04175403703704,
                    73.18970878703702
                ],
                "variance": 1.2483156245910298,
                "covariance": [
                    [
                        0.0588216475485168,
                        -0.004735093482122759,
                        -0.02904200179634686,
                        -0.05734687797577258,
                        0.010087057507100133,
                        -0.013066768484282641
                    ],
                    [
                        -0.004735093482122759,
                        0.12194318290661744,
                        0.027794213876958428,
                        0.03894896066408438,
                        -0.16601347694218108,
                        -0.0945295403940245
                    ],
                    [
                        -0.02904200179634686,
                        0.027794213876958428,
                        0.03606309207630533,
                        0.023204101886294865,
                        -0.0616572829423904,
                        -0.012382723460572207
                    ],
                    [
                        -0.05734687797577258,
                        0.03894896066408438,
                        0.023204101886294865,
                        0.12663756512153546,
                        -0.03001022862674112,
                        -0.008320769568559502
                    ],
                    [
                        0.010087057507100133,
                        -0.16601347694218108,
                        -0.0616572829423904,
                        -0.03001022862674112,
                        0.3395136770703538,
                        0.052792104231253696
                    ],
                    [
                        -0.013066768484282641,
                        -0.0945295403940245,
                        -0.012382723460572207,
                        -0.008320769568559502,
                        0.052792104231253696,
                        0.565336459867701
                    ]
                ]
            },
            {
                "label": "H34",
                "type": "H",
                "chain_id": "A",
                "start": 0,
                "end": 0,
                "color": "s972",
                "rainbow": "s880",
                "found_in": 108,
                "occurrence": 0.9908256880733946,
                "start_vector": [
                    85.64305096296296,
                    -38.76750575,
                    69.42174324074074
                ],
                "end_vector": [
                    79.14723228703704,
                    -42.20767992592593,
                    25.69832037962963
                ],
                "variance": 2.2825938704958566,
                "covariance": [
                    [
                        0.2191816112317555,
                        -0.09219270016089723,
                        -0.06737075026615917,
                        -0.18906145654964276,
                        -0.00391098412252986,
                        0.14133049505219167
                    ],
                    [
                        -0.09219270016089723,
                        0.3202772963194785,
                        -0.01392501663153744,
                        0.026250363846160873,
                        -0.3767629052195141,
                        -0.08349445018274065
                    ],
                    [
                        -0.06737075026615917,
                        -0.01392501663153744,
                        0.06623381670392293,
                        0.12411172910403283,
                        0.1353234004256359,
                        -0.029637663323615667
                    ],
                    [
                        -0.18906145654964276,
                        0.026250363846160873,
                        0.12411172910403283,
                        0.3744159365079067,
                        0.3943121920336609,
                        -0.07265776140109097
                    ],
                    [
                        -0.00391098412252986,
                        -0.3767629052195141,
                        0.1353234004256359,
                        0.3943121920336609,
                        1.1007348467815272,
                        0.13055266490309297
                    ],
                    [
                        0.14133049505219167,
                        -0.08349445018274065,
                        -0.029637663323615667,
                        -0.07265776140109097,
                        0.13055266490309297,
                        0.20175036295126558
                    ]
                ]
            }
        ],
        "beta_connectivity": [
            [
                "E0",
                "E1",
                -1
            ],
            [
                "E1",
                "E21",
                1
            ],
            [
                "E2",
                "E3",
                -1
            ],
            [
                "E2",
                "E21",
                1
            ],
            [
                "E2",
                "E23",
                1
            ],
            [
                "E3",
                "E14",
                -1
            ],
            [
                "E3",
                "E15",
                -1
            ],
            [
                "E4",
                "E13",
                -1
            ],
            [
                "E7",
                "E11",
                -1
            ],
            [
                "E7",
                "E12",
                -1
            ],
            [
                "E9",
                "E17",
                -1
            ],
            [
                "E9",
                "E18",
                -1
            ],
            [
                "E10",
                "E14",
                -1
            ],
            [
                "E11",
                "E14",
                -1
            ],
            [
                "E12",
                "E13",
                -1
            ],
            [
                "E17",
                "E29",
                -1
            ],
            [
                "E19",
                "E20",
                -1
            ],
            [
                "E19",
                "E27",
                -1
            ],
            [
                "E24",
                "E25",
                -1
            ],
            [
                "E25",
                "E29",
                -1
            ],
            [
                "E26",
                "E28",
                -1
            ],
            [
                "E26",
                "E29",
                -1
            ]
        ]
    }
}