{
    "2xq3": [
        [
            "2xq3A",
            "A",
            "8:317"
        ]
    ],
    "2xq4": [
        [
            "2xq4A",
            "A",
            "8:317"
        ]
    ],
    "2xq5": [
        [
            "2xq5A",
            "A",
            "8:317"
        ]
    ],
    "2xq6": [
        [
            "2xq6A",
            "A",
            "8:317"
        ]
    ],
    "2xq7": [
        [
            "2xq7A",
            "A",
            "8:317"
        ]
    ],
    "2xq8": [
        [
            "2xq8A",
            "A",
            "8:317"
        ]
    ],
    "2xq9": [
        [
            "2xq9A",
            "A",
            "8:317"
        ]
    ],
    "2xqa": [
        [
            "2xqaA",
            "A",
            "8:317"
        ]
    ],
    "3eam": [
        [
            "3eamA",
            "A",
            "5:315"
        ]
    ],
    "3ehz": [
        [
            "3ehzA",
            "A",
            "8:317"
        ]
    ],
    "3ei0": [
        [
            "3ei0A",
            "A",
            "8:317"
        ]
    ],
    "3igq": [
        [
            "3igqA",
            "A",
            "4:115,122:171,180:193"
        ]
    ],
    "3lsv": [
        [
            "3lsvA",
            "A",
            "5:315"
        ]
    ],
    "3p4w": [
        [
            "3p4wA",
            "A",
            "5:315"
        ]
    ],
    "3p50": [
        [
            "3p50A",
            "A",
            "5:315"
        ]
    ],
    "3tls": [
        [
            "3tlsA",
            "A",
            "9:319"
        ]
    ],
    "3tlt": [
        [
            "3tltA",
            "A",
            "9:319"
        ]
    ],
    "3tlu": [
        [
            "3tluA",
            "A",
            "9:319"
        ]
    ],
    "3tlv": [
        [
            "3tlvA",
            "A",
            "9:319"
        ]
    ],
    "3tlw": [
        [
            "3tlwA",
            "A",
            "9:319"
        ]
    ],
    "3uu3": [
        [
            "3uu3A",
            "A",
            "9:32,39:319"
        ]
    ],
    "3uu4": [
        [
            "3uu4A",
            "A",
            "9:319"
        ]
    ],
    "3uu5": [
        [
            "3uu5A",
            "A",
            "9:319"
        ]
    ],
    "3uu6": [
        [
            "3uu6A",
            "A",
            "9:319"
        ]
    ],
    "3uu8": [
        [
            "3uu8A",
            "A",
            "9:319"
        ]
    ],
    "3uub": [
        [
            "3uubA",
            "A",
            "9:319"
        ]
    ],
    "4f8h": [
        [
            "4f8hA",
            "A",
            "5:315"
        ]
    ],
    "4hfb": [
        [
            "4hfbA",
            "A",
            "5:315"
        ]
    ],
    "4hfc": [
        [
            "4hfcA",
            "A",
            "5:315"
        ]
    ],
    "4hfd": [
        [
            "4hfdA",
            "A",
            "5:315"
        ]
    ],
    "4hfe": [
        [
            "4hfeA",
            "A",
            "5:315"
        ]
    ],
    "4hfh": [
        [
            "4hfhA",
            "A",
            "5:315"
        ]
    ],
    "4hfi": [
        [
            "4hfiA",
            "A",
            "5:315"
        ]
    ],
    "4il4": [
        [
            "4il4A",
            "A",
            "5:315"
        ]
    ],
    "4il9": [
        [
            "4il9A",
            "A",
            "9:319"
        ]
    ],
    "4ila": [
        [
            "4ilaA",
            "A",
            "9:319"
        ]
    ],
    "4ilb": [
        [
            "4ilbA",
            "A",
            "9:319"
        ]
    ],
    "4ilc": [
        [
            "4ilcA",
            "A",
            "9:319"
        ]
    ],
    "4ire": [
        [
            "4ireA",
            "A",
            "4:315"
        ]
    ],
    "4lmj": [
        [
            "4lmjA",
            "A",
            "9:318"
        ]
    ],
    "4lmk": [
        [
            "4lmkA",
            "A",
            "9:318"
        ]
    ],
    "4lml": [
        [
            "4lmlA",
            "A",
            "9:318"
        ]
    ],
    "4npp": [
        [
            "4nppA",
            "A",
            "5:315"
        ]
    ],
    "4npq": [
        [
            "4npqA",
            "A",
            "5:315"
        ]
    ],
    "4qh1": [
        [
            "4qh1A",
            "A",
            "4:314"
        ]
    ],
    "4qh4": [
        [
            "4qh4A",
            "A",
            "4:314"
        ]
    ],
    "4qh5": [
        [
            "4qh5A",
            "A",
            "4:314"
        ]
    ],
    "4x5t": [
        [
            "4x5tA",
            "A",
            "4:216,222:316"
        ]
    ],
    "4yeu": [
        [
            "4yeuA",
            "A",
            "1:312"
        ]
    ],
    "4zzb": [
        [
            "4zzbA",
            "A",
            "5:315"
        ]
    ],
    "4zzc": [
        [
            "4zzcA",
            "A",
            "5:315"
        ]
    ],
    "5hcj": [
        [
            "5hcjA",
            "A",
            "5:315"
        ]
    ],
    "5hcm": [
        [
            "5hcmA",
            "A",
            "5:315"
        ]
    ],
    "5heg": [
        [
            "5hegA",
            "A",
            "7:316"
        ]
    ],
    "5heh": [
        [
            "5hehA",
            "A",
            "7:316"
        ]
    ],
    "5iux": [
        [
            "5iuxA",
            "A",
            "5:315"
        ]
    ],
    "5j0z": [
        [
            "5j0zA",
            "A",
            "1:311"
        ]
    ],
    "5l47": [
        [
            "5l47A",
            "A",
            "5:315"
        ]
    ],
    "5l4e": [
        [
            "5l4eA",
            "A",
            "5:315"
        ]
    ],
    "5l4h": [
        [
            "5l4hA",
            "A",
            "5:315"
        ]
    ],
    "5muo": [
        [
            "5muoA",
            "A",
            "9:319"
        ]
    ],
    "5mur": [
        [
            "5murA",
            "A",
            "5:315"
        ]
    ],
    "5mvm": [
        [
            "5mvmA",
            "A",
            "5:315"
        ]
    ],
    "5mvn": [
        [
            "5mvnA",
            "A",
            "5:315"
        ]
    ],
    "5mzq": [
        [
            "5mzqA",
            "A",
            "5:315"
        ]
    ],
    "5mzr": [
        [
            "5mzrA",
            "A",
            "5:315"
        ]
    ],
    "5mzt": [
        [
            "5mztA",
            "A",
            "5:315"
        ]
    ],
    "5njy": [
        [
            "5njyA",
            "A",
            "5:315"
        ]
    ],
    "5nkj": [
        [
            "5nkjA",
            "A",
            "5:315"
        ]
    ],
    "5osa": [
        [
            "5osaA",
            "A",
            "3:315"
        ]
    ],
    "5osb": [
        [
            "5osbA",
            "A",
            "3:315"
        ]
    ],
    "5osc": [
        [
            "5oscA",
            "A",
            "4:315"
        ]
    ],
    "5v6n": [
        [
            "5v6nA",
            "A",
            "1:310"
        ]
    ],
    "5v6o": [
        [
            "5v6oA",
            "A",
            "1:310"
        ]
    ],
    "6emx": [
        [
            "6emxA",
            "A",
            "5:315"
        ]
    ],
    "6f0i": [
        [
            "6f0iA",
            "A",
            "5:315"
        ]
    ],
    "6f0j": [
        [
            "6f0jA",
            "A",
            "5:315"
        ]
    ],
    "6f0m": [
        [
            "6f0mA",
            "A",
            "5:315"
        ]
    ],
    "6f0n": [
        [
            "6f0nA",
            "A",
            "5:315"
        ]
    ],
    "6f0r": [
        [
            "6f0rA",
            "A",
            "5:315"
        ]
    ],
    "6f0u": [
        [
            "6f0uA",
            "A",
            "5:315"
        ]
    ],
    "6f0v": [
        [
            "6f0vA",
            "A",
            "5:315"
        ]
    ],
    "6f0z": [
        [
            "6f0zA",
            "A",
            "5:315"
        ]
    ],
    "6f10": [
        [
            "6f10A",
            "A",
            "5:315"
        ]
    ],
    "6f11": [
        [
            "6f11A",
            "A",
            "5:315"
        ]
    ],
    "6f12": [
        [
            "6f12A",
            "A",
            "5:315"
        ]
    ],
    "6f13": [
        [
            "6f13A",
            "A",
            "5:315"
        ]
    ],
    "6f15": [
        [
            "6f15A",
            "A",
            "5:315"
        ]
    ],
    "6f16": [
        [
            "6f16A",
            "A",
            "5:315"
        ]
    ],
    "6f7a": [
        [
            "6f7aA",
            "A",
            "1:311"
        ]
    ],
    "6hj3": [
        [
            "6hj3A",
            "A",
            "5:315"
        ]
    ],
    "6hja": [
        [
            "6hjaA",
            "A",
            "47:357"
        ]
    ],
    "6hjb": [
        [
            "6hjbA",
            "A",
            "47:357"
        ]
    ],
    "6hji": [
        [
            "6hjiA",
            "A",
            "5:315"
        ]
    ],
    "6hjz": [
        [
            "6hjzA",
            "A",
            "5:315"
        ]
    ],
    "6hpp": [
        [
            "6hppA",
            "A",
            "5:315"
        ]
    ],
    "6hy5": [
        [
            "6hy5A",
            "A",
            "1:311"
        ]
    ],
    "6hy9": [
        [
            "6hy9A",
            "A",
            "5:315"
        ]
    ],
    "6hya": [
        [
            "6hyaA",
            "A",
            "5:315"
        ]
    ],
    "6hyr": [
        [
            "6hyrA",
            "A",
            "1:311"
        ]
    ],
    "6hyv": [
        [
            "6hyvA",
            "A",
            "5:315"
        ]
    ],
    "6hyw": [
        [
            "6hywA",
            "A",
            "5:315"
        ]
    ],
    "6hyx": [
        [
            "6hyxA",
            "A",
            "5:315"
        ]
    ],
    "6hyz": [
        [
            "6hyzA",
            "A",
            "5:315"
        ]
    ],
    "6hz0": [
        [
            "6hz0A",
            "A",
            "5:315"
        ]
    ],
    "6hz1": [
        [
            "6hz1A",
            "A",
            "5:315"
        ]
    ],
    "6hz3": [
        [
            "6hz3A",
            "A",
            "5:315"
        ]
    ],
    "6hzw": [
        [
            "6hzwA",
            "A",
            "5:315"
        ]
    ],
    "6i08": [
        [
            "6i08A",
            "A",
            "5:315"
        ]
    ]
}