{
	"5b1b": {
		"8": {
			"H": {
				"helices": [
					{
						"start": 25,
						"minoraxis": 16.667,
						"stop": 46,
						"majoraxis": 33.333,
						"path": [
							32.381,
							203.571,
							99.048,
							679.762
						]
					},
					{
						"start": 49,
						"minoraxis": 16.667,
						"stop": 64,
						"majoraxis": 33.333,
						"path": [
							175.238,
							465.476,
							241.905,
							394.048
						]
					},
					{
						"start": 65,
						"minoraxis": 16.667,
						"stop": 79,
						"majoraxis": 33.333,
						"path": [
							460.952,
							584.524,
							527.619,
							275.0
						]
					}
				],
				"coils": [
					{
						"start": 7,
						"stop": 24,
						"path": [
							65.714,
							132.143,
							65.714,
							144.048,
							65.714,
							167.857,
							65.714,
							179.762
						]
					},
					{
						"start": 47,
						"stop": 48,
						"path": [
							65.714,
							703.571,
							65.714,
							715.476,
							208.571,
							715.476,
							208.571,
							501.19,
							208.571,
							489.286
						]
					},
					{
						"start": -1,
						"stop": -1,
						"path": [
							208.571,
							370.238,
							208.571,
							358.333,
							208.571,
							286.905,
							351.429,
							286.905,
							351.429,
							298.81
						]
					},
					{
						"start": -1,
						"stop": -1,
						"path": [
							351.429,
							560.714,
							351.429,
							572.619,
							351.429,
							620.238,
							494.286,
							620.238,
							494.286,
							608.333
						]
					},
					{
						"start": 80,
						"stop": 85,
						"path": [
							494.286,
							251.19,
							494.286,
							239.286,
							494.286,
							215.476,
							494.286,
							203.571
						]
					}
				],
				"strands": [],
				"terms": [
					{
						"stop": -1,
						"resnum": "7",
						"path": [
							41.905,
							108.3335,
							65.7145,
							132.143,
							89.524,
							108.3335,
							65.7145,
							84.524
						],
						"type": "N",
						"start": -1
					},
					{
						"stop": -1,
						"resnum": "85",
						"path": [
							518.095,
							155.952,
							518.095,
							203.571,
							470.476,
							203.571,
							470.476,
							155.952
						],
						"type": "C",
						"start": -1
					}
				],
				"extents": [
					41.905,
					84.524,
					-10000000000.0,
					-10000000000.0
				]
			}
		}
	}
}