{
    "1cbs": {
        "1": {
            "A": {
                "helices": [
                    {
                        "start": 25,
                        "path": [
                            300,
                            500,
                            270,
                            485,
                            300,
                            470,
                            450,
                            470,
                            480,
                            485,
                            450,
                            500
                        ],
                        "stop": 37,
                        "majoraxis": 17.949,
                        "minoraxis": 8.974
                    },
                    {
                        "start": 14,
                        "path": [
                            300,
                            450,
                            270,
                            435,
                            300,
                            420,
                            450,
                            420,
                            480,
                            435,
                            450,
                            450
                        ],
                        "stop": 22,
                        "majoraxis": 17.949,
                        "minoraxis": 8.974
                    }
                ],
                "coils": [
                    {
                        "start": 1,
                        "stop": 4,
                        "path": [
                            203.077,
                            547.436,
                            203.077,
                            553.846,
                            203.077,
                            560.256,
                            228.718,
                            560.256,
                            228.718,
                            502.564,
                            203.077,
                            502.564,
                            203.077,
                            496.154
                        ]
                    },
                    {
                        "start": -1,
                        "stop": -1,
                        "path": [
                            203.077,
                            380.769,
                            203.077,
                            374.359,
                            203.077,
                            361.538,
                            203.077,
                            355.128
                        ]
                    },
                    {
                        "start": 23,
                        "stop": 24,
                        "path": [
                            203.077,
                            239.744,
                            203.077,
                            233.333,
                            151.795,
                            233.333,
                            151.795,
                            246.154,
                            151.795,
                            252.564
                        ]
                    },
                    {
                        "start": 38,
                        "stop": 39,
                        "path": [
                            151.795,
                            419.231,
                            151.795,
                            425.641,
                            151.795,
                            438.462,
                            151.795,
                            444.872
                        ]
                    },
                    {
                        "start": 47,
                        "stop": 47,
                        "path": [
                            151.795,
                            534.615,
                            151.795,
                            541.026,
                            151.795,
                            553.846,
                            100.513,
                            553.846,
                            100.513,
                            547.436
                        ]
                    },
                    {
                        "start": 57,
                        "stop": 58,
                        "path": [
                            100.513,
                            432.051,
                            100.513,
                            425.641,
                            49.231,
                            425.641,
                            49.231,
                            432.051
                        ]
                    },
                    {
                        "start": 68,
                        "stop": 70,
                        "path": [
                            49.231,
                            547.436,
                            49.231,
                            553.846,
                            49.231,
                            566.667,
                            510.769,
                            566.667,
                            510.769,
                            361.538,
                            510.769,
                            355.128
                        ]
                    },
                    {
                        "start": 76,
                        "stop": 78,
                        "path": [
                            510.769,
                            291.026,
                            510.769,
                            284.615,
                            459.487,
                            284.615,
                            459.487,
                            291.026
                        ]
                    },
                    {
                        "start": 90,
                        "stop": 90,
                        "path": [
                            459.487,
                            432.051,
                            459.487,
                            438.462,
                            408.205,
                            438.462,
                            408.205,
                            432.051
                        ]
                    },
                    {
                        "start": 101,
                        "stop": 105,
                        "path": [
                            408.205,
                            303.846,
                            408.205,
                            297.436,
                            356.923,
                            297.436,
                            356.923,
                            323.077,
                            356.923,
                            329.487
                        ]
                    },
                    {
                        "start": 115,
                        "stop": 117,
                        "path": [
                            356.923,
                            444.872,
                            356.923,
                            451.282,
                            305.641,
                            451.282,
                            305.641,
                            444.872
                        ]
                    },
                    {
                        "start": 127,
                        "stop": 127,
                        "path": [
                            305.641,
                            329.487,
                            305.641,
                            323.077,
                            254.359,
                            323.077,
                            254.359,
                            335.897,
                            254.359,
                            342.308
                        ]
                    },
                    {
                        "start": -1,
                        "stop": -1,
                        "path": [
                            254.359,
                            470.513,
                            254.359,
                            476.923,
                            254.359,
                            489.744,
                            254.359,
                            496.154
                        ]
                    }
                ],
                "strands": [
                    {
                        "start": 59,
                        "stop": 67,
                        "path": [
                            336.410,
                            632.051,
                            436.410,
                            632.051,
                            436.410,
                            662.051,
                            450,
                            617.051,
                            436.410,
                            572.051,
                            436.410,
                            602.051,
                            336.410,
                            602.051
                        ]
                    },
                    {
                        "start": 48,
                        "stop": 56,
                        "path": [
                            113.333,
                            547.436,
                            113.333,
                            451.282,
                            119.744,
                            451.282,
                            100.513,
                            432.051,
                            81.282,
                            451.282,
                            87.692,
                            451.282,
                            87.692,
                            547.436
                        ]
                    },
                    {
                        "start": 40,
                        "stop": 46,
                        "path": [
                            138.974,
                            444.872,
                            138.974,
                            515.385,
                            132.564,
                            515.385,
                            151.795,
                            534.615,
                            171.026,
                            515.385,
                            164.615,
                            515.385,
                            164.615,
                            444.872
                        ]
                    },
                    {
                        "start": 5,
                        "stop": 13,
                        "path": [
                            215.897,
                            496.154,
                            215.897,
                            400.000,
                            222.308,
                            400.000,
                            203.077,
                            380.769,
                            183.846,
                            400.000,
                            190.256,
                            400.000,
                            190.256,
                            496.154
                        ]
                    },
                    {
                        "start": 128,
                        "stop": 137,
                        "path": [
                            241.538,
                            342.308,
                            241.538,
                            451.282,
                            235.128,
                            451.282,
                            254.359,
                            470.513,
                            273.590,
                            451.282,
                            267.179,
                            451.282,
                            267.179,
                            342.308
                        ]
                    },
                    {
                        "start": 118,
                        "stop": 126,
                        "path": [
                            318.462,
                            444.872,
                            318.462,
                            348.718,
                            324.872,
                            348.718,
                            305.641,
                            329.487,
                            286.410,
                            348.718,
                            292.821,
                            348.718,
                            292.821,
                            444.872
                        ]
                    },
                    {
                        "start": 106,
                        "stop": 114,
                        "path": [
                            344.103,
                            329.487,
                            344.103,
                            425.641,
                            337.692,
                            425.641,
                            356.923,
                            444.872,
                            376.154,
                            425.641,
                            369.744,
                            425.641,
                            369.744,
                            329.487
                        ]
                    },
                    {
                        "start": 91,
                        "stop": 100,
                        "path": [
                            421.026,
                            432.051,
                            421.026,
                            323.077,
                            427.436,
                            323.077,
                            408.205,
                            303.846,
                            388.974,
                            323.077,
                            395.385,
                            323.077,
                            395.385,
                            432.051
                        ]
                    },
                    {
                        "start": 79,
                        "stop": 89,
                        "path": [
                            446.667,
                            291.026,
                            446.667,
                            412.821,
                            440.256,
                            412.821,
                            459.487,
                            432.051,
                            478.718,
                            412.821,
                            472.308,
                            412.821,
                            472.308,
                            291.026
                        ]
                    },
                    {
                        "start": 71,
                        "stop": 75,
                        "path": [
                            523.590,
                            355.128,
                            523.590,
                            310.256,
                            530.000,
                            310.256,
                            510.769,
                            291.026,
                            491.538,
                            310.256,
                            497.949,
                            310.256,
                            497.949,
                            355.128
                        ]
                    }
                ],
                "terms": [
                    {
                        "resnum": "1",
                        "type": "N",
                        "stop": -1,
                        "start": -1,
                        "path": [
                            190.256,
                            534.6155,
                            203.0765,
                            547.436,
                            215.897,
                            534.6155,
                            203.0765,
                            521.795
                        ]
                    },
                    {
                        "resnum": "137",
                        "type": "C",
                        "stop": -1,
                        "start": -1,
                        "path": [
                            267.179,
                            521.795,
                            267.179,
                            496.154,
                            241.538,
                            496.154,
                            241.538,
                            521.795
                        ]
                    }
                ],
                "extents": [
                    30.000,
                    233.333,
                    -10000000000.0,
                    -10000000000.0
                ]
            }
        }
    }
}