{"n_structures":20,"nodes":[{"label":"H0","occurrence":0.8,"avg_length":3.5625,"type":"h","sheet_id":0,"stdev3d":15.895,"rainbow_hex":"#3F00FF","cdf":[[0,0.2],[3,0.6],[4,0.95],[5,1.0]]},{"label":"E1","occurrence":1.0,"avg_length":8.3,"type":"e","sheet_id":1,"stdev3d":12.902,"rainbow_hex":"#0015FF","cdf":[[4,0.1],[7,0.2],[9,1.0]]},{"label":"H2","occurrence":1.0,"avg_length":8.0,"type":"h","sheet_id":0,"stdev3d":14.756,"rainbow_hex":"#0076FF","cdf":[[8,1.0]]},{"label":"H3","occurrence":1.0,"avg_length":9.05,"type":"h","sheet_id":0,"stdev3d":7.407,"rainbow_hex":"#00D6FF","cdf":[[9,0.95],[10,1.0]]},{"label":"E4","occurrence":0.05,"avg_length":9.0,"type":"e","sheet_id":1,"stdev3d":0.0,"rainbow_hex":"#00FFF4","cdf":[[0,0.95],[9,1.0]]},{"label":"E5","occurrence":0.95,"avg_length":7.05263,"type":"e","sheet_id":1,"stdev3d":11.344,"rainbow_hex":"#00FFC5","cdf":[[0,0.05],[6,0.1],[7,0.95],[9,1.0]]},{"label":"E6","occurrence":1.0,"avg_length":6.9,"type":"e","sheet_id":1,"stdev3d":11.262,"rainbow_hex":"#00FF68","cdf":[[4,0.05],[7,0.95],[8,1.0]]},{"label":"E7","occurrence":1.0,"avg_length":6.15,"type":"e","sheet_id":1,"stdev3d":11.652,"rainbow_hex":"#00FF07","cdf":[[5,0.35],[6,0.6],[7,0.95],[9,1.0]]},{"label":"E8","occurrence":1.0,"avg_length":4.25,"type":"e","sheet_id":1,"stdev3d":3.48,"rainbow_hex":"#58FF00","cdf":[[4,0.9],[5,0.95],[8,1.0]]},{"label":"E9","occurrence":0.05,"avg_length":4.0,"type":"e","sheet_id":1,"stdev3d":0.0,"rainbow_hex":"#89FF00","cdf":[[0,0.95],[4,1.0]]},{"label":"E10","occurrence":1.0,"avg_length":8.8,"type":"e","sheet_id":1,"stdev3d":3.249,"rainbow_hex":"#BCFF00","cdf":[[5,0.05],[8,0.1],[9,0.95],[10,1.0]]},{"label":"E11","occurrence":1.0,"avg_length":7.95,"type":"e","sheet_id":1,"stdev3d":1.589,"rainbow_hex":"#FFE100","cdf":[[7,0.05],[8,1.0]]},{"label":"E12","occurrence":1.0,"avg_length":9.9,"type":"e","sheet_id":1,"stdev3d":1.994,"rainbow_hex":"#FF8100","cdf":[[8,0.05],[10,1.0]]},{"label":"E13","occurrence":0.95,"avg_length":7.94737,"type":"e","sheet_id":1,"stdev3d":0.905,"rainbow_hex":"#FF2300","cdf":[[0,0.05],[7,0.1],[8,1.0]]},{"label":"E14","occurrence":0.95,"avg_length":9.0,"type":"e","sheet_id":1,"stdev3d":1.406,"rainbow_hex":"#FF0038","cdf":[[0,0.05],[8,0.15],[9,0.9],[10,1.0]]}],"precedence":[[0,1],[1,2],[2,3],[3,4],[4,5],[5,6],[6,7],[7,8],[8,9],[9,10],[10,11],[11,12],[12,13],[13,14]],"beta_connectivity":[[1,4,-1],[1,5,-1],[1,14,-1],[5,6,-1],[6,7,-1],[8,9,-1],[8,10,-1],[10,11,-1],[11,12,-1],[12,13,-1],[13,14,-1]]}
