{"n_structures":20,"nodes":[{"label":"H0","occurrence":0.35,"avg_length":4.0,"type":"h","sheet_id":0,"stdev3d":0.769,"rainbow_hex":"#5800FF","cdf":[[0,0.65],[4,1.0]]},{"label":"E1","occurrence":0.45,"avg_length":2.44444,"type":"e","sheet_id":1,"stdev3d":18.778,"rainbow_hex":"#3600FF","cdf":[[0,0.55],[1,0.65],[2,0.8],[3,0.9],[4,1.0]]},{"label":"E2","occurrence":0.1,"avg_length":4.0,"type":"e","sheet_id":2,"stdev3d":0.065,"rainbow_hex":"#1E00FF","cdf":[[0,0.9],[4,1.0]]},{"label":"E3","occurrence":0.1,"avg_length":4.0,"type":"e","sheet_id":2,"stdev3d":0.066,"rainbow_hex":"#1600FF","cdf":[[0,0.9],[4,1.0]]},{"label":"H4","occurrence":0.9,"avg_length":4.0,"type":"h","sheet_id":0,"stdev3d":1.023,"rainbow_hex":"#0014FF","cdf":[[0,0.1],[4,1.0]]},{"label":"E5","occurrence":1.0,"avg_length":8.05,"type":"e","sheet_id":1,"stdev3d":5.537,"rainbow_hex":"#0065FF","cdf":[[2,0.05],[4,0.15],[8,0.6],[9,0.65],[10,1.0]]},{"label":"H6","occurrence":0.3,"avg_length":4.0,"type":"h","sheet_id":0,"stdev3d":9.128,"rainbow_hex":"#009CFF","cdf":[[0,0.7],[3,0.85],[4,0.95],[7,1.0]]},{"label":"E7","occurrence":0.3,"avg_length":1.0,"type":"e","sheet_id":3,"stdev3d":0.737,"rainbow_hex":"#00B6FF","cdf":[[0,0.7],[1,1.0]]},{"label":"E8","occurrence":1.0,"avg_length":7.9,"type":"e","sheet_id":1,"stdev3d":4.823,"rainbow_hex":"#00EDFF","cdf":[[4,0.05],[6,0.3],[7,0.35],[8,0.4],[9,0.95],[10,1.0]]},{"label":"E9","occurrence":1.0,"avg_length":8.85,"type":"e","sheet_id":1,"stdev3d":2.325,"rainbow_hex":"#00FFBC","cdf":[[8,0.2],[9,0.95],[10,1.0]]},{"label":"E10","occurrence":1.0,"avg_length":10.0,"type":"e","sheet_id":1,"stdev3d":5.848,"rainbow_hex":"#00FF66","cdf":[[4,0.05],[5,0.1],[9,0.25],[10,0.3],[11,1.0]]},{"label":"H11","occurrence":0.05,"avg_length":3.0,"type":"h","sheet_id":0,"stdev3d":0.0,"rainbow_hex":"#00FF3A","cdf":[[0,0.95],[3,1.0]]},{"label":"E12","occurrence":0.15,"avg_length":2.66667,"type":"e","sheet_id":1,"stdev3d":4.232,"rainbow_hex":"#00FF30","cdf":[[0,0.85],[2,0.9],[3,1.0]]},{"label":"E13","occurrence":0.05,"avg_length":1.0,"type":"e","sheet_id":4,"stdev3d":0.0,"rainbow_hex":"#00FF29","cdf":[[0,0.95],[1,1.0]]},{"label":"E14","occurrence":0.05,"avg_length":1.0,"type":"e","sheet_id":4,"stdev3d":0.0,"rainbow_hex":"#00FF24","cdf":[[0,0.95],[1,1.0]]},{"label":"E15","occurrence":1.0,"avg_length":5.35,"type":"e","sheet_id":1,"stdev3d":4.901,"rainbow_hex":"#07FF00","cdf":[[4,0.35],[5,0.6],[6,0.75],[7,0.95],[8,1.0]]},{"label":"H16","occurrence":0.2,"avg_length":4.0,"type":"h","sheet_id":0,"stdev3d":2.184,"rainbow_hex":"#3AFF00","cdf":[[0,0.8],[4,1.0]]},{"label":"E17","occurrence":0.95,"avg_length":9.26316,"type":"e","sheet_id":1,"stdev3d":14.616,"rainbow_hex":"#6BFF00","cdf":[[0,0.05],[5,0.1],[7,0.15],[8,0.4],[9,0.6],[10,0.65],[11,0.95],[12,1.0]]},{"label":"E18","occurrence":0.05,"avg_length":1.0,"type":"e","sheet_id":5,"stdev3d":0.0,"rainbow_hex":"#95FF00","cdf":[[0,0.95],[1,1.0]]},{"label":"E19","occurrence":0.05,"avg_length":1.0,"type":"e","sheet_id":1,"stdev3d":0.0,"rainbow_hex":"#9AFF00","cdf":[[0,0.95],[1,1.0]]},{"label":"E20","occurrence":0.05,"avg_length":1.0,"type":"e","sheet_id":5,"stdev3d":0.0,"rainbow_hex":"#9FFF00","cdf":[[0,0.95],[1,1.0]]},{"label":"E21","occurrence":0.95,"avg_length":8.05263,"type":"e","sheet_id":1,"stdev3d":15.737,"rainbow_hex":"#C8FF00","cdf":[[0,0.05],[3,0.1],[5,0.35],[8,0.4],[9,0.55],[10,1.0]]},{"label":"E22","occurrence":0.1,"avg_length":2.5,"type":"e","sheet_id":1,"stdev3d":5.805,"rainbow_hex":"#F6FF00","cdf":[[0,0.9],[2,0.95],[3,1.0]]},{"label":"E23","occurrence":0.95,"avg_length":8.0,"type":"e","sheet_id":1,"stdev3d":15.382,"rainbow_hex":"#FFDB00","cdf":[[0,0.05],[2,0.1],[5,0.35],[7,0.4],[8,0.45],[10,1.0]]},{"label":"H24","occurrence":0.95,"avg_length":13.7368,"type":"h","sheet_id":0,"stdev3d":19.768,"rainbow_hex":"#FF8A00","cdf":[[0,0.05],[12,0.1],[13,0.25],[14,1.0]]},{"label":"H25","occurrence":0.85,"avg_length":3.17647,"type":"h","sheet_id":0,"stdev3d":17.769,"rainbow_hex":"#FF3D00","cdf":[[0,0.15],[3,0.85],[4,1.0]]},{"label":"E26","occurrence":0.85,"avg_length":2.0,"type":"e","sheet_id":1,"stdev3d":2.761,"rainbow_hex":"#FF000A","cdf":[[0,0.15],[1,0.2],[2,0.95],[3,1.0]]},{"label":"H27","occurrence":0.2,"avg_length":4.0,"type":"h","sheet_id":0,"stdev3d":6.689,"rainbow_hex":"#FF0036","cdf":[[0,0.8],[3,0.85],[4,0.95],[5,1.0]]},{"label":"E28","occurrence":0.35,"avg_length":1.0,"type":"e","sheet_id":3,"stdev3d":0.932,"rainbow_hex":"#FF004D","cdf":[[0,0.65],[1,1.0]]},{"label":"E29","occurrence":0.05,"avg_length":1.0,"type":"e","sheet_id":6,"stdev3d":0.0,"rainbow_hex":"#FF005E","cdf":[[0,0.95],[1,1.0]]},{"label":"E30","occurrence":0.05,"avg_length":1.0,"type":"e","sheet_id":6,"stdev3d":0.0,"rainbow_hex":"#FF0062","cdf":[[0,0.95],[1,1.0]]}],"precedence":[[1,2],[2,3],[3,4],[0,4],[4,5],[5,6],[6,7],[7,8],[8,9],[9,10],[10,11],[10,12],[12,13],[13,14],[14,15],[11,15],[15,16],[16,17],[17,18],[18,19],[19,20],[20,21],[21,22],[22,23],[23,24],[24,25],[25,26],[26,27],[26,28],[27,29],[29,30]],"beta_connectivity":[[1,22,-1],[1,23,-1],[2,3,-1],[5,8,-1],[5,23,-1],[5,26,-1],[7,28,1],[8,9,-1],[9,10,-1],[10,15,-1],[12,15,-1],[13,14,-1],[15,17,-1],[17,21,-1],[18,20,-1],[19,23,-1],[21,23,-1],[29,30,-1]]}
