{
  "1b56_A_01": {
    "software": "SecStrAnnotator 2.2 [2022-01-02]",
    "args": "--onlyssa --verbose --batch /srv/var/jobs/Running/a6716a11-bfa3-42f8-9ea1-cb6224f23481/job_data/cif_cealign /srv/var/jobs/Running/a6716a11-bfa3-42f8-9ea1-cb6224f23481/job_data/cif_cealign/domain_batch.txt",
    "found": 14,
    "secondary_structure_elements": [
      {"label": "H0", "chain_id": "A", "start": 4, "end": 7, "type": "G", "start_vector": [-16.403, 0.764, 2.984], "end_vector": [-12.557, 6.243, -0.346], "nested_sses": [{"label": null, "chain_id": "A", "start": 4, "end": 7, "type": "G"}]},
      {"label": "E1", "chain_id": "A", "start": 9, "end": 15, "type": "E", "sheet_id": 1, "start_vector": [-10.724, 8.943, -5.923], "end_vector": [4.521, 13.615, 2.85], "minor_axis": [0.474, -0.78, -0.408], "nested_sses": [{"label": null, "chain_id": "A", "start": 14, "end": 15, "type": "N", "sheet_id": -2, "comment": "A_NcCN_C_"}]},
      {"label": "H2", "chain_id": "A", "start": 19, "end": 26, "type": "H", "start_vector": [10.769, 5.618, 6.094], "end_vector": [15.15, -5.852, 3.1], "nested_sses": [{"label": null, "chain_id": "A", "start": 19, "end": 26, "type": "H"}]},
      {"label": "H3", "chain_id": "A", "start": 30, "end": 38, "type": "H", "start_vector": [18.613, 0.646, -5.219], "end_vector": [9.506, 9.957, -3.003], "nested_sses": [{"label": null, "chain_id": "A", "start": 30, "end": 38, "type": "H"}]},
      {"label": "E4", "chain_id": "A", "start": 42, "end": 48, "type": "E", "sheet_id": 1, "start_vector": [0.139, 9.77, -5.591], "end_vector": [-17.835, -3.066, -5.895], "minor_axis": [0.534, -0.738, -0.412]},
      {"label": "E5", "chain_id": "A", "start": 51, "end": 57, "type": "E", "sheet_id": 1, "start_vector": [-14.204, -6.897, -4.785], "end_vector": [2.474, 7.358, -9.59], "minor_axis": [0.513, -0.745, -0.427]},
      {"label": "E6", "chain_id": "A", "start": 62, "end": 68, "type": "E", "sheet_id": 1, "start_vector": [4.504, 3.357, -12.747], "end_vector": [-11.494, -10.203, -4.186], "minor_axis": [0.528, -0.801, -0.283]},
      {"label": "E7", "chain_id": "A", "start": 73, "end": 76, "type": "E", "sheet_id": 2, "start_vector": [-3.747, -14.519, -5.012], "end_vector": [4.521, -7.105, -7.793], "minor_axis": [0.413, -0.122, 0.903]},
      {"label": "E8", "chain_id": "A", "start": 82, "end": 85, "type": "E", "sheet_id": 2, "start_vector": [7.332, -11.772, -5.859], "end_vector": [-2.472, -12.48, -0.431], "minor_axis": [0.467, -0.392, 0.793]},
      {"label": "E9", "chain_id": "A", "start": 86, "end": 90, "type": "E", "sheet_id": 1, "start_vector": [-4.561, -10.492, -1.067], "end_vector": [-12.491, -4.554, 8.649], "minor_axis": [0.814, 0.405, 0.417]},
      {"label": "E10", "chain_id": "A", "start": 93, "end": 100, "type": "E", "sheet_id": 1, "start_vector": [-10.548, -0.522, 7.253], "end_vector": [7.467, -15.334, -0.313], "minor_axis": [0.678, 0.645, 0.353]},
      {"label": "E11", "chain_id": "A", "start": 103, "end": 112, "type": "E", "sheet_id": 1, "start_vector": [8.182, -15.3, 3.747], "end_vector": [-10.048, 9.89, 8.349], "minor_axis": [0.801, 0.528, 0.282]},
      {"label": "E12", "chain_id": "A", "start": 115, "end": 122, "type": "E", "sheet_id": 1, "start_vector": [-8.042, 11.905, 4.668], "end_vector": [8.263, -6.54, 9.086], "minor_axis": [0.743, 0.668, 0.049]},
      {"label": "E13", "chain_id": "A", "start": 125, "end": 133, "type": "E", "sheet_id": 1, "start_vector": [10.326, -1.782, 13.009], "end_vector": [-7.13, 15.87, -1.461], "minor_axis": [0.791, 0.529, -0.309], "nested_sses": [{"label": null, "chain_id": "A", "start": 130, "end": 130, "type": "n", "sheet_id": -2, "comment": "A_C_NcCN_"}]}
    ],
    "beta_connectivity": [
      ["E1", "E4", -1],
      ["E1", "E13", -1],
      ["E4", "E5", -1],
      ["E5", "E6", -1],
      ["E7", "E8", -1],
      ["E9", "E10", -1],
      ["E10", "E11", -1],
      ["E11", "E12", -1],
      ["E12", "E13", -1]
    ],
    "hydrogen_bonds": [
      ["A", 6, "A", 3],
      ["A", 7, "A", 4],
      ["A", 8, "A", 5],
      ["A", 9, "A", 45],
      ["A", 11, "A", 9],
      ["A", 11, "A", 43],
      ["A", 12, "A", 132],
      ["A", 13, "A", 41],
      ["A", 14, "A", 130],
      ["A", 15, "A", 130],
      ["A", 22, "A", 18],
      ["A", 23, "A", 19],
      ["A", 24, "A", 20],
      ["A", 25, "A", 21],
      ["A", 26, "A", 22],
      ["A", 27, "A", 23],
      ["A", 28, "A", 23],
      ["A", 33, "A", 29],
      ["A", 34, "A", 30],
      ["A", 35, "A", 31],
      ["A", 36, "A", 32],
      ["A", 37, "A", 33],
      ["A", 38, "A", 34],
      ["A", 38, "A", 35],
      ["A", 39, "A", 35],
      ["A", 42, "A", 57],
      ["A", 43, "A", 11],
      ["A", 44, "A", 42],
      ["A", 44, "A", 55],
      ["A", 45, "A", 9],
      ["A", 45, "A", 43],
      ["A", 46, "A", 53],
      ["A", 48, "A", 51],
      ["A", 50, "A", 48],
      ["A", 51, "A", 48],
      ["A", 52, "A", 67],
      ["A", 53, "A", 46],
      ["A", 54, "A", 65],
      ["A", 55, "A", 44],
      ["A", 56, "A", 63],
      ["A", 57, "A", 42],
      ["A", 58, "A", 61],
      ["A", 63, "A", 56],
      ["A", 65, "A", 54],
      ["A", 67, "A", 52],
      ["A", 69, "A", 50],
      ["A", 70, "A", 87],
      ["A", 71, "A", 68],
      ["A", 73, "A", 85],
      ["A", 75, "A", 73],
      ["A", 75, "A", 83],
      ["A", 77, "A", 75],
      ["A", 77, "A", 81],
      ["A", 80, "A", 77],
      ["A", 83, "A", 75],
      ["A", 83, "A", 81],
      ["A", 84, "A", 99],
      ["A", 85, "A", 73],
      ["A", 85, "A", 83],
      ["A", 86, "A", 97],
      ["A", 88, "A", 95],
      ["A", 90, "A", 88],
      ["A", 90, "A", 93],
      ["A", 93, "A", 90],
      ["A", 94, "A", 109],
      ["A", 95, "A", 88],
      ["A", 95, "A", 93],
      ["A", 96, "A", 94],
      ["A", 96, "A", 107],
      ["A", 97, "A", 86],
      ["A", 97, "A", 95],
      ["A", 98, "A", 105],
      ["A", 100, "A", 103],
      ["A", 103, "A", 100],
      ["A", 105, "A", 98],
      ["A", 106, "A", 121],
      ["A", 107, "A", 96],
      ["A", 108, "A", 119],
      ["A", 109, "A", 94],
      ["A", 110, "A", 117],
      ["A", 112, "A", 115],
      ["A", 115, "A", 112],
      ["A", 116, "A", 131],
      ["A", 117, "A", 110],
      ["A", 117, "A", 115],
      ["A", 118, "A", 116],
      ["A", 118, "A", 129],
      ["A", 119, "A", 108],
      ["A", 120, "A", 127],
      ["A", 121, "A", 106],
      ["A", 122, "A", 125],
      ["A", 125, "A", 122],
      ["A", 127, "A", 120],
      ["A", 128, "A", 17],
      ["A", 129, "A", 118],
      ["A", 130, "A", 15],
      ["A", 131, "A", 116],
      ["A", 132, "A", 12],
      ["A", 134, "A", 10],
      ["A", 135, "A", 133]
    ]
  }
}
