{
  "1b56_A_01": {
    "secondary_structure_elements": [
      {
        "label": "H0",
        "chain_id": "A",
        "start": 4,
        "end": 7,
        "type": "G",
        "start_vector": [
          -16.403,
          0.764,
          2.984
        ],
        "end_vector": [
          -12.557,
          6.243,
          -0.346
        ],
        "nested_sses": [
          {
            "label": null,
            "chain_id": "A",
            "start": 4,
            "end": 7,
            "type": "G"
          }
        ],
        "domain": "1b56_A_01",
        "color": "s000",
        "color_hex": "#FF00FF",
        "rainbow": "s125",
        "rainbow_hex": "#3F00FF"
      },
      {
        "label": "E1",
        "chain_id": "A",
        "start": 9,
        "end": 15,
        "type": "E",
        "sheet_id": 1,
        "start_vector": [
          -10.724,
          8.943,
          -5.923
        ],
        "end_vector": [
          4.521,
          13.615,
          2.85
        ],
        "nested_sses": [
          {
            "label": null,
            "chain_id": "A",
            "start": 14,
            "end": 15,
            "type": "N",
            "sheet_id": -2,
            "comment": "A_NcCN_C_"
          }
        ],
        "domain": "1b56_A_01",
        "color": "s293",
        "color_hex": "#00C1FF",
        "rainbow": "s181",
        "rainbow_hex": "#0015FF"
      },
      {
        "label": "H2",
        "chain_id": "A",
        "start": 19,
        "end": 26,
        "type": "H",
        "start_vector": [
          10.769,
          5.618,
          6.094
        ],
        "end_vector": [
          15.15,
          -5.852,
          3.1
        ],
        "nested_sses": [
          {
            "label": null,
            "chain_id": "A",
            "start": 19,
            "end": 26,
            "type": "H"
          }
        ],
        "domain": "1b56_A_01",
        "color": "s586",
        "color_hex": "#83FF00",
        "rainbow": "s244",
        "rainbow_hex": "#0076FF"
      },
      {
        "label": "H3",
        "chain_id": "A",
        "start": 30,
        "end": 38,
        "type": "H",
        "start_vector": [
          18.613,
          0.646,
          -5.219
        ],
        "end_vector": [
          9.506,
          9.957,
          -3.003
        ],
        "nested_sses": [
          {
            "label": null,
            "chain_id": "A",
            "start": 30,
            "end": 38,
            "type": "H"
          }
        ],
        "domain": "1b56_A_01",
        "color": "s879",
        "color_hex": "#FF0045",
        "rainbow": "s307",
        "rainbow_hex": "#00D6FF"
      },
      {
        "label": "E5",
        "chain_id": "A",
        "start": 42,
        "end": 48,
        "type": "E",
        "sheet_id": 1,
        "start_vector": [
          0.139,
          9.77,
          -5.591
        ],
        "end_vector": [
          -17.835,
          -3.066,
          -5.895
        ],
        "domain": "1b56_A_01",
        "color": "s466",
        "color_hex": "#00FF34",
        "rainbow": "s371",
        "rainbow_hex": "#00FFC5"
      },
      {
        "label": "E6",
        "chain_id": "A",
        "start": 51,
        "end": 57,
        "type": "E",
        "sheet_id": 1,
        "start_vector": [
          -14.204,
          -6.897,
          -4.785
        ],
        "end_vector": [
          2.474,
          7.358,
          -9.59
        ],
        "domain": "1b56_A_01",
        "color": "s759",
        "color_hex": "#FF7100",
        "rainbow": "s432",
        "rainbow_hex": "#00FF68"
      },
      {
        "label": "E7",
        "chain_id": "A",
        "start": 62,
        "end": 68,
        "type": "E",
        "sheet_id": 1,
        "start_vector": [
          4.504,
          3.357,
          -12.747
        ],
        "end_vector": [
          -11.494,
          -10.203,
          -4.186
        ],
        "domain": "1b56_A_01",
        "color": "s053",
        "color_hex": "#AD00FF",
        "rainbow": "s495",
        "rainbow_hex": "#00FF07"
      },
      {
        "label": "E8",
        "chain_id": "A",
        "start": 73,
        "end": 76,
        "type": "E",
        "sheet_id": 2,
        "start_vector": [
          -3.747,
          -14.519,
          -5.012
        ],
        "end_vector": [
          4.521,
          -7.105,
          -7.793
        ],
        "domain": "1b56_A_01",
        "color": "s346",
        "color_hex": "#00FFEB",
        "rainbow": "s558",
        "rainbow_hex": "#58FF00"
      },
      {
        "label": "E9",
        "chain_id": "A",
        "start": 82,
        "end": 85,
        "type": "E",
        "sheet_id": 2,
        "start_vector": [
          7.332,
          -11.772,
          -5.859
        ],
        "end_vector": [
          -2.472,
          -12.48,
          -0.431
        ],
        "domain": "1b56_A_01",
        "color": "s639",
        "color_hex": "#D4FF00",
        "rainbow": "s590",
        "rainbow_hex": "#89FF00"
      },
      {
        "label": "E10",
        "chain_id": "A",
        "start": 86,
        "end": 90,
        "type": "E",
        "sheet_id": 1,
        "start_vector": [
          -4.561,
          -10.492,
          -1.067
        ],
        "end_vector": [
          -12.491,
          -4.554,
          8.649
        ],
        "domain": "1b56_A_01",
        "color": "s933",
        "color_hex": "#FF0098",
        "rainbow": "s623",
        "rainbow_hex": "#BCFF00"
      },
      {
        "label": "E11",
        "chain_id": "A",
        "start": 93,
        "end": 100,
        "type": "E",
        "sheet_id": 1,
        "start_vector": [
          -10.548,
          -0.522,
          7.253
        ],
        "end_vector": [
          7.467,
          -15.334,
          -0.313
        ],
        "domain": "1b56_A_01",
        "color": "s226",
        "color_hex": "#005AFF",
        "rainbow": "s686",
        "rainbow_hex": "#FFE100"
      },
      {
        "label": "E12",
        "chain_id": "A",
        "start": 103,
        "end": 112,
        "type": "E",
        "sheet_id": 1,
        "start_vector": [
          8.182,
          -15.3,
          3.747
        ],
        "end_vector": [
          -10.048,
          9.89,
          8.349
        ],
        "domain": "1b56_A_01",
        "color": "s519",
        "color_hex": "#1DFF00",
        "rainbow": "s749",
        "rainbow_hex": "#FF8100"
      },
      {
        "label": "E13",
        "chain_id": "A",
        "start": 115,
        "end": 122,
        "type": "E",
        "sheet_id": 1,
        "start_vector": [
          -8.042,
          11.905,
          4.668
        ],
        "end_vector": [
          8.263,
          -6.54,
          9.086
        ],
        "domain": "1b56_A_01",
        "color": "s813",
        "color_hex": "#FF1F00",
        "rainbow": "s810",
        "rainbow_hex": "#FF2300"
      },
      {
        "label": "E14",
        "chain_id": "A",
        "start": 125,
        "end": 133,
        "type": "E",
        "sheet_id": 1,
        "start_vector": [
          10.326,
          -1.782,
          13.009
        ],
        "end_vector": [
          -7.13,
          15.87,
          -1.461
        ],
        "nested_sses": [
          {
            "label": null,
            "chain_id": "A",
            "start": 130,
            "end": 130,
            "type": "n",
            "sheet_id": -2,
            "comment": "A_C_NcCN_"
          }
        ],
        "domain": "1b56_A_01",
        "color": "s106",
        "color_hex": "#5C00FF",
        "rainbow": "s870",
        "rainbow_hex": "#FF0038"
      }
    ]
  }
}
