{
    "1pmp_A_01": {
        "software": "SecStrAnnotator 2.2 [2020-07-01]",
        "args": "--onlyssa --verbose /server_data/overprot_data/jobs/Running/b0978d1b-72aa-43e3-ae21-11aa3cf65871/job_data/cif_cealign/ 1pmp_A_01,A",
        "found": 12,
        "secondary_structure_elements": [
            { "label": "E0", "chain_id": "A", "start": 6, "end": 12, "type": "E", "sheet_id": 1, "start_vector": [ -11.089, 8.485, -6.06 ], "end_vector": [ 4.527, 13.447, 3.121 ], "nested_sses": [ { "label": null, "chain_id": "A", "start": 11, "end": 12, "type": "N", "sheet_id": -2, "comment": "A_NcCN_C_" } ] },
            { "label": "h1", "chain_id": "A", "start": 16, "end": 23, "type": "h", "start_vector": [ 11.541, 5.833, 5.919 ], "end_vector": [ 14.857, -5.74, 2.441 ], "nested_sses": [ { "label": null, "chain_id": "A", "start": 16, "end": 21, "type": "H" }, { "label": null, "chain_id": "A", "start": 21, "end": 23, "type": "G" } ] },
            { "label": "H2", "chain_id": "A", "start": 27, "end": 35, "type": "H", "start_vector": [ 19.528, 1.055, -5.097 ], "end_vector": [ 9.713, 10.515, -3.074 ], "nested_sses": [ { "label": null, "chain_id": "A", "start": 27, "end": 34, "type": "H" } ] },
            { "label": "E3", "chain_id": "A", "start": 39, "end": 45, "type": "E", "sheet_id": 1, "start_vector": [ -0.152, 9.489, -4.778 ], "end_vector": [ -17.669, -2.719, -8.449 ] },
            { "label": "E4", "chain_id": "A", "start": 48, "end": 54, "type": "E", "sheet_id": 1, "start_vector": [ -14.485, -6.402, -6.111 ], "end_vector": [ 2.578, 7.008, -8.818 ] },
            { "label": "E5", "chain_id": "A", "start": 59, "end": 64, "type": "E", "sheet_id": 1, "start_vector": [ 4.404, 2.847, -12.091 ], "end_vector": [ -10.008, -8.448, -5.796 ] },
            { "label": "E6", "chain_id": "A", "start": 69, "end": 73, "type": "E", "sheet_id": 1, "start_vector": [ -7.474, -15.425, -3.063 ], "end_vector": [ 4.432, -7.542, -8.21 ] },
            { "label": "E7", "chain_id": "A", "start": 79, "end": 87, "type": "E", "sheet_id": 1, "start_vector": [ 5.816, -13.198, -6.857 ], "end_vector": [ -13.631, -6.106, 9.245 ] },
            { "label": "E8", "chain_id": "A", "start": 90, "end": 97, "type": "E", "sheet_id": 1, "start_vector": [ -10.678, -0.08, 7.753 ], "end_vector": [ 7.494, -15.504, -0.122 ] },
            { "label": "E9", "chain_id": "A", "start": 100, "end": 109, "type": "E", "sheet_id": 1, "start_vector": [ 8.285, -15.338, 3.835 ], "end_vector": [ -10.11, 9.979, 9.106 ] },
            { "label": "E10", "chain_id": "A", "start": 112, "end": 118, "type": "E", "sheet_id": 1, "start_vector": [ -8.392, 11.687, 5.566 ], "end_vector": [ 6.43, -3.798, 8.229 ] },
            { "label": "E11", "chain_id": "A", "start": 123, "end": 130, "type": "E", "sheet_id": 1, "start_vector": [ 8.988, 1.04, 11.451 ], "end_vector": [ -7.66, 15.23, -1.179 ], "nested_sses": [ { "label": null, "chain_id": "A", "start": 127, "end": 127, "type": "n", "sheet_id": -2, "comment": "A_C_NcCN_" } ] }
        ],
        "beta_connectivity": [
            [ "E0", "E3", -1 ],
            [ "E0", "E11", -1 ],
            [ "E3", "E4", -1 ],
            [ "E4", "E5", -1 ],
            [ "E6", "E7", -1 ],
            [ "E7", "E8", -1 ],
            [ "E8", "E9", -1 ],
            [ "E9", "E10", -1 ],
            [ "E10", "E11", -1 ]
        ],
        "hydrogen_bonds": [
            [ "A", 5, "A", 2 ],
            [ "A", 6, "A", 42 ],
            [ "A", 8, "A", 40 ],
            [ "A", 9, "A", 129 ],
            [ "A", 10, "A", 38 ],
            [ "A", 11, "A", 127 ],
            [ "A", 12, "A", 127 ],
            [ "A", 19, "A", 15 ],
            [ "A", 20, "A", 16 ],
            [ "A", 21, "A", 17 ],
            [ "A", 22, "A", 18 ],
            [ "A", 23, "A", 20 ],
            [ "A", 24, "A", 20 ],
            [ "A", 24, "A", 21 ],
            [ "A", 25, "A", 20 ],
            [ "A", 29, "A", 26 ],
            [ "A", 30, "A", 26 ],
            [ "A", 31, "A", 27 ],
            [ "A", 32, "A", 28 ],
            [ "A", 33, "A", 29 ],
            [ "A", 34, "A", 30 ],
            [ "A", 35, "A", 31 ],
            [ "A", 36, "A", 33 ],
            [ "A", 39, "A", 54 ],
            [ "A", 40, "A", 8 ],
            [ "A", 41, "A", 52 ],
            [ "A", 42, "A", 6 ],
            [ "A", 43, "A", 50 ],
            [ "A", 45, "A", 48 ],
            [ "A", 47, "A", 45 ],
            [ "A", 48, "A", 45 ],
            [ "A", 49, "A", 47 ],
            [ "A", 49, "A", 64 ],
            [ "A", 50, "A", 43 ],
            [ "A", 51, "A", 62 ],
            [ "A", 52, "A", 41 ],
            [ "A", 53, "A", 60 ],
            [ "A", 54, "A", 39 ],
            [ "A", 54, "A", 52 ],
            [ "A", 55, "A", 58 ],
            [ "A", 60, "A", 53 ],
            [ "A", 62, "A", 51 ],
            [ "A", 64, "A", 49 ],
            [ "A", 67, "A", 84 ],
            [ "A", 68, "A", 66 ],
            [ "A", 70, "A", 82 ],
            [ "A", 72, "A", 70 ],
            [ "A", 72, "A", 80 ],
            [ "A", 74, "A", 72 ],
            [ "A", 74, "A", 78 ],
            [ "A", 77, "A", 74 ],
            [ "A", 80, "A", 72 ],
            [ "A", 80, "A", 78 ],
            [ "A", 81, "A", 96 ],
            [ "A", 82, "A", 70 ],
            [ "A", 82, "A", 80 ],
            [ "A", 83, "A", 94 ],
            [ "A", 84, "A", 68 ],
            [ "A", 85, "A", 92 ],
            [ "A", 87, "A", 85 ],
            [ "A", 87, "A", 90 ],
            [ "A", 90, "A", 87 ],
            [ "A", 91, "A", 106 ],
            [ "A", 92, "A", 85 ],
            [ "A", 92, "A", 90 ],
            [ "A", 93, "A", 104 ],
            [ "A", 94, "A", 83 ],
            [ "A", 95, "A", 102 ],
            [ "A", 96, "A", 81 ],
            [ "A", 97, "A", 100 ],
            [ "A", 100, "A", 97 ],
            [ "A", 102, "A", 95 ],
            [ "A", 103, "A", 118 ],
            [ "A", 104, "A", 93 ],
            [ "A", 105, "A", 116 ],
            [ "A", 106, "A", 91 ],
            [ "A", 107, "A", 105 ],
            [ "A", 107, "A", 114 ],
            [ "A", 109, "A", 107 ],
            [ "A", 109, "A", 112 ],
            [ "A", 112, "A", 109 ],
            [ "A", 113, "A", 128 ],
            [ "A", 114, "A", 107 ],
            [ "A", 114, "A", 112 ],
            [ "A", 115, "A", 113 ],
            [ "A", 115, "A", 126 ],
            [ "A", 116, "A", 105 ],
            [ "A", 116, "A", 114 ],
            [ "A", 117, "A", 124 ],
            [ "A", 118, "A", 103 ],
            [ "A", 119, "A", 122 ],
            [ "A", 124, "A", 117 ],
            [ "A", 125, "A", 14 ],
            [ "A", 126, "A", 115 ],
            [ "A", 127, "A", 12 ],
            [ "A", 128, "A", 113 ],
            [ "A", 129, "A", 9 ],
            [ "A", 130, "A", 111 ],
            [ "A", 131, "A", 7 ]
        ]
    }
}
