{
  "1pmp_A_01": {
    "secondary_structure_elements": [
      {
        "label": "E1",
        "chain_id": "A",
        "start": 6,
        "end": 12,
        "type": "E",
        "sheet_id": 1,
        "start_vector": [
          -11.089,
          8.485,
          -6.06
        ],
        "end_vector": [
          4.527,
          13.447,
          3.121
        ],
        "nested_sses": [
          {
            "label": null,
            "chain_id": "A",
            "start": 11,
            "end": 12,
            "type": "N",
            "sheet_id": -2,
            "comment": "A_NcCN_C_"
          }
        ],
        "domain": "1pmp_A_01",
        "color": "s293",
        "color_hex": "#00C1FF",
        "rainbow": "s181",
        "rainbow_hex": "#0015FF"
      },
      {
        "label": "H2",
        "chain_id": "A",
        "start": 16,
        "end": 23,
        "type": "h",
        "start_vector": [
          11.541,
          5.833,
          5.919
        ],
        "end_vector": [
          14.857,
          -5.74,
          2.441
        ],
        "nested_sses": [
          {
            "label": null,
            "chain_id": "A",
            "start": 16,
            "end": 21,
            "type": "H"
          },
          {
            "label": null,
            "chain_id": "A",
            "start": 21,
            "end": 23,
            "type": "G"
          }
        ],
        "domain": "1pmp_A_01",
        "color": "s586",
        "color_hex": "#83FF00",
        "rainbow": "s244",
        "rainbow_hex": "#0076FF"
      },
      {
        "label": "H3",
        "chain_id": "A",
        "start": 27,
        "end": 35,
        "type": "H",
        "start_vector": [
          19.528,
          1.055,
          -5.097
        ],
        "end_vector": [
          9.713,
          10.515,
          -3.074
        ],
        "nested_sses": [
          {
            "label": null,
            "chain_id": "A",
            "start": 27,
            "end": 34,
            "type": "H"
          }
        ],
        "domain": "1pmp_A_01",
        "color": "s879",
        "color_hex": "#FF0045",
        "rainbow": "s307",
        "rainbow_hex": "#00D6FF"
      },
      {
        "label": "E5",
        "chain_id": "A",
        "start": 39,
        "end": 45,
        "type": "E",
        "sheet_id": 1,
        "start_vector": [
          -0.152,
          9.489,
          -4.778
        ],
        "end_vector": [
          -17.669,
          -2.719,
          -8.449
        ],
        "domain": "1pmp_A_01",
        "color": "s466",
        "color_hex": "#00FF34",
        "rainbow": "s371",
        "rainbow_hex": "#00FFC5"
      },
      {
        "label": "E6",
        "chain_id": "A",
        "start": 48,
        "end": 54,
        "type": "E",
        "sheet_id": 1,
        "start_vector": [
          -14.485,
          -6.402,
          -6.111
        ],
        "end_vector": [
          2.578,
          7.008,
          -8.818
        ],
        "domain": "1pmp_A_01",
        "color": "s759",
        "color_hex": "#FF7100",
        "rainbow": "s432",
        "rainbow_hex": "#00FF68"
      },
      {
        "label": "E7",
        "chain_id": "A",
        "start": 59,
        "end": 64,
        "type": "E",
        "sheet_id": 1,
        "start_vector": [
          4.404,
          2.847,
          -12.091
        ],
        "end_vector": [
          -10.008,
          -8.448,
          -5.796
        ],
        "domain": "1pmp_A_01",
        "color": "s053",
        "color_hex": "#AD00FF",
        "rainbow": "s495",
        "rainbow_hex": "#00FF07"
      },
      {
        "label": "E8",
        "chain_id": "A",
        "start": 69,
        "end": 73,
        "type": "E",
        "sheet_id": 1,
        "start_vector": [
          -7.474,
          -15.425,
          -3.063
        ],
        "end_vector": [
          4.432,
          -7.542,
          -8.21
        ],
        "domain": "1pmp_A_01",
        "color": "s346",
        "color_hex": "#00FFEB",
        "rainbow": "s558",
        "rainbow_hex": "#58FF00"
      },
      {
        "label": "E10",
        "chain_id": "A",
        "start": 79,
        "end": 87,
        "type": "E",
        "sheet_id": 1,
        "start_vector": [
          5.816,
          -13.198,
          -6.857
        ],
        "end_vector": [
          -13.631,
          -6.106,
          9.245
        ],
        "domain": "1pmp_A_01",
        "color": "s933",
        "color_hex": "#FF0098",
        "rainbow": "s623",
        "rainbow_hex": "#BCFF00"
      },
      {
        "label": "E11",
        "chain_id": "A",
        "start": 90,
        "end": 97,
        "type": "E",
        "sheet_id": 1,
        "start_vector": [
          -10.678,
          -0.08,
          7.753
        ],
        "end_vector": [
          7.494,
          -15.504,
          -0.122
        ],
        "domain": "1pmp_A_01",
        "color": "s226",
        "color_hex": "#005AFF",
        "rainbow": "s686",
        "rainbow_hex": "#FFE100"
      },
      {
        "label": "E12",
        "chain_id": "A",
        "start": 100,
        "end": 109,
        "type": "E",
        "sheet_id": 1,
        "start_vector": [
          8.285,
          -15.338,
          3.835
        ],
        "end_vector": [
          -10.11,
          9.979,
          9.106
        ],
        "domain": "1pmp_A_01",
        "color": "s519",
        "color_hex": "#1DFF00",
        "rainbow": "s749",
        "rainbow_hex": "#FF8100"
      },
      {
        "label": "E13",
        "chain_id": "A",
        "start": 112,
        "end": 118,
        "type": "E",
        "sheet_id": 1,
        "start_vector": [
          -8.392,
          11.687,
          5.566
        ],
        "end_vector": [
          6.43,
          -3.798,
          8.229
        ],
        "domain": "1pmp_A_01",
        "color": "s813",
        "color_hex": "#FF1F00",
        "rainbow": "s810",
        "rainbow_hex": "#FF2300"
      },
      {
        "label": "E14",
        "chain_id": "A",
        "start": 123,
        "end": 130,
        "type": "E",
        "sheet_id": 1,
        "start_vector": [
          8.988,
          1.04,
          11.451
        ],
        "end_vector": [
          -7.66,
          15.23,
          -1.179
        ],
        "nested_sses": [
          {
            "label": null,
            "chain_id": "A",
            "start": 127,
            "end": 127,
            "type": "n",
            "sheet_id": -2,
            "comment": "A_C_NcCN_"
          }
        ],
        "domain": "1pmp_A_01",
        "color": "s106",
        "color_hex": "#5C00FF",
        "rainbow": "s870",
        "rainbow_hex": "#FF0038"
      }
    ]
  }
}
