{
  "2wut_A_01": {
    "secondary_structure_elements": [
      {
        "label": "H0",
        "chain_id": "A",
        "start": 4,
        "end": 6,
        "type": "G",
        "start_vector": [
          -16.331,
          3.984,
          2.575
        ],
        "end_vector": [
          -13.056,
          6.408,
          -1.199
        ],
        "nested_sses": [
          {
            "label": null,
            "chain_id": "A",
            "start": 4,
            "end": 6,
            "type": "G"
          }
        ],
        "domain": "2wut_A_01",
        "color": "s000",
        "color_hex": "#FF00FF",
        "rainbow": "s125",
        "rainbow_hex": "#3F00FF"
      },
      {
        "label": "E1",
        "chain_id": "A",
        "start": 8,
        "end": 16,
        "type": "E",
        "sheet_id": 1,
        "start_vector": [
          -10.824,
          10.752,
          -5.934
        ],
        "end_vector": [
          9.358,
          11.011,
          6.454
        ],
        "nested_sses": [
          {
            "label": null,
            "chain_id": "A",
            "start": 13,
            "end": 14,
            "type": "N",
            "sheet_id": -2,
            "comment": "A_NcCN_C_"
          }
        ],
        "domain": "2wut_A_01",
        "color": "s293",
        "color_hex": "#00C1FF",
        "rainbow": "s181",
        "rainbow_hex": "#0015FF"
      },
      {
        "label": "H2",
        "chain_id": "A",
        "start": 18,
        "end": 25,
        "type": "H",
        "start_vector": [
          11.657,
          5.834,
          6.119
        ],
        "end_vector": [
          14.442,
          -5.886,
          2.536
        ],
        "nested_sses": [
          {
            "label": null,
            "chain_id": "A",
            "start": 18,
            "end": 24,
            "type": "H"
          }
        ],
        "domain": "2wut_A_01",
        "color": "s586",
        "color_hex": "#83FF00",
        "rainbow": "s244",
        "rainbow_hex": "#0076FF"
      },
      {
        "label": "H3",
        "chain_id": "A",
        "start": 29,
        "end": 37,
        "type": "H",
        "start_vector": [
          20.035,
          1.039,
          -4.666
        ],
        "end_vector": [
          9.722,
          10.493,
          -2.935
        ],
        "nested_sses": [
          {
            "label": null,
            "chain_id": "A",
            "start": 29,
            "end": 37,
            "type": "H"
          }
        ],
        "domain": "2wut_A_01",
        "color": "s879",
        "color_hex": "#FF0045",
        "rainbow": "s307",
        "rainbow_hex": "#00D6FF"
      },
      {
        "label": "E5",
        "chain_id": "A",
        "start": 41,
        "end": 47,
        "type": "E",
        "sheet_id": 1,
        "start_vector": [
          -0.075,
          9.53,
          -4.95
        ],
        "end_vector": [
          -18.028,
          -2.981,
          -8.091
        ],
        "domain": "2wut_A_01",
        "color": "s466",
        "color_hex": "#00FF34",
        "rainbow": "s371",
        "rainbow_hex": "#00FFC5"
      },
      {
        "label": "E6",
        "chain_id": "A",
        "start": 50,
        "end": 56,
        "type": "E",
        "sheet_id": 1,
        "start_vector": [
          -14.795,
          -6.43,
          -5.514
        ],
        "end_vector": [
          2.552,
          6.693,
          -8.872
        ],
        "domain": "2wut_A_01",
        "color": "s759",
        "color_hex": "#FF7100",
        "rainbow": "s432",
        "rainbow_hex": "#00FF68"
      },
      {
        "label": "E7",
        "chain_id": "A",
        "start": 62,
        "end": 66,
        "type": "E",
        "sheet_id": 1,
        "start_vector": [
          1.821,
          0.518,
          -10.697
        ],
        "end_vector": [
          -10.208,
          -8.627,
          -5.443
        ],
        "domain": "2wut_A_01",
        "color": "s053",
        "color_hex": "#AD00FF",
        "rainbow": "s495",
        "rainbow_hex": "#00FF07"
      },
      {
        "label": "E8",
        "chain_id": "A",
        "start": 72,
        "end": 75,
        "type": "E",
        "sheet_id": 1,
        "start_vector": [
          -4.376,
          -14.126,
          -5.035
        ],
        "end_vector": [
          4.236,
          -6.799,
          -7.866
        ],
        "domain": "2wut_A_01",
        "color": "s346",
        "color_hex": "#00FFEB",
        "rainbow": "s558",
        "rainbow_hex": "#58FF00"
      },
      {
        "label": "E10",
        "chain_id": "A",
        "start": 81,
        "end": 89,
        "type": "E",
        "sheet_id": 1,
        "start_vector": [
          5.765,
          -12.929,
          -7.079
        ],
        "end_vector": [
          -13.34,
          -6.174,
          9.479
        ],
        "domain": "2wut_A_01",
        "color": "s933",
        "color_hex": "#FF0098",
        "rainbow": "s623",
        "rainbow_hex": "#BCFF00"
      },
      {
        "label": "E11",
        "chain_id": "A",
        "start": 92,
        "end": 99,
        "type": "E",
        "sheet_id": 1,
        "start_vector": [
          -10.698,
          -0.312,
          7.591
        ],
        "end_vector": [
          7.643,
          -14.973,
          -0.692
        ],
        "domain": "2wut_A_01",
        "color": "s226",
        "color_hex": "#005AFF",
        "rainbow": "s686",
        "rainbow_hex": "#FFE100"
      },
      {
        "label": "E12",
        "chain_id": "A",
        "start": 102,
        "end": 111,
        "type": "E",
        "sheet_id": 1,
        "start_vector": [
          8.234,
          -15.05,
          3.364
        ],
        "end_vector": [
          -10.084,
          9.978,
          8.815
        ],
        "domain": "2wut_A_01",
        "color": "s519",
        "color_hex": "#1DFF00",
        "rainbow": "s749",
        "rainbow_hex": "#FF8100"
      },
      {
        "label": "E13",
        "chain_id": "A",
        "start": 114,
        "end": 121,
        "type": "E",
        "sheet_id": 1,
        "start_vector": [
          -8.367,
          11.566,
          4.997
        ],
        "end_vector": [
          8.761,
          -6.146,
          8.793
        ],
        "domain": "2wut_A_01",
        "color": "s813",
        "color_hex": "#FF1F00",
        "rainbow": "s810",
        "rainbow_hex": "#FF2300"
      },
      {
        "label": "E14",
        "chain_id": "A",
        "start": 124,
        "end": 132,
        "type": "E",
        "sheet_id": 1,
        "start_vector": [
          10.568,
          -1.641,
          12.792
        ],
        "end_vector": [
          -7.286,
          15.588,
          -1.221
        ],
        "nested_sses": [
          {
            "label": null,
            "chain_id": "A",
            "start": 129,
            "end": 129,
            "type": "n",
            "sheet_id": -2,
            "comment": "A_C_NcCN_"
          }
        ],
        "domain": "2wut_A_01",
        "color": "s106",
        "color_hex": "#5C00FF",
        "rainbow": "s870",
        "rainbow_hex": "#FF0038"
      }
    ]
  }
}
