{
  "2wut_A_01": {
    "software": "SecStrAnnotator 2.2 [2022-01-02]",
    "args": "--onlyssa --verbose --batch /srv/var/jobs/Running/a6716a11-bfa3-42f8-9ea1-cb6224f23481/job_data/cif_cealign /srv/var/jobs/Running/a6716a11-bfa3-42f8-9ea1-cb6224f23481/job_data/cif_cealign/domain_batch.txt",
    "found": 13,
    "secondary_structure_elements": [
      {"label": "H0", "chain_id": "A", "start": 4, "end": 6, "type": "G", "start_vector": [-16.331, 3.984, 2.575], "end_vector": [-13.056, 6.408, -1.199], "nested_sses": [{"label": null, "chain_id": "A", "start": 4, "end": 6, "type": "G"}]},
      {"label": "E1", "chain_id": "A", "start": 8, "end": 16, "type": "E", "sheet_id": 1, "start_vector": [-10.824, 10.752, -5.934], "end_vector": [9.358, 11.011, 6.454], "minor_axis": [0.021, -1, -0.014], "nested_sses": [{"label": null, "chain_id": "A", "start": 13, "end": 14, "type": "N", "sheet_id": -2, "comment": "A_NcCN_C_"}]},
      {"label": "H2", "chain_id": "A", "start": 18, "end": 25, "type": "H", "start_vector": [11.657, 5.834, 6.119], "end_vector": [14.442, -5.886, 2.536], "nested_sses": [{"label": null, "chain_id": "A", "start": 18, "end": 24, "type": "H"}]},
      {"label": "H3", "chain_id": "A", "start": 29, "end": 37, "type": "H", "start_vector": [20.035, 1.039, -4.666], "end_vector": [9.722, 10.493, -2.935], "nested_sses": [{"label": null, "chain_id": "A", "start": 29, "end": 37, "type": "H"}]},
      {"label": "E4", "chain_id": "A", "start": 41, "end": 47, "type": "E", "sheet_id": 1, "start_vector": [-0.075, 9.53, -4.95], "end_vector": [-18.028, -2.981, -8.091], "minor_axis": [0.583, -0.781, -0.223]},
      {"label": "E5", "chain_id": "A", "start": 50, "end": 56, "type": "E", "sheet_id": 1, "start_vector": [-14.795, -6.43, -5.514], "end_vector": [2.552, 6.693, -8.872], "minor_axis": [0.572, -0.801, -0.177]},
      {"label": "E6", "chain_id": "A", "start": 62, "end": 66, "type": "E", "sheet_id": 1, "start_vector": [1.821, 0.518, -10.697], "end_vector": [-10.208, -8.627, -5.443], "minor_axis": [0.527, -0.82, -0.221]},
      {"label": "E7", "chain_id": "A", "start": 72, "end": 75, "type": "E", "sheet_id": 1, "start_vector": [-4.376, -14.126, -5.035], "end_vector": [4.236, -6.799, -7.866], "minor_axis": [0.578, -0.405, 0.709]},
      {"label": "E8", "chain_id": "A", "start": 81, "end": 89, "type": "E", "sheet_id": 1, "start_vector": [5.765, -12.929, -7.079], "end_vector": [-13.34, -6.174, 9.479], "minor_axis": [0.649, 0.551, 0.524]},
      {"label": "E9", "chain_id": "A", "start": 92, "end": 99, "type": "E", "sheet_id": 1, "start_vector": [-10.698, -0.312, 7.591], "end_vector": [7.643, -14.973, -0.692], "minor_axis": [0.665, 0.541, 0.515]},
      {"label": "E10", "chain_id": "A", "start": 102, "end": 111, "type": "E", "sheet_id": 1, "start_vector": [8.234, -15.05, 3.364], "end_vector": [-10.084, 9.978, 8.815], "minor_axis": [0.79, 0.502, 0.351]},
      {"label": "E11", "chain_id": "A", "start": 114, "end": 121, "type": "E", "sheet_id": 1, "start_vector": [-8.367, 11.566, 4.997], "end_vector": [8.761, -6.146, 8.793], "minor_axis": [0.725, 0.686, -0.069]},
      {"label": "E12", "chain_id": "A", "start": 124, "end": 132, "type": "E", "sheet_id": 1, "start_vector": [10.568, -1.641, 12.792], "end_vector": [-7.286, 15.588, -1.221], "minor_axis": [-0.551, -0.79, -0.269], "nested_sses": [{"label": null, "chain_id": "A", "start": 129, "end": 129, "type": "n", "sheet_id": -2, "comment": "A_C_NcCN_"}]}
    ],
    "beta_connectivity": [
      ["E1", "E4", -1],
      ["E1", "E12", -1],
      ["E4", "E5", -1],
      ["E5", "E6", -1],
      ["E7", "E8", -1],
      ["E8", "E9", -1],
      ["E9", "E10", -1],
      ["E10", "E11", -1],
      ["E11", "E12", -1]
    ],
    "hydrogen_bonds": [
      ["A", 6, "A", 3],
      ["A", 7, "A", 4],
      ["A", 8, "A", 44],
      ["A", 10, "A", 42],
      ["A", 11, "A", 131],
      ["A", 12, "A", 40],
      ["A", 13, "A", 129],
      ["A", 14, "A", 129],
      ["A", 16, "A", 127],
      ["A", 21, "A", 17],
      ["A", 22, "A", 18],
      ["A", 23, "A", 19],
      ["A", 24, "A", 20],
      ["A", 25, "A", 21],
      ["A", 26, "A", 23],
      ["A", 27, "A", 22],
      ["A", 32, "A", 28],
      ["A", 33, "A", 29],
      ["A", 34, "A", 30],
      ["A", 35, "A", 31],
      ["A", 36, "A", 32],
      ["A", 37, "A", 33],
      ["A", 38, "A", 34],
      ["A", 41, "A", 56],
      ["A", 42, "A", 10],
      ["A", 43, "A", 54],
      ["A", 44, "A", 8],
      ["A", 44, "A", 42],
      ["A", 45, "A", 52],
      ["A", 47, "A", 50],
      ["A", 50, "A", 47],
      ["A", 51, "A", 49],
      ["A", 51, "A", 66],
      ["A", 52, "A", 45],
      ["A", 53, "A", 64],
      ["A", 54, "A", 43],
      ["A", 55, "A", 62],
      ["A", 56, "A", 41],
      ["A", 62, "A", 55],
      ["A", 64, "A", 53],
      ["A", 66, "A", 51],
      ["A", 69, "A", 86],
      ["A", 70, "A", 67],
      ["A", 71, "A", 69],
      ["A", 72, "A", 84],
      ["A", 74, "A", 82],
      ["A", 76, "A", 80],
      ["A", 79, "A", 76],
      ["A", 82, "A", 74],
      ["A", 82, "A", 80],
      ["A", 83, "A", 98],
      ["A", 84, "A", 72],
      ["A", 84, "A", 82],
      ["A", 85, "A", 96],
      ["A", 87, "A", 85],
      ["A", 87, "A", 94],
      ["A", 89, "A", 92],
      ["A", 92, "A", 89],
      ["A", 93, "A", 108],
      ["A", 94, "A", 87],
      ["A", 94, "A", 92],
      ["A", 95, "A", 93],
      ["A", 95, "A", 106],
      ["A", 96, "A", 85],
      ["A", 96, "A", 94],
      ["A", 97, "A", 104],
      ["A", 98, "A", 83],
      ["A", 99, "A", 102],
      ["A", 102, "A", 99],
      ["A", 104, "A", 97],
      ["A", 105, "A", 120],
      ["A", 106, "A", 95],
      ["A", 107, "A", 118],
      ["A", 108, "A", 93],
      ["A", 108, "A", 106],
      ["A", 109, "A", 116],
      ["A", 111, "A", 114],
      ["A", 114, "A", 111],
      ["A", 115, "A", 130],
      ["A", 116, "A", 109],
      ["A", 116, "A", 114],
      ["A", 117, "A", 115],
      ["A", 117, "A", 128],
      ["A", 118, "A", 107],
      ["A", 118, "A", 116],
      ["A", 119, "A", 117],
      ["A", 119, "A", 126],
      ["A", 120, "A", 105],
      ["A", 120, "A", 118],
      ["A", 121, "A", 124],
      ["A", 124, "A", 121],
      ["A", 126, "A", 119],
      ["A", 127, "A", 16],
      ["A", 128, "A", 117],
      ["A", 129, "A", 14],
      ["A", 130, "A", 115],
      ["A", 131, "A", 11],
      ["A", 133, "A", 9]
    ]
  }
}
