{
    "3nr3_A_01": {
        "software": "SecStrAnnotator 2.2 [2020-07-01]",
        "args": "--onlyssa --verbose /server_data/overprot_data/jobs/Running/b0978d1b-72aa-43e3-ae21-11aa3cf65871/job_data/cif_cealign/ 3nr3_A_01,A",
        "found": 13,
        "secondary_structure_elements": [
            { "label": "G0", "chain_id": "A", "start": 24, "end": 26, "type": "G", "start_vector": [ -15.407, 2.113, 2.493 ], "end_vector": [ -13.188, 5.821, -0.505 ], "nested_sses": [ { "label": null, "chain_id": "A", "start": 24, "end": 26, "type": "G" } ] },
            { "label": "E1", "chain_id": "A", "start": 28, "end": 36, "type": "E", "sheet_id": 1, "start_vector": [ -10.879, 10.457, -5.592 ], "end_vector": [ 9.349, 11.187, 6.231 ], "nested_sses": [ { "label": null, "chain_id": "A", "start": 33, "end": 34, "type": "N", "sheet_id": -2, "comment": "A_NcCN_C_" } ] },
            { "label": "H2", "chain_id": "A", "start": 38, "end": 45, "type": "H", "start_vector": [ 11.723, 5.809, 6.027 ], "end_vector": [ 14.316, -5.916, 2.465 ], "nested_sses": [ { "label": null, "chain_id": "A", "start": 38, "end": 45, "type": "H" } ] },
            { "label": "H3", "chain_id": "A", "start": 49, "end": 57, "type": "H", "start_vector": [ 19.977, 1.059, -4.529 ], "end_vector": [ 9.632, 10.449, -3.026 ], "nested_sses": [ { "label": null, "chain_id": "A", "start": 49, "end": 57, "type": "H" } ] },
            { "label": "E4", "chain_id": "A", "start": 61, "end": 67, "type": "E", "sheet_id": 1, "start_vector": [ -0.122, 9.307, -4.752 ], "end_vector": [ -17.833, -2.949, -8.06 ] },
            { "label": "E5", "chain_id": "A", "start": 70, "end": 76, "type": "E", "sheet_id": 1, "start_vector": [ -14.732, -6.564, -5.925 ], "end_vector": [ 2.506, 6.694, -8.781 ] },
            { "label": "E6", "chain_id": "A", "start": 82, "end": 86, "type": "E", "sheet_id": 1, "start_vector": [ 1.8, 0.591, -10.869 ], "end_vector": [ -10.153, -8.689, -5.863 ] },
            { "label": "E7", "chain_id": "A", "start": 92, "end": 95, "type": "E", "sheet_id": 1, "start_vector": [ -4.319, -14.122, -4.898 ], "end_vector": [ 4.324, -6.969, -7.888 ] },
            { "label": "E8", "chain_id": "A", "start": 101, "end": 109, "type": "E", "sheet_id": 1, "start_vector": [ 5.8, -12.797, -6.928 ], "end_vector": [ -13.409, -6.091, 9.201 ] },
            { "label": "E9", "chain_id": "A", "start": 112, "end": 119, "type": "E", "sheet_id": 1, "start_vector": [ -10.608, -0.172, 7.699 ], "end_vector": [ 7.551, -14.914, -0.667 ] },
            { "label": "E10", "chain_id": "A", "start": 122, "end": 131, "type": "E", "sheet_id": 1, "start_vector": [ 8.088, -14.987, 3.468 ], "end_vector": [ -9.877, 10.101, 9.051 ] },
            { "label": "E11", "chain_id": "A", "start": 134, "end": 141, "type": "E", "sheet_id": 1, "start_vector": [ -8.28, 11.563, 5.208 ], "end_vector": [ 8.793, -6.067, 8.722 ] },
            { "label": "E12", "chain_id": "A", "start": 144, "end": 152, "type": "E", "sheet_id": 1, "start_vector": [ 10.585, -1.409, 12.655 ], "end_vector": [ -7.342, 15.458, -1.221 ], "nested_sses": [ { "label": null, "chain_id": "A", "start": 149, "end": 149, "type": "n", "sheet_id": -2, "comment": "A_C_NcCN_" } ] }
        ],
        "beta_connectivity": [
            [ "E1", "E4", -1 ],
            [ "E1", "E12", -1 ],
            [ "E4", "E5", -1 ],
            [ "E5", "E6", -1 ],
            [ "E7", "E8", -1 ],
            [ "E8", "E9", -1 ],
            [ "E9", "E10", -1 ],
            [ "E10", "E11", -1 ],
            [ "E11", "E12", -1 ]
        ],
        "hydrogen_bonds": [
            [ "A", 26, "A", 23 ],
            [ "A", 27, "A", 23 ],
            [ "A", 27, "A", 24 ],
            [ "A", 28, "A", 64 ],
            [ "A", 30, "A", 62 ],
            [ "A", 31, "A", 151 ],
            [ "A", 32, "A", 60 ],
            [ "A", 33, "A", 149 ],
            [ "A", 34, "A", 149 ],
            [ "A", 36, "A", 147 ],
            [ "A", 41, "A", 37 ],
            [ "A", 42, "A", 38 ],
            [ "A", 43, "A", 39 ],
            [ "A", 44, "A", 40 ],
            [ "A", 45, "A", 41 ],
            [ "A", 46, "A", 42 ],
            [ "A", 46, "A", 43 ],
            [ "A", 47, "A", 42 ],
            [ "A", 52, "A", 48 ],
            [ "A", 53, "A", 49 ],
            [ "A", 54, "A", 50 ],
            [ "A", 55, "A", 51 ],
            [ "A", 56, "A", 52 ],
            [ "A", 57, "A", 53 ],
            [ "A", 58, "A", 54 ],
            [ "A", 58, "A", 55 ],
            [ "A", 61, "A", 76 ],
            [ "A", 62, "A", 30 ],
            [ "A", 63, "A", 74 ],
            [ "A", 64, "A", 28 ],
            [ "A", 64, "A", 62 ],
            [ "A", 65, "A", 63 ],
            [ "A", 65, "A", 72 ],
            [ "A", 67, "A", 70 ],
            [ "A", 70, "A", 67 ],
            [ "A", 71, "A", 69 ],
            [ "A", 71, "A", 86 ],
            [ "A", 72, "A", 65 ],
            [ "A", 73, "A", 84 ],
            [ "A", 74, "A", 63 ],
            [ "A", 75, "A", 73 ],
            [ "A", 75, "A", 82 ],
            [ "A", 76, "A", 61 ],
            [ "A", 82, "A", 75 ],
            [ "A", 84, "A", 73 ],
            [ "A", 86, "A", 71 ],
            [ "A", 89, "A", 106 ],
            [ "A", 90, "A", 87 ],
            [ "A", 91, "A", 89 ],
            [ "A", 92, "A", 104 ],
            [ "A", 94, "A", 102 ],
            [ "A", 96, "A", 94 ],
            [ "A", 96, "A", 100 ],
            [ "A", 99, "A", 96 ],
            [ "A", 102, "A", 94 ],
            [ "A", 102, "A", 100 ],
            [ "A", 103, "A", 118 ],
            [ "A", 104, "A", 92 ],
            [ "A", 104, "A", 102 ],
            [ "A", 105, "A", 116 ],
            [ "A", 107, "A", 114 ],
            [ "A", 109, "A", 112 ],
            [ "A", 112, "A", 109 ],
            [ "A", 113, "A", 111 ],
            [ "A", 113, "A", 128 ],
            [ "A", 114, "A", 107 ],
            [ "A", 114, "A", 112 ],
            [ "A", 115, "A", 113 ],
            [ "A", 115, "A", 126 ],
            [ "A", 116, "A", 105 ],
            [ "A", 116, "A", 114 ],
            [ "A", 117, "A", 124 ],
            [ "A", 118, "A", 103 ],
            [ "A", 119, "A", 122 ],
            [ "A", 122, "A", 119 ],
            [ "A", 124, "A", 117 ],
            [ "A", 125, "A", 140 ],
            [ "A", 126, "A", 115 ],
            [ "A", 127, "A", 138 ],
            [ "A", 128, "A", 113 ],
            [ "A", 128, "A", 126 ],
            [ "A", 129, "A", 136 ],
            [ "A", 131, "A", 134 ],
            [ "A", 134, "A", 131 ],
            [ "A", 135, "A", 150 ],
            [ "A", 136, "A", 129 ],
            [ "A", 136, "A", 134 ],
            [ "A", 137, "A", 135 ],
            [ "A", 137, "A", 148 ],
            [ "A", 138, "A", 127 ],
            [ "A", 138, "A", 136 ],
            [ "A", 139, "A", 137 ],
            [ "A", 139, "A", 146 ],
            [ "A", 140, "A", 125 ],
            [ "A", 140, "A", 138 ],
            [ "A", 141, "A", 144 ],
            [ "A", 144, "A", 141 ],
            [ "A", 145, "A", 143 ],
            [ "A", 146, "A", 139 ],
            [ "A", 147, "A", 36 ],
            [ "A", 148, "A", 137 ],
            [ "A", 149, "A", 34 ],
            [ "A", 150, "A", 135 ],
            [ "A", 151, "A", 31 ],
            [ "A", 153, "A", 29 ]
        ]
    }
}
