{
  "3nr3_A_01": {
    "secondary_structure_elements": [
      {
        "label": "H0",
        "chain_id": "A",
        "start": 24,
        "end": 26,
        "type": "G",
        "start_vector": [
          -15.407,
          2.113,
          2.493
        ],
        "end_vector": [
          -13.188,
          5.821,
          -0.505
        ],
        "nested_sses": [
          {
            "label": null,
            "chain_id": "A",
            "start": 24,
            "end": 26,
            "type": "G"
          }
        ],
        "domain": "3nr3_A_01",
        "color": "s000",
        "color_hex": "#FF00FF",
        "rainbow": "s125",
        "rainbow_hex": "#3F00FF"
      },
      {
        "label": "E1",
        "chain_id": "A",
        "start": 28,
        "end": 36,
        "type": "E",
        "sheet_id": 1,
        "start_vector": [
          -10.879,
          10.457,
          -5.592
        ],
        "end_vector": [
          9.349,
          11.187,
          6.231
        ],
        "minor_axis": [
          0.091,
          -0.991,
          -0.095
        ],
        "nested_sses": [
          {
            "label": null,
            "chain_id": "A",
            "start": 33,
            "end": 34,
            "type": "N",
            "sheet_id": -2,
            "comment": "A_NcCN_C_"
          }
        ],
        "domain": "3nr3_A_01",
        "color": "s293",
        "color_hex": "#00C1FF",
        "rainbow": "s181",
        "rainbow_hex": "#0015FF"
      },
      {
        "label": "H2",
        "chain_id": "A",
        "start": 38,
        "end": 45,
        "type": "H",
        "start_vector": [
          11.723,
          5.809,
          6.027
        ],
        "end_vector": [
          14.316,
          -5.916,
          2.465
        ],
        "nested_sses": [
          {
            "label": null,
            "chain_id": "A",
            "start": 38,
            "end": 45,
            "type": "H"
          }
        ],
        "domain": "3nr3_A_01",
        "color": "s586",
        "color_hex": "#83FF00",
        "rainbow": "s244",
        "rainbow_hex": "#0076FF"
      },
      {
        "label": "H3",
        "chain_id": "A",
        "start": 49,
        "end": 57,
        "type": "H",
        "start_vector": [
          19.977,
          1.059,
          -4.529
        ],
        "end_vector": [
          9.632,
          10.449,
          -3.026
        ],
        "nested_sses": [
          {
            "label": null,
            "chain_id": "A",
            "start": 49,
            "end": 57,
            "type": "H"
          }
        ],
        "domain": "3nr3_A_01",
        "color": "s879",
        "color_hex": "#FF0045",
        "rainbow": "s307",
        "rainbow_hex": "#00D6FF"
      },
      {
        "label": "E5",
        "chain_id": "A",
        "start": 61,
        "end": 67,
        "type": "E",
        "sheet_id": 1,
        "start_vector": [
          -0.122,
          9.307,
          -4.752
        ],
        "end_vector": [
          -17.833,
          -2.949,
          -8.06
        ],
        "minor_axis": [
          0.579,
          -0.752,
          -0.316
        ],
        "domain": "3nr3_A_01",
        "color": "s466",
        "color_hex": "#00FF34",
        "rainbow": "s371",
        "rainbow_hex": "#00FFC5"
      },
      {
        "label": "E6",
        "chain_id": "A",
        "start": 70,
        "end": 76,
        "type": "E",
        "sheet_id": 1,
        "start_vector": [
          -14.732,
          -6.564,
          -5.925
        ],
        "end_vector": [
          2.506,
          6.694,
          -8.781
        ],
        "minor_axis": [
          0.572,
          -0.791,
          -0.219
        ],
        "domain": "3nr3_A_01",
        "color": "s759",
        "color_hex": "#FF7100",
        "rainbow": "s432",
        "rainbow_hex": "#00FF68"
      },
      {
        "label": "E7",
        "chain_id": "A",
        "start": 82,
        "end": 86,
        "type": "E",
        "sheet_id": 1,
        "start_vector": [
          1.8,
          0.591,
          -10.869
        ],
        "end_vector": [
          -10.153,
          -8.689,
          -5.863
        ],
        "minor_axis": [
          0.522,
          -0.812,
          -0.259
        ],
        "domain": "3nr3_A_01",
        "color": "s053",
        "color_hex": "#AD00FF",
        "rainbow": "s495",
        "rainbow_hex": "#00FF07"
      },
      {
        "label": "E8",
        "chain_id": "A",
        "start": 92,
        "end": 95,
        "type": "E",
        "sheet_id": 1,
        "start_vector": [
          -4.319,
          -14.122,
          -4.898
        ],
        "end_vector": [
          4.324,
          -6.969,
          -7.888
        ],
        "minor_axis": [
          0.558,
          -0.361,
          0.747
        ],
        "domain": "3nr3_A_01",
        "color": "s346",
        "color_hex": "#00FFEB",
        "rainbow": "s558",
        "rainbow_hex": "#58FF00"
      },
      {
        "label": "E10",
        "chain_id": "A",
        "start": 101,
        "end": 109,
        "type": "E",
        "sheet_id": 1,
        "start_vector": [
          5.8,
          -12.797,
          -6.928
        ],
        "end_vector": [
          -13.409,
          -6.091,
          9.201
        ],
        "minor_axis": [
          0.647,
          0.524,
          0.553
        ],
        "domain": "3nr3_A_01",
        "color": "s933",
        "color_hex": "#FF0098",
        "rainbow": "s623",
        "rainbow_hex": "#BCFF00"
      },
      {
        "label": "E11",
        "chain_id": "A",
        "start": 112,
        "end": 119,
        "type": "E",
        "sheet_id": 1,
        "start_vector": [
          -10.608,
          -0.172,
          7.699
        ],
        "end_vector": [
          7.551,
          -14.914,
          -0.667
        ],
        "minor_axis": [
          0.682,
          0.617,
          0.393
        ],
        "domain": "3nr3_A_01",
        "color": "s226",
        "color_hex": "#005AFF",
        "rainbow": "s686",
        "rainbow_hex": "#FFE100"
      },
      {
        "label": "E12",
        "chain_id": "A",
        "start": 122,
        "end": 131,
        "type": "E",
        "sheet_id": 1,
        "start_vector": [
          8.088,
          -14.987,
          3.468
        ],
        "end_vector": [
          -9.877,
          10.101,
          9.051
        ],
        "minor_axis": [
          0.805,
          0.509,
          0.303
        ],
        "domain": "3nr3_A_01",
        "color": "s519",
        "color_hex": "#1DFF00",
        "rainbow": "s749",
        "rainbow_hex": "#FF8100"
      },
      {
        "label": "E13",
        "chain_id": "A",
        "start": 134,
        "end": 141,
        "type": "E",
        "sheet_id": 1,
        "start_vector": [
          -8.28,
          11.563,
          5.208
        ],
        "end_vector": [
          8.793,
          -6.067,
          8.722
        ],
        "minor_axis": [
          0.723,
          0.687,
          -0.069
        ],
        "domain": "3nr3_A_01",
        "color": "s813",
        "color_hex": "#FF1F00",
        "rainbow": "s810",
        "rainbow_hex": "#FF2300"
      },
      {
        "label": "E14",
        "chain_id": "A",
        "start": 144,
        "end": 152,
        "type": "E",
        "sheet_id": 1,
        "start_vector": [
          10.585,
          -1.409,
          12.655
        ],
        "end_vector": [
          -7.342,
          15.458,
          -1.221
        ],
        "minor_axis": [
          -0.582,
          -0.787,
          -0.204
        ],
        "nested_sses": [
          {
            "label": null,
            "chain_id": "A",
            "start": 149,
            "end": 149,
            "type": "n",
            "sheet_id": -2,
            "comment": "A_C_NcCN_"
          }
        ],
        "domain": "3nr3_A_01",
        "color": "s106",
        "color_hex": "#5C00FF",
        "rainbow": "s870",
        "rainbow_hex": "#FF0038"
      }
    ]
  }
}
