{
  "4a1h_A_01": {
    "secondary_structure_elements": [
      {
        "label": "H0",
        "chain_id": "A",
        "start": 4,
        "end": 6,
        "type": "G",
        "start_vector": [
          -16.267,
          3.853,
          2.518
        ],
        "end_vector": [
          -13,
          6.312,
          -1.167
        ],
        "nested_sses": [
          {
            "label": null,
            "chain_id": "A",
            "start": 4,
            "end": 6,
            "type": "G"
          }
        ],
        "domain": "4a1h_A_01",
        "color": "s000",
        "color_hex": "#FF00FF",
        "rainbow": "s125",
        "rainbow_hex": "#3F00FF"
      },
      {
        "label": "E1",
        "chain_id": "A",
        "start": 8,
        "end": 16,
        "type": "E",
        "sheet_id": 1,
        "start_vector": [
          -10.71,
          10.759,
          -5.877
        ],
        "end_vector": [
          9.318,
          11.009,
          6.553
        ],
        "nested_sses": [
          {
            "label": null,
            "chain_id": "A",
            "start": 13,
            "end": 14,
            "type": "N",
            "sheet_id": -2,
            "comment": "A_NcCN_C_"
          }
        ],
        "domain": "4a1h_A_01",
        "color": "s293",
        "color_hex": "#00C1FF",
        "rainbow": "s181",
        "rainbow_hex": "#0015FF"
      },
      {
        "label": "H2",
        "chain_id": "A",
        "start": 18,
        "end": 25,
        "type": "H",
        "start_vector": [
          11.485,
          5.806,
          6.053
        ],
        "end_vector": [
          14.411,
          -5.898,
          2.742
        ],
        "nested_sses": [
          {
            "label": null,
            "chain_id": "A",
            "start": 18,
            "end": 25,
            "type": "H"
          }
        ],
        "domain": "4a1h_A_01",
        "color": "s586",
        "color_hex": "#83FF00",
        "rainbow": "s244",
        "rainbow_hex": "#0076FF"
      },
      {
        "label": "H3",
        "chain_id": "A",
        "start": 29,
        "end": 37,
        "type": "H",
        "start_vector": [
          18.854,
          0.302,
          -5.413
        ],
        "end_vector": [
          9.902,
          10.742,
          -2.476
        ],
        "nested_sses": [
          {
            "label": null,
            "chain_id": "A",
            "start": 29,
            "end": 35,
            "type": "H"
          }
        ],
        "domain": "4a1h_A_01",
        "color": "s879",
        "color_hex": "#FF0045",
        "rainbow": "s307",
        "rainbow_hex": "#00D6FF"
      },
      {
        "label": "E5",
        "chain_id": "A",
        "start": 41,
        "end": 47,
        "type": "E",
        "sheet_id": 1,
        "start_vector": [
          0.096,
          9.549,
          -5.128
        ],
        "end_vector": [
          -18.194,
          -2.83,
          -7.475
        ],
        "domain": "4a1h_A_01",
        "color": "s466",
        "color_hex": "#00FF34",
        "rainbow": "s371",
        "rainbow_hex": "#00FFC5"
      },
      {
        "label": "E6",
        "chain_id": "A",
        "start": 50,
        "end": 56,
        "type": "E",
        "sheet_id": 1,
        "start_vector": [
          -14.838,
          -6.559,
          -5.51
        ],
        "end_vector": [
          2.589,
          6.889,
          -8.883
        ],
        "domain": "4a1h_A_01",
        "color": "s759",
        "color_hex": "#FF7100",
        "rainbow": "s432",
        "rainbow_hex": "#00FF68"
      },
      {
        "label": "E7",
        "chain_id": "A",
        "start": 61,
        "end": 66,
        "type": "E",
        "sheet_id": 1,
        "start_vector": [
          4.681,
          2.986,
          -11.563
        ],
        "end_vector": [
          -10.009,
          -8.534,
          -5.85
        ],
        "domain": "4a1h_A_01",
        "color": "s053",
        "color_hex": "#AD00FF",
        "rainbow": "s495",
        "rainbow_hex": "#00FF07"
      },
      {
        "label": "E8",
        "chain_id": "A",
        "start": 72,
        "end": 75,
        "type": "E",
        "sheet_id": 1,
        "start_vector": [
          -3.968,
          -14.239,
          -5.01
        ],
        "end_vector": [
          4.576,
          -7.035,
          -7.951
        ],
        "domain": "4a1h_A_01",
        "color": "s346",
        "color_hex": "#00FFEB",
        "rainbow": "s558",
        "rainbow_hex": "#58FF00"
      },
      {
        "label": "E10",
        "chain_id": "A",
        "start": 81,
        "end": 89,
        "type": "E",
        "sheet_id": 1,
        "start_vector": [
          6.086,
          -12.975,
          -6.906
        ],
        "end_vector": [
          -13.322,
          -6.185,
          9.145
        ],
        "domain": "4a1h_A_01",
        "color": "s933",
        "color_hex": "#FF0098",
        "rainbow": "s623",
        "rainbow_hex": "#BCFF00"
      },
      {
        "label": "E11",
        "chain_id": "A",
        "start": 92,
        "end": 99,
        "type": "E",
        "sheet_id": 1,
        "start_vector": [
          -10.727,
          -0.397,
          7.326
        ],
        "end_vector": [
          7.831,
          -14.958,
          -0.463
        ],
        "domain": "4a1h_A_01",
        "color": "s226",
        "color_hex": "#005AFF",
        "rainbow": "s686",
        "rainbow_hex": "#FFE100"
      },
      {
        "label": "E12",
        "chain_id": "A",
        "start": 102,
        "end": 111,
        "type": "E",
        "sheet_id": 1,
        "start_vector": [
          8.239,
          -15.216,
          3.601
        ],
        "end_vector": [
          -10.034,
          10.127,
          8.591
        ],
        "domain": "4a1h_A_01",
        "color": "s519",
        "color_hex": "#1DFF00",
        "rainbow": "s749",
        "rainbow_hex": "#FF8100"
      },
      {
        "label": "E13",
        "chain_id": "A",
        "start": 114,
        "end": 121,
        "type": "E",
        "sheet_id": 1,
        "start_vector": [
          -8.408,
          11.617,
          4.848
        ],
        "end_vector": [
          8.701,
          -6.073,
          8.998
        ],
        "domain": "4a1h_A_01",
        "color": "s813",
        "color_hex": "#FF1F00",
        "rainbow": "s810",
        "rainbow_hex": "#FF2300"
      },
      {
        "label": "E14",
        "chain_id": "A",
        "start": 124,
        "end": 133,
        "type": "E",
        "sheet_id": 1,
        "start_vector": [
          10.506,
          -1.506,
          12.906
        ],
        "end_vector": [
          -8.801,
          16.976,
          -2.425
        ],
        "nested_sses": [
          {
            "label": null,
            "chain_id": "A",
            "start": 129,
            "end": 129,
            "type": "n",
            "sheet_id": -2,
            "comment": "A_C_NcCN_"
          }
        ],
        "domain": "4a1h_A_01",
        "color": "s106",
        "color_hex": "#5C00FF",
        "rainbow": "s870",
        "rainbow_hex": "#FF0038"
      }
    ]
  }
}
