{
  "4a1h_A_01": {
    "software": "SecStrAnnotator 2.2 [2022-01-02]",
    "args": "--onlyssa --verbose --batch /srv/var/jobs/Running/a6716a11-bfa3-42f8-9ea1-cb6224f23481/job_data/cif_cealign /srv/var/jobs/Running/a6716a11-bfa3-42f8-9ea1-cb6224f23481/job_data/cif_cealign/domain_batch.txt",
    "found": 13,
    "secondary_structure_elements": [
      {"label": "H0", "chain_id": "A", "start": 4, "end": 6, "type": "G", "start_vector": [-16.267, 3.853, 2.518], "end_vector": [-13, 6.312, -1.167], "nested_sses": [{"label": null, "chain_id": "A", "start": 4, "end": 6, "type": "G"}]},
      {"label": "E1", "chain_id": "A", "start": 8, "end": 16, "type": "E", "sheet_id": 1, "start_vector": [-10.71, 10.759, -5.877], "end_vector": [9.318, 11.009, 6.553], "minor_axis": [-0.005, -1, 0.028], "nested_sses": [{"label": null, "chain_id": "A", "start": 13, "end": 14, "type": "N", "sheet_id": -2, "comment": "A_NcCN_C_"}]},
      {"label": "H2", "chain_id": "A", "start": 18, "end": 25, "type": "H", "start_vector": [11.485, 5.806, 6.053], "end_vector": [14.411, -5.898, 2.742], "nested_sses": [{"label": null, "chain_id": "A", "start": 18, "end": 25, "type": "H"}]},
      {"label": "H3", "chain_id": "A", "start": 29, "end": 37, "type": "H", "start_vector": [18.854, 0.302, -5.413], "end_vector": [9.902, 10.742, -2.476], "nested_sses": [{"label": null, "chain_id": "A", "start": 29, "end": 35, "type": "H"}]},
      {"label": "E4", "chain_id": "A", "start": 41, "end": 47, "type": "E", "sheet_id": 1, "start_vector": [0.096, 9.549, -5.128], "end_vector": [-18.194, -2.83, -7.475], "minor_axis": [0.56, -0.77, -0.304]},
      {"label": "E5", "chain_id": "A", "start": 50, "end": 56, "type": "E", "sheet_id": 1, "start_vector": [-14.838, -6.559, -5.51], "end_vector": [2.589, 6.889, -8.883], "minor_axis": [0.564, -0.791, -0.238]},
      {"label": "E6", "chain_id": "A", "start": 61, "end": 66, "type": "E", "sheet_id": 1, "start_vector": [4.681, 2.986, -11.563], "end_vector": [-10.009, -8.534, -5.85], "minor_axis": [0.49, -0.798, -0.351]},
      {"label": "E7", "chain_id": "A", "start": 72, "end": 75, "type": "E", "sheet_id": 1, "start_vector": [-3.968, -14.239, -5.01], "end_vector": [4.576, -7.035, -7.951], "minor_axis": [0.533, -0.312, 0.786]},
      {"label": "E8", "chain_id": "A", "start": 81, "end": 89, "type": "E", "sheet_id": 1, "start_vector": [6.086, -12.975, -6.906], "end_vector": [-13.322, -6.185, 9.145], "minor_axis": [0.641, 0.538, 0.547]},
      {"label": "E9", "chain_id": "A", "start": 92, "end": 99, "type": "E", "sheet_id": 1, "start_vector": [-10.727, -0.397, 7.326], "end_vector": [7.831, -14.958, -0.463], "minor_axis": [0.663, 0.621, 0.418]},
      {"label": "E10", "chain_id": "A", "start": 102, "end": 111, "type": "E", "sheet_id": 1, "start_vector": [8.239, -15.216, 3.601], "end_vector": [-10.034, 10.127, 8.591], "minor_axis": [0.807, 0.531, 0.259]},
      {"label": "E11", "chain_id": "A", "start": 114, "end": 121, "type": "E", "sheet_id": 1, "start_vector": [-8.408, 11.617, 4.848], "end_vector": [8.701, -6.073, 8.998], "minor_axis": [0.727, 0.68, -0.098]},
      {"label": "E12", "chain_id": "A", "start": 124, "end": 133, "type": "E", "sheet_id": 1, "start_vector": [10.506, -1.506, 12.906], "end_vector": [-8.801, 16.976, -2.425], "minor_axis": [-0.477, -0.8, -0.364], "nested_sses": [{"label": null, "chain_id": "A", "start": 129, "end": 129, "type": "n", "sheet_id": -2, "comment": "A_C_NcCN_"}]}
    ],
    "beta_connectivity": [
      ["E1", "E4", -1],
      ["E1", "E12", -1],
      ["E4", "E5", -1],
      ["E5", "E6", -1],
      ["E7", "E8", -1],
      ["E8", "E9", -1],
      ["E9", "E10", -1],
      ["E10", "E11", -1],
      ["E11", "E12", -1]
    ],
    "hydrogen_bonds": [
      ["A", 6, "A", 3],
      ["A", 7, "A", 4],
      ["A", 8, "A", 44],
      ["A", 9, "A", 133],
      ["A", 10, "A", 8],
      ["A", 10, "A", 42],
      ["A", 11, "A", 131],
      ["A", 12, "A", 40],
      ["A", 13, "A", 129],
      ["A", 14, "A", 129],
      ["A", 16, "A", 127],
      ["A", 17, "A", 15],
      ["A", 21, "A", 17],
      ["A", 22, "A", 18],
      ["A", 23, "A", 19],
      ["A", 24, "A", 20],
      ["A", 25, "A", 21],
      ["A", 26, "A", 22],
      ["A", 26, "A", 23],
      ["A", 27, "A", 22],
      ["A", 32, "A", 28],
      ["A", 33, "A", 29],
      ["A", 34, "A", 30],
      ["A", 35, "A", 31],
      ["A", 36, "A", 32],
      ["A", 38, "A", 34],
      ["A", 41, "A", 56],
      ["A", 42, "A", 10],
      ["A", 43, "A", 41],
      ["A", 43, "A", 54],
      ["A", 44, "A", 8],
      ["A", 45, "A", 52],
      ["A", 47, "A", 50],
      ["A", 50, "A", 47],
      ["A", 51, "A", 49],
      ["A", 51, "A", 66],
      ["A", 52, "A", 45],
      ["A", 53, "A", 64],
      ["A", 54, "A", 43],
      ["A", 54, "A", 52],
      ["A", 55, "A", 62],
      ["A", 56, "A", 41],
      ["A", 57, "A", 60],
      ["A", 62, "A", 55],
      ["A", 64, "A", 53],
      ["A", 66, "A", 51],
      ["A", 69, "A", 86],
      ["A", 70, "A", 67],
      ["A", 71, "A", 69],
      ["A", 72, "A", 84],
      ["A", 74, "A", 82],
      ["A", 76, "A", 74],
      ["A", 76, "A", 80],
      ["A", 79, "A", 76],
      ["A", 82, "A", 74],
      ["A", 82, "A", 80],
      ["A", 83, "A", 98],
      ["A", 84, "A", 72],
      ["A", 84, "A", 82],
      ["A", 85, "A", 96],
      ["A", 87, "A", 94],
      ["A", 89, "A", 92],
      ["A", 90, "A", 88],
      ["A", 92, "A", 89],
      ["A", 93, "A", 108],
      ["A", 94, "A", 87],
      ["A", 94, "A", 92],
      ["A", 95, "A", 93],
      ["A", 95, "A", 106],
      ["A", 96, "A", 85],
      ["A", 96, "A", 94],
      ["A", 97, "A", 104],
      ["A", 98, "A", 83],
      ["A", 99, "A", 102],
      ["A", 102, "A", 99],
      ["A", 104, "A", 97],
      ["A", 105, "A", 120],
      ["A", 106, "A", 95],
      ["A", 107, "A", 118],
      ["A", 108, "A", 93],
      ["A", 108, "A", 106],
      ["A", 109, "A", 116],
      ["A", 111, "A", 114],
      ["A", 114, "A", 111],
      ["A", 115, "A", 130],
      ["A", 116, "A", 109],
      ["A", 116, "A", 114],
      ["A", 117, "A", 128],
      ["A", 118, "A", 107],
      ["A", 118, "A", 116],
      ["A", 119, "A", 117],
      ["A", 119, "A", 126],
      ["A", 120, "A", 105],
      ["A", 120, "A", 118],
      ["A", 121, "A", 124],
      ["A", 124, "A", 121],
      ["A", 125, "A", 123],
      ["A", 126, "A", 119],
      ["A", 126, "A", 124],
      ["A", 127, "A", 16],
      ["A", 128, "A", 117],
      ["A", 128, "A", 126],
      ["A", 129, "A", 14],
      ["A", 130, "A", 115],
      ["A", 131, "A", 11],
      ["A", 133, "A", 9],
      ["A", 133, "A", 131]
    ]
  }
}
