{
  "4a1y_A_01": {
    "secondary_structure_elements": [
      {
        "label": "H0",
        "chain_id": "A",
        "start": 4,
        "end": 6,
        "type": "G",
        "start_vector": [
          -16.213,
          3.993,
          2.677
        ],
        "end_vector": [
          -12.897,
          6.38,
          -1.136
        ],
        "nested_sses": [
          {
            "label": null,
            "chain_id": "A",
            "start": 4,
            "end": 6,
            "type": "G"
          }
        ],
        "domain": "4a1y_A_01",
        "color": "s000",
        "color_hex": "#FF00FF",
        "rainbow": "s125",
        "rainbow_hex": "#3F00FF"
      },
      {
        "label": "E1",
        "chain_id": "A",
        "start": 8,
        "end": 16,
        "type": "E",
        "sheet_id": 1,
        "start_vector": [
          -10.607,
          10.8,
          -5.75
        ],
        "end_vector": [
          9.238,
          11.164,
          6.567
        ],
        "nested_sses": [
          {
            "label": null,
            "chain_id": "A",
            "start": 13,
            "end": 14,
            "type": "N",
            "sheet_id": -2,
            "comment": "A_NcCN_C_"
          }
        ],
        "domain": "4a1y_A_01",
        "color": "s293",
        "color_hex": "#00C1FF",
        "rainbow": "s181",
        "rainbow_hex": "#0015FF"
      },
      {
        "label": "H2",
        "chain_id": "A",
        "start": 18,
        "end": 25,
        "type": "H",
        "start_vector": [
          11.669,
          5.85,
          6.001
        ],
        "end_vector": [
          14.396,
          -5.946,
          2.937
        ],
        "nested_sses": [
          {
            "label": null,
            "chain_id": "A",
            "start": 18,
            "end": 25,
            "type": "H"
          }
        ],
        "domain": "4a1y_A_01",
        "color": "s586",
        "color_hex": "#83FF00",
        "rainbow": "s244",
        "rainbow_hex": "#0076FF"
      },
      {
        "label": "H3",
        "chain_id": "A",
        "start": 29,
        "end": 37,
        "type": "H",
        "start_vector": [
          19.273,
          0.75,
          -4.906
        ],
        "end_vector": [
          9.357,
          10.282,
          -3.196
        ],
        "nested_sses": [
          {
            "label": null,
            "chain_id": "A",
            "start": 29,
            "end": 37,
            "type": "H"
          }
        ],
        "domain": "4a1y_A_01",
        "color": "s879",
        "color_hex": "#FF0045",
        "rainbow": "s307",
        "rainbow_hex": "#00D6FF"
      },
      {
        "label": "E5",
        "chain_id": "A",
        "start": 41,
        "end": 47,
        "type": "E",
        "sheet_id": 1,
        "start_vector": [
          0.083,
          9.416,
          -4.977
        ],
        "end_vector": [
          -17.923,
          -2.656,
          -7.889
        ],
        "domain": "4a1y_A_01",
        "color": "s466",
        "color_hex": "#00FF34",
        "rainbow": "s371",
        "rainbow_hex": "#00FFC5"
      },
      {
        "label": "E6",
        "chain_id": "A",
        "start": 50,
        "end": 57,
        "type": "E",
        "sheet_id": 1,
        "start_vector": [
          -14.536,
          -6.134,
          -5.439
        ],
        "end_vector": [
          5.256,
          8.667,
          -9.89
        ],
        "domain": "4a1y_A_01",
        "color": "s759",
        "color_hex": "#FF7100",
        "rainbow": "s432",
        "rainbow_hex": "#00FF68"
      },
      {
        "label": "E7",
        "chain_id": "A",
        "start": 60,
        "end": 66,
        "type": "E",
        "sheet_id": 1,
        "start_vector": [
          7.178,
          4.832,
          -12.645
        ],
        "end_vector": [
          -10.08,
          -8.534,
          -5.876
        ],
        "domain": "4a1y_A_01",
        "color": "s053",
        "color_hex": "#AD00FF",
        "rainbow": "s495",
        "rainbow_hex": "#00FF07"
      },
      {
        "label": "E8",
        "chain_id": "A",
        "start": 72,
        "end": 75,
        "type": "E",
        "sheet_id": 1,
        "start_vector": [
          -4.1,
          -14.182,
          -4.992
        ],
        "end_vector": [
          4.718,
          -7.102,
          -7.921
        ],
        "domain": "4a1y_A_01",
        "color": "s346",
        "color_hex": "#00FFEB",
        "rainbow": "s558",
        "rainbow_hex": "#58FF00"
      },
      {
        "label": "E10",
        "chain_id": "A",
        "start": 81,
        "end": 89,
        "type": "E",
        "sheet_id": 1,
        "start_vector": [
          5.952,
          -13.033,
          -6.89
        ],
        "end_vector": [
          -13.317,
          -6.113,
          9.33
        ],
        "domain": "4a1y_A_01",
        "color": "s933",
        "color_hex": "#FF0098",
        "rainbow": "s623",
        "rainbow_hex": "#BCFF00"
      },
      {
        "label": "E11",
        "chain_id": "A",
        "start": 92,
        "end": 99,
        "type": "E",
        "sheet_id": 1,
        "start_vector": [
          -10.654,
          -0.345,
          7.455
        ],
        "end_vector": [
          7.65,
          -15.035,
          -0.451
        ],
        "domain": "4a1y_A_01",
        "color": "s226",
        "color_hex": "#005AFF",
        "rainbow": "s686",
        "rainbow_hex": "#FFE100"
      },
      {
        "label": "E12",
        "chain_id": "A",
        "start": 102,
        "end": 111,
        "type": "E",
        "sheet_id": 1,
        "start_vector": [
          8.091,
          -14.982,
          3.578
        ],
        "end_vector": [
          -10.02,
          9.939,
          8.848
        ],
        "domain": "4a1y_A_01",
        "color": "s519",
        "color_hex": "#1DFF00",
        "rainbow": "s749",
        "rainbow_hex": "#FF8100"
      },
      {
        "label": "E13",
        "chain_id": "A",
        "start": 114,
        "end": 121,
        "type": "E",
        "sheet_id": 1,
        "start_vector": [
          -8.362,
          11.427,
          5.271
        ],
        "end_vector": [
          8.88,
          -6.126,
          8.702
        ],
        "domain": "4a1y_A_01",
        "color": "s813",
        "color_hex": "#FF1F00",
        "rainbow": "s810",
        "rainbow_hex": "#FF2300"
      },
      {
        "label": "E14",
        "chain_id": "A",
        "start": 124,
        "end": 132,
        "type": "E",
        "sheet_id": 1,
        "start_vector": [
          10.476,
          -1.568,
          12.679
        ],
        "end_vector": [
          -7.497,
          15.579,
          -1.163
        ],
        "nested_sses": [
          {
            "label": null,
            "chain_id": "A",
            "start": 129,
            "end": 129,
            "type": "n",
            "sheet_id": -2,
            "comment": "A_C_NcCN_"
          }
        ],
        "domain": "4a1y_A_01",
        "color": "s106",
        "color_hex": "#5C00FF",
        "rainbow": "s870",
        "rainbow_hex": "#FF0038"
      }
    ]
  }
}
