{
  "4a1y_A_01": {
    "software": "SecStrAnnotator 2.2 [2022-01-02]",
    "args": "--onlyssa --verbose --batch /srv/var/jobs/Running/a6716a11-bfa3-42f8-9ea1-cb6224f23481/job_data/cif_cealign /srv/var/jobs/Running/a6716a11-bfa3-42f8-9ea1-cb6224f23481/job_data/cif_cealign/domain_batch.txt",
    "found": 13,
    "secondary_structure_elements": [
      {"label": "H0", "chain_id": "A", "start": 4, "end": 6, "type": "G", "start_vector": [-16.213, 3.993, 2.677], "end_vector": [-12.897, 6.38, -1.136], "nested_sses": [{"label": null, "chain_id": "A", "start": 4, "end": 6, "type": "G"}]},
      {"label": "E1", "chain_id": "A", "start": 8, "end": 16, "type": "E", "sheet_id": 1, "start_vector": [-10.607, 10.8, -5.75], "end_vector": [9.238, 11.164, 6.567], "minor_axis": [-0.03, -0.997, 0.078], "nested_sses": [{"label": null, "chain_id": "A", "start": 13, "end": 14, "type": "N", "sheet_id": -2, "comment": "A_NcCN_C_"}]},
      {"label": "H2", "chain_id": "A", "start": 18, "end": 25, "type": "H", "start_vector": [11.669, 5.85, 6.001], "end_vector": [14.396, -5.946, 2.937], "nested_sses": [{"label": null, "chain_id": "A", "start": 18, "end": 25, "type": "H"}]},
      {"label": "H3", "chain_id": "A", "start": 29, "end": 37, "type": "H", "start_vector": [19.273, 0.75, -4.906], "end_vector": [9.357, 10.282, -3.196], "nested_sses": [{"label": null, "chain_id": "A", "start": 29, "end": 37, "type": "H"}]},
      {"label": "E4", "chain_id": "A", "start": 41, "end": 47, "type": "E", "sheet_id": 1, "start_vector": [0.083, 9.416, -4.977], "end_vector": [-17.923, -2.656, -7.889], "minor_axis": [0.565, -0.774, -0.285]},
      {"label": "E5", "chain_id": "A", "start": 50, "end": 57, "type": "E", "sheet_id": 1, "start_vector": [-14.536, -6.134, -5.439], "end_vector": [5.256, 8.667, -9.89], "minor_axis": [0.532, -0.797, -0.284]},
      {"label": "E6", "chain_id": "A", "start": 60, "end": 66, "type": "E", "sheet_id": 1, "start_vector": [7.178, 4.832, -12.645], "end_vector": [-10.08, -8.534, -5.876], "minor_axis": [0.496, -0.805, -0.325]},
      {"label": "E7", "chain_id": "A", "start": 72, "end": 75, "type": "E", "sheet_id": 1, "start_vector": [-4.1, -14.182, -4.992], "end_vector": [4.718, -7.102, -7.921], "minor_axis": [0.517, -0.315, 0.796]},
      {"label": "E8", "chain_id": "A", "start": 81, "end": 89, "type": "E", "sheet_id": 1, "start_vector": [5.952, -13.033, -6.89], "end_vector": [-13.317, -6.113, 9.33], "minor_axis": [0.636, 0.582, 0.507]},
      {"label": "E9", "chain_id": "A", "start": 92, "end": 99, "type": "E", "sheet_id": 1, "start_vector": [-10.654, -0.345, 7.455], "end_vector": [7.65, -15.035, -0.451], "minor_axis": [0.667, 0.578, 0.47]},
      {"label": "E10", "chain_id": "A", "start": 102, "end": 111, "type": "E", "sheet_id": 1, "start_vector": [8.091, -14.982, 3.578], "end_vector": [-10.02, 9.939, 8.848], "minor_axis": [0.792, 0.501, 0.349]},
      {"label": "E11", "chain_id": "A", "start": 114, "end": 121, "type": "E", "sheet_id": 1, "start_vector": [-8.362, 11.427, 5.271], "end_vector": [8.88, -6.126, 8.702], "minor_axis": [0.717, 0.696, -0.038]},
      {"label": "E12", "chain_id": "A", "start": 124, "end": 132, "type": "E", "sheet_id": 1, "start_vector": [10.476, -1.568, 12.679], "end_vector": [-7.497, 15.579, -1.163], "minor_axis": [0.71, 0.702, -0.053], "nested_sses": [{"label": null, "chain_id": "A", "start": 129, "end": 129, "type": "n", "sheet_id": -2, "comment": "A_C_NcCN_"}]}
    ],
    "beta_connectivity": [
      ["E1", "E4", -1],
      ["E1", "E12", -1],
      ["E4", "E5", -1],
      ["E5", "E6", -1],
      ["E7", "E8", -1],
      ["E8", "E9", -1],
      ["E9", "E10", -1],
      ["E10", "E11", -1],
      ["E11", "E12", -1]
    ],
    "hydrogen_bonds": [
      ["A", 6, "A", 3],
      ["A", 7, "A", 4],
      ["A", 8, "A", 44],
      ["A", 10, "A", 8],
      ["A", 10, "A", 42],
      ["A", 11, "A", 131],
      ["A", 12, "A", 40],
      ["A", 13, "A", 129],
      ["A", 14, "A", 129],
      ["A", 16, "A", 127],
      ["A", 21, "A", 17],
      ["A", 22, "A", 18],
      ["A", 23, "A", 19],
      ["A", 24, "A", 20],
      ["A", 25, "A", 21],
      ["A", 26, "A", 22],
      ["A", 26, "A", 23],
      ["A", 27, "A", 22],
      ["A", 32, "A", 28],
      ["A", 33, "A", 29],
      ["A", 34, "A", 30],
      ["A", 35, "A", 31],
      ["A", 36, "A", 32],
      ["A", 37, "A", 33],
      ["A", 38, "A", 34],
      ["A", 41, "A", 56],
      ["A", 42, "A", 10],
      ["A", 43, "A", 41],
      ["A", 43, "A", 54],
      ["A", 44, "A", 8],
      ["A", 44, "A", 42],
      ["A", 45, "A", 43],
      ["A", 45, "A", 52],
      ["A", 47, "A", 50],
      ["A", 50, "A", 47],
      ["A", 51, "A", 49],
      ["A", 51, "A", 66],
      ["A", 52, "A", 45],
      ["A", 53, "A", 64],
      ["A", 54, "A", 43],
      ["A", 55, "A", 62],
      ["A", 56, "A", 41],
      ["A", 57, "A", 60],
      ["A", 60, "A", 57],
      ["A", 62, "A", 55],
      ["A", 64, "A", 53],
      ["A", 66, "A", 51],
      ["A", 69, "A", 86],
      ["A", 70, "A", 67],
      ["A", 71, "A", 69],
      ["A", 72, "A", 84],
      ["A", 74, "A", 82],
      ["A", 76, "A", 80],
      ["A", 79, "A", 76],
      ["A", 82, "A", 74],
      ["A", 82, "A", 80],
      ["A", 83, "A", 98],
      ["A", 84, "A", 72],
      ["A", 84, "A", 82],
      ["A", 85, "A", 96],
      ["A", 87, "A", 94],
      ["A", 89, "A", 92],
      ["A", 92, "A", 89],
      ["A", 93, "A", 108],
      ["A", 94, "A", 87],
      ["A", 94, "A", 92],
      ["A", 95, "A", 93],
      ["A", 95, "A", 106],
      ["A", 96, "A", 85],
      ["A", 97, "A", 104],
      ["A", 98, "A", 83],
      ["A", 99, "A", 102],
      ["A", 102, "A", 99],
      ["A", 104, "A", 97],
      ["A", 105, "A", 120],
      ["A", 106, "A", 95],
      ["A", 107, "A", 118],
      ["A", 108, "A", 93],
      ["A", 108, "A", 106],
      ["A", 109, "A", 107],
      ["A", 109, "A", 116],
      ["A", 111, "A", 109],
      ["A", 111, "A", 114],
      ["A", 114, "A", 111],
      ["A", 115, "A", 130],
      ["A", 116, "A", 109],
      ["A", 116, "A", 114],
      ["A", 117, "A", 115],
      ["A", 117, "A", 128],
      ["A", 118, "A", 107],
      ["A", 118, "A", 116],
      ["A", 119, "A", 117],
      ["A", 119, "A", 126],
      ["A", 120, "A", 105],
      ["A", 121, "A", 124],
      ["A", 122, "A", 103],
      ["A", 124, "A", 121],
      ["A", 126, "A", 119],
      ["A", 127, "A", 16],
      ["A", 128, "A", 117],
      ["A", 129, "A", 14],
      ["A", 130, "A", 115],
      ["A", 131, "A", 11],
      ["A", 133, "A", 9]
    ]
  }
}
