{
  "4azm_A_01": {
    "secondary_structure_elements": [
      {
        "label": "H0",
        "chain_id": "A",
        "start": 7,
        "end": 10,
        "type": "G",
        "start_vector": [
          1.909,
          37.115,
          -29.497
        ],
        "end_vector": [
          -0.727,
          30.814,
          -25.976
        ],
        "nested_sses": [
          {
            "label": null,
            "chain_id": "A",
            "start": 7,
            "end": 10,
            "type": "G"
          }
        ],
        "domain": "4azm_A_01",
        "color": "s000",
        "color_hex": "#FF00FF",
        "rainbow": "s125",
        "rainbow_hex": "#3F00FF"
      },
      {
        "label": "E1",
        "chain_id": "A",
        "start": 12,
        "end": 15,
        "type": "E",
        "sheet_id": 1,
        "start_vector": [
          -1.323,
          28.485,
          -21.991
        ],
        "end_vector": [
          -0.982,
          17.408,
          -25.674
        ],
        "domain": "4azm_A_01",
        "color": "s293",
        "color_hex": "#00C1FF",
        "rainbow": "s181",
        "rainbow_hex": "#0015FF"
      },
      {
        "label": "H2",
        "chain_id": "A",
        "start": 22,
        "end": 29,
        "type": "H",
        "start_vector": [
          10.103,
          10.761,
          -35.578
        ],
        "end_vector": [
          22.355,
          13.594,
          -34.015
        ],
        "nested_sses": [
          {
            "label": null,
            "chain_id": "A",
            "start": 22,
            "end": 29,
            "type": "H"
          }
        ],
        "domain": "4azm_A_01",
        "color": "s586",
        "color_hex": "#83FF00",
        "rainbow": "s244",
        "rainbow_hex": "#0076FF"
      },
      {
        "label": "H3",
        "chain_id": "A",
        "start": 33,
        "end": 41,
        "type": "H",
        "start_vector": [
          19.614,
          5.362,
          -26.574
        ],
        "end_vector": [
          6.233,
          9.609,
          -25.797
        ],
        "nested_sses": [
          {
            "label": null,
            "chain_id": "A",
            "start": 33,
            "end": 41,
            "type": "H"
          }
        ],
        "domain": "4azm_A_01",
        "color": "s879",
        "color_hex": "#FF0045",
        "rainbow": "s307",
        "rainbow_hex": "#00D6FF"
      },
      {
        "label": "E6",
        "chain_id": "A",
        "start": 45,
        "end": 51,
        "type": "E",
        "sheet_id": 1,
        "start_vector": [
          2.48,
          17.136,
          -22.152
        ],
        "end_vector": [
          5.015,
          39.1,
          -21.127
        ],
        "domain": "4azm_A_01",
        "color": "s759",
        "color_hex": "#FF7100",
        "rainbow": "s432",
        "rainbow_hex": "#00FF68"
      },
      {
        "label": "E7",
        "chain_id": "A",
        "start": 54,
        "end": 60,
        "type": "E",
        "sheet_id": 1,
        "start_vector": [
          10.292,
          37.689,
          -22.578
        ],
        "end_vector": [
          5.345,
          16.083,
          -18.213
        ],
        "domain": "4azm_A_01",
        "color": "s053",
        "color_hex": "#AD00FF",
        "rainbow": "s495",
        "rainbow_hex": "#00FF07"
      },
      {
        "label": "E8",
        "chain_id": "A",
        "start": 76,
        "end": 79,
        "type": "E",
        "sheet_id": 2,
        "start_vector": [
          -3.983,
          -14.49,
          -4.898
        ],
        "end_vector": [
          4.908,
          -7.83,
          -8.227
        ],
        "domain": "4azm_A_01",
        "color": "s346",
        "color_hex": "#00FFEB",
        "rainbow": "s558",
        "rainbow_hex": "#58FF00"
      },
      {
        "label": "E10",
        "chain_id": "A",
        "start": 85,
        "end": 93,
        "type": "E",
        "sheet_id": 2,
        "start_vector": [
          6.121,
          -13.28,
          -7.018
        ],
        "end_vector": [
          -13.264,
          -6.315,
          8.582
        ],
        "domain": "4azm_A_01",
        "color": "s933",
        "color_hex": "#FF0098",
        "rainbow": "s623",
        "rainbow_hex": "#BCFF00"
      },
      {
        "label": "E11",
        "chain_id": "A",
        "start": 96,
        "end": 103,
        "type": "E",
        "sheet_id": 2,
        "start_vector": [
          -10.571,
          -0.264,
          7.528
        ],
        "end_vector": [
          7.349,
          -15.197,
          -0.333
        ],
        "domain": "4azm_A_01",
        "color": "s226",
        "color_hex": "#005AFF",
        "rainbow": "s686",
        "rainbow_hex": "#FFE100"
      },
      {
        "label": "E12",
        "chain_id": "A",
        "start": 106,
        "end": 115,
        "type": "E",
        "sheet_id": 2,
        "start_vector": [
          7.929,
          -15.218,
          3.577
        ],
        "end_vector": [
          -9.937,
          9.953,
          8.941
        ],
        "domain": "4azm_A_01",
        "color": "s519",
        "color_hex": "#1DFF00",
        "rainbow": "s749",
        "rainbow_hex": "#FF8100"
      },
      {
        "label": "E13",
        "chain_id": "A",
        "start": 118,
        "end": 125,
        "type": "E",
        "sheet_id": 2,
        "start_vector": [
          -8.358,
          11.742,
          5.274
        ],
        "end_vector": [
          8.487,
          -6.001,
          8.44
        ],
        "domain": "4azm_A_01",
        "color": "s813",
        "color_hex": "#FF1F00",
        "rainbow": "s810",
        "rainbow_hex": "#FF2300"
      },
      {
        "label": "E14",
        "chain_id": "A",
        "start": 128,
        "end": 135,
        "type": "E",
        "sheet_id": 2,
        "start_vector": [
          10.511,
          -1.57,
          11.911
        ],
        "end_vector": [
          -5.676,
          14.701,
          0.958
        ],
        "domain": "4azm_A_01",
        "color": "s106",
        "color_hex": "#5C00FF",
        "rainbow": "s870",
        "rainbow_hex": "#FF0038"
      }
    ]
  }
}
