{
  "4azm_A_01": {
    "software": "SecStrAnnotator 2.2 [2022-01-02]",
    "args": "--onlyssa --verbose --batch /srv/var/jobs/Running/a6716a11-bfa3-42f8-9ea1-cb6224f23481/job_data/cif_cealign /srv/var/jobs/Running/a6716a11-bfa3-42f8-9ea1-cb6224f23481/job_data/cif_cealign/domain_batch.txt",
    "found": 12,
    "secondary_structure_elements": [
      {"label": "H0", "chain_id": "A", "start": 7, "end": 10, "type": "G", "start_vector": [1.909, 37.115, -29.497], "end_vector": [-0.727, 30.814, -25.976], "nested_sses": [{"label": null, "chain_id": "A", "start": 7, "end": 10, "type": "G"}]},
      {"label": "E1", "chain_id": "A", "start": 12, "end": 15, "type": "E", "sheet_id": 1, "start_vector": [-1.323, 28.485, -21.991], "end_vector": [-0.982, 17.408, -25.674], "minor_axis": [0.918, -0.099, 0.383]},
      {"label": "H2", "chain_id": "A", "start": 22, "end": 29, "type": "H", "start_vector": [10.103, 10.761, -35.578], "end_vector": [22.355, 13.594, -34.015], "nested_sses": [{"label": null, "chain_id": "A", "start": 22, "end": 29, "type": "H"}]},
      {"label": "H3", "chain_id": "A", "start": 33, "end": 41, "type": "H", "start_vector": [19.614, 5.362, -26.574], "end_vector": [6.233, 9.609, -25.797], "nested_sses": [{"label": null, "chain_id": "A", "start": 33, "end": 41, "type": "H"}]},
      {"label": "E4", "chain_id": "A", "start": 45, "end": 51, "type": "E", "sheet_id": 1, "start_vector": [2.48, 17.136, -22.152], "end_vector": [5.015, 39.1, -21.127], "minor_axis": [0.943, -0.123, 0.308]},
      {"label": "E5", "chain_id": "A", "start": 54, "end": 60, "type": "E", "sheet_id": 1, "start_vector": [10.292, 37.689, -22.578], "end_vector": [5.345, 16.083, -18.213], "minor_axis": [0.933, -0.147, 0.329]},
      {"label": "E6", "chain_id": "A", "start": 76, "end": 79, "type": "E", "sheet_id": 2, "start_vector": [-3.983, -14.49, -4.898], "end_vector": [4.908, -7.83, -8.227], "minor_axis": [0.448, -0.158, 0.88]},
      {"label": "E7", "chain_id": "A", "start": 85, "end": 93, "type": "E", "sheet_id": 2, "start_vector": [6.121, -13.28, -7.018], "end_vector": [-13.264, -6.315, 8.582], "minor_axis": [0.658, 0.395, 0.641]},
      {"label": "E8", "chain_id": "A", "start": 96, "end": 103, "type": "E", "sheet_id": 2, "start_vector": [-10.571, -0.264, 7.528], "end_vector": [7.349, -15.197, -0.333], "minor_axis": [0.678, 0.569, 0.465]},
      {"label": "E9", "chain_id": "A", "start": 106, "end": 115, "type": "E", "sheet_id": 2, "start_vector": [7.929, -15.218, 3.577], "end_vector": [-9.937, 9.953, 8.941], "minor_axis": [0.81, 0.515, 0.28]},
      {"label": "E10", "chain_id": "A", "start": 118, "end": 125, "type": "E", "sheet_id": 2, "start_vector": [-8.358, 11.742, 5.274], "end_vector": [8.487, -6.001, 8.44], "minor_axis": [0.729, 0.681, -0.062]},
      {"label": "E11", "chain_id": "A", "start": 128, "end": 135, "type": "E", "sheet_id": 2, "start_vector": [10.511, -1.57, 11.911], "end_vector": [-5.676, 14.701, 0.958], "minor_axis": [0.723, 0.69, -0.044]}
    ],
    "beta_connectivity": [
      ["E1", "E4", -1],
      ["E4", "E5", -1],
      ["E6", "E7", -1],
      ["E7", "E8", -1],
      ["E8", "E9", -1],
      ["E9", "E10", -1],
      ["E10", "E11", -1]
    ],
    "hydrogen_bonds": [
      ["A", 9, "A", 6],
      ["A", 10, "A", 7],
      ["A", 11, "A", 8],
      ["A", 12, "A", 48],
      ["A", 14, "A", 12],
      ["A", 14, "A", 46],
      ["A", 16, "A", 44],
      ["A", 25, "A", 21],
      ["A", 26, "A", 22],
      ["A", 27, "A", 23],
      ["A", 28, "A", 24],
      ["A", 29, "A", 25],
      ["A", 30, "A", 26],
      ["A", 30, "A", 27],
      ["A", 31, "A", 26],
      ["A", 36, "A", 32],
      ["A", 36, "A", 33],
      ["A", 37, "A", 33],
      ["A", 38, "A", 34],
      ["A", 39, "A", 35],
      ["A", 40, "A", 36],
      ["A", 41, "A", 37],
      ["A", 42, "A", 38],
      ["A", 45, "A", 60],
      ["A", 46, "A", 14],
      ["A", 47, "A", 58],
      ["A", 48, "A", 12],
      ["A", 48, "A", 46],
      ["A", 49, "A", 56],
      ["A", 51, "A", 54],
      ["A", 52, "A", 50],
      ["A", 53, "A", 51],
      ["A", 54, "A", 51],
      ["A", 55, "A", 53],
      ["A", 56, "A", 49],
      ["A", 58, "A", 47],
      ["A", 60, "A", 45],
      ["A", 63, "A", 61],
      ["A", 64, "A", 62],
      ["A", 65, "A", 63],
      ["A", 67, "A", 65],
      ["A", 73, "A", 90],
      ["A", 74, "A", 71],
      ["A", 75, "A", 73],
      ["A", 76, "A", 88],
      ["A", 78, "A", 76],
      ["A", 78, "A", 86],
      ["A", 80, "A", 78],
      ["A", 80, "A", 84],
      ["A", 83, "A", 80],
      ["A", 86, "A", 78],
      ["A", 86, "A", 84],
      ["A", 87, "A", 102],
      ["A", 88, "A", 76],
      ["A", 88, "A", 86],
      ["A", 89, "A", 100],
      ["A", 91, "A", 98],
      ["A", 93, "A", 96],
      ["A", 96, "A", 93],
      ["A", 97, "A", 112],
      ["A", 98, "A", 91],
      ["A", 98, "A", 96],
      ["A", 99, "A", 97],
      ["A", 99, "A", 110],
      ["A", 100, "A", 89],
      ["A", 100, "A", 98],
      ["A", 101, "A", 99],
      ["A", 101, "A", 108],
      ["A", 102, "A", 87],
      ["A", 103, "A", 106],
      ["A", 106, "A", 103],
      ["A", 108, "A", 101],
      ["A", 109, "A", 124],
      ["A", 110, "A", 99],
      ["A", 111, "A", 122],
      ["A", 112, "A", 97],
      ["A", 113, "A", 120],
      ["A", 114, "A", 95],
      ["A", 115, "A", 118],
      ["A", 118, "A", 115],
      ["A", 119, "A", 134],
      ["A", 120, "A", 113],
      ["A", 120, "A", 118],
      ["A", 121, "A", 119],
      ["A", 121, "A", 132],
      ["A", 122, "A", 111],
      ["A", 122, "A", 120],
      ["A", 123, "A", 121],
      ["A", 123, "A", 130],
      ["A", 124, "A", 109],
      ["A", 124, "A", 122],
      ["A", 125, "A", 128],
      ["A", 128, "A", 125],
      ["A", 130, "A", 123],
      ["A", 131, "A", 129],
      ["A", 132, "A", 121],
      ["A", 132, "A", 130],
      ["A", 134, "A", 119],
      ["A", 136, "A", 117]
    ]
  }
}
