{
  "4azn_A_01": {
    "secondary_structure_elements": [
      {
        "label": "H0",
        "chain_id": "A",
        "start": 24,
        "end": 27,
        "type": "G",
        "start_vector": [
          -16.294,
          0.706,
          3.239
        ],
        "end_vector": [
          -12.431,
          5.854,
          -0.753
        ],
        "nested_sses": [
          {
            "label": null,
            "chain_id": "A",
            "start": 24,
            "end": 27,
            "type": "G"
          }
        ],
        "domain": "4azn_A_01",
        "color": "s000",
        "color_hex": "#FF00FF",
        "rainbow": "s125",
        "rainbow_hex": "#3F00FF"
      },
      {
        "label": "E1",
        "chain_id": "A",
        "start": 29,
        "end": 37,
        "type": "E",
        "sheet_id": 1,
        "start_vector": [
          -10.301,
          10.807,
          -5.672
        ],
        "end_vector": [
          9.076,
          11.392,
          6.422
        ],
        "nested_sses": [
          {
            "label": null,
            "chain_id": "A",
            "start": 34,
            "end": 35,
            "type": "N",
            "sheet_id": -2,
            "comment": "A_NcCN_C_"
          }
        ],
        "domain": "4azn_A_01",
        "color": "s293",
        "color_hex": "#00C1FF",
        "rainbow": "s181",
        "rainbow_hex": "#0015FF"
      },
      {
        "label": "H2",
        "chain_id": "A",
        "start": 39,
        "end": 46,
        "type": "H",
        "start_vector": [
          11.413,
          5.566,
          5.947
        ],
        "end_vector": [
          14.418,
          -6.317,
          3.164
        ],
        "nested_sses": [
          {
            "label": null,
            "chain_id": "A",
            "start": 39,
            "end": 45,
            "type": "H"
          }
        ],
        "domain": "4azn_A_01",
        "color": "s586",
        "color_hex": "#83FF00",
        "rainbow": "s244",
        "rainbow_hex": "#0076FF"
      },
      {
        "label": "H3",
        "chain_id": "A",
        "start": 50,
        "end": 58,
        "type": "h",
        "start_vector": [
          21.207,
          0.329,
          -2.515
        ],
        "end_vector": [
          9.975,
          10.465,
          -3.217
        ],
        "nested_sses": [
          {
            "label": null,
            "chain_id": "A",
            "start": 50,
            "end": 56,
            "type": "H"
          },
          {
            "label": null,
            "chain_id": "A",
            "start": 56,
            "end": 58,
            "type": "G"
          }
        ],
        "domain": "4azn_A_01",
        "color": "s879",
        "color_hex": "#FF0045",
        "rainbow": "s307",
        "rainbow_hex": "#00D6FF"
      },
      {
        "label": "E5",
        "chain_id": "A",
        "start": 62,
        "end": 67,
        "type": "E",
        "sheet_id": 1,
        "start_vector": [
          0.725,
          9.242,
          -5.895
        ],
        "end_vector": [
          -15.76,
          -0.557,
          -5.602
        ],
        "domain": "4azn_A_01",
        "color": "s466",
        "color_hex": "#00FF34",
        "rainbow": "s371",
        "rainbow_hex": "#00FFC5"
      },
      {
        "label": "E6",
        "chain_id": "A",
        "start": 71,
        "end": 77,
        "type": "E",
        "sheet_id": 1,
        "start_vector": [
          -14.328,
          -6.461,
          -4.005
        ],
        "end_vector": [
          2.153,
          6.968,
          -9.965
        ],
        "domain": "4azn_A_01",
        "color": "s759",
        "color_hex": "#FF7100",
        "rainbow": "s432",
        "rainbow_hex": "#00FF68"
      },
      {
        "label": "E7",
        "chain_id": "A",
        "start": 82,
        "end": 88,
        "type": "E",
        "sheet_id": 1,
        "start_vector": [
          3.139,
          2.958,
          -13.893
        ],
        "end_vector": [
          -11.482,
          -10.298,
          -3.619
        ],
        "domain": "4azn_A_01",
        "color": "s053",
        "color_hex": "#AD00FF",
        "rainbow": "s495",
        "rainbow_hex": "#00FF07"
      },
      {
        "label": "E8",
        "chain_id": "A",
        "start": 93,
        "end": 96,
        "type": "E",
        "sheet_id": 1,
        "start_vector": [
          -3.864,
          -14.387,
          -5.408
        ],
        "end_vector": [
          4.619,
          -6.978,
          -7.992
        ],
        "domain": "4azn_A_01",
        "color": "s346",
        "color_hex": "#00FFEB",
        "rainbow": "s558",
        "rainbow_hex": "#58FF00"
      },
      {
        "label": "E10",
        "chain_id": "A",
        "start": 102,
        "end": 110,
        "type": "E",
        "sheet_id": 1,
        "start_vector": [
          6.323,
          -12.961,
          -6.878
        ],
        "end_vector": [
          -13.55,
          -6.331,
          8.228
        ],
        "domain": "4azn_A_01",
        "color": "s933",
        "color_hex": "#FF0098",
        "rainbow": "s623",
        "rainbow_hex": "#BCFF00"
      },
      {
        "label": "E11",
        "chain_id": "A",
        "start": 113,
        "end": 120,
        "type": "E",
        "sheet_id": 1,
        "start_vector": [
          -10.508,
          -0.514,
          7.272
        ],
        "end_vector": [
          7.439,
          -15.109,
          -0.654
        ],
        "domain": "4azn_A_01",
        "color": "s226",
        "color_hex": "#005AFF",
        "rainbow": "s686",
        "rainbow_hex": "#FFE100"
      },
      {
        "label": "E12",
        "chain_id": "A",
        "start": 123,
        "end": 132,
        "type": "E",
        "sheet_id": 1,
        "start_vector": [
          8.066,
          -15.163,
          3.541
        ],
        "end_vector": [
          -10.317,
          9.96,
          8.504
        ],
        "domain": "4azn_A_01",
        "color": "s519",
        "color_hex": "#1DFF00",
        "rainbow": "s749",
        "rainbow_hex": "#FF8100"
      },
      {
        "label": "E13",
        "chain_id": "A",
        "start": 135,
        "end": 142,
        "type": "E",
        "sheet_id": 1,
        "start_vector": [
          -8.397,
          11.637,
          4.756
        ],
        "end_vector": [
          8.244,
          -6.05,
          8.682
        ],
        "domain": "4azn_A_01",
        "color": "s813",
        "color_hex": "#FF1F00",
        "rainbow": "s810",
        "rainbow_hex": "#FF2300"
      },
      {
        "label": "E14",
        "chain_id": "A",
        "start": 145,
        "end": 153,
        "type": "E",
        "sheet_id": 1,
        "start_vector": [
          10.743,
          -1.339,
          12.485
        ],
        "end_vector": [
          -7.602,
          15.766,
          -1.21
        ],
        "nested_sses": [
          {
            "label": null,
            "chain_id": "A",
            "start": 150,
            "end": 150,
            "type": "n",
            "sheet_id": -2,
            "comment": "A_C_NcCN_"
          }
        ],
        "domain": "4azn_A_01",
        "color": "s106",
        "color_hex": "#5C00FF",
        "rainbow": "s870",
        "rainbow_hex": "#FF0038"
      }
    ]
  }
}
