{
  "4azn_A_01": {
    "software": "SecStrAnnotator 2.2 [2022-01-02]",
    "args": "--onlyssa --verbose --batch /srv/var/jobs/Running/a6716a11-bfa3-42f8-9ea1-cb6224f23481/job_data/cif_cealign /srv/var/jobs/Running/a6716a11-bfa3-42f8-9ea1-cb6224f23481/job_data/cif_cealign/domain_batch.txt",
    "found": 13,
    "secondary_structure_elements": [
      {"label": "H0", "chain_id": "A", "start": 24, "end": 27, "type": "G", "start_vector": [-16.294, 0.706, 3.239], "end_vector": [-12.431, 5.854, -0.753], "nested_sses": [{"label": null, "chain_id": "A", "start": 24, "end": 27, "type": "G"}]},
      {"label": "E1", "chain_id": "A", "start": 29, "end": 37, "type": "E", "sheet_id": 1, "start_vector": [-10.301, 10.807, -5.672], "end_vector": [9.076, 11.392, 6.422], "minor_axis": [-0.029, -0.995, 0.095], "nested_sses": [{"label": null, "chain_id": "A", "start": 34, "end": 35, "type": "N", "sheet_id": -2, "comment": "A_NcCN_C_"}]},
      {"label": "H2", "chain_id": "A", "start": 39, "end": 46, "type": "H", "start_vector": [11.413, 5.566, 5.947], "end_vector": [14.418, -6.317, 3.164], "nested_sses": [{"label": null, "chain_id": "A", "start": 39, "end": 45, "type": "H"}]},
      {"label": "H3", "chain_id": "A", "start": 50, "end": 58, "type": "h", "start_vector": [21.207, 0.329, -2.515], "end_vector": [9.975, 10.465, -3.217], "nested_sses": [{"label": null, "chain_id": "A", "start": 50, "end": 56, "type": "H"}, {"label": null, "chain_id": "A", "start": 56, "end": 58, "type": "G"}]},
      {"label": "E4", "chain_id": "A", "start": 62, "end": 67, "type": "E", "sheet_id": 1, "start_vector": [0.725, 9.242, -5.895], "end_vector": [-15.76, -0.557, -5.602], "minor_axis": [0.5, -0.846, -0.187]},
      {"label": "E5", "chain_id": "A", "start": 71, "end": 77, "type": "E", "sheet_id": 1, "start_vector": [-14.328, -6.461, -4.005], "end_vector": [2.153, 6.968, -9.965], "minor_axis": [0.523, -0.787, -0.328]},
      {"label": "E6", "chain_id": "A", "start": 82, "end": 88, "type": "E", "sheet_id": 1, "start_vector": [3.139, 2.958, -13.893], "end_vector": [-11.482, -10.298, -3.619], "minor_axis": [0.441, -0.801, -0.405]},
      {"label": "E7", "chain_id": "A", "start": 93, "end": 96, "type": "E", "sheet_id": 1, "start_vector": [-3.864, -14.387, -5.408], "end_vector": [4.619, -6.978, -7.992], "minor_axis": [0.494, -0.278, 0.824]},
      {"label": "E8", "chain_id": "A", "start": 102, "end": 110, "type": "E", "sheet_id": 1, "start_vector": [6.323, -12.961, -6.878], "end_vector": [-13.55, -6.331, 8.228], "minor_axis": [0.632, 0.44, 0.638]},
      {"label": "E9", "chain_id": "A", "start": 113, "end": 120, "type": "E", "sheet_id": 1, "start_vector": [-10.508, -0.514, 7.272], "end_vector": [7.439, -15.109, -0.654], "minor_axis": [0.677, 0.603, 0.421]},
      {"label": "E10", "chain_id": "A", "start": 123, "end": 132, "type": "E", "sheet_id": 1, "start_vector": [8.066, -15.163, 3.541], "end_vector": [-10.317, 9.96, 8.504], "minor_axis": [0.798, 0.526, 0.295]},
      {"label": "E11", "chain_id": "A", "start": 135, "end": 142, "type": "E", "sheet_id": 1, "start_vector": [-8.397, 11.637, 4.756], "end_vector": [8.244, -6.05, 8.682], "minor_axis": [0.736, 0.668, -0.111]},
      {"label": "E12", "chain_id": "A", "start": 145, "end": 153, "type": "E", "sheet_id": 1, "start_vector": [10.743, -1.339, 12.485], "end_vector": [-7.602, 15.766, -1.21], "minor_axis": [-0.612, -0.777, -0.15], "nested_sses": [{"label": null, "chain_id": "A", "start": 150, "end": 150, "type": "n", "sheet_id": -2, "comment": "A_C_NcCN_"}]}
    ],
    "beta_connectivity": [
      ["E1", "E4", -1],
      ["E1", "E12", -1],
      ["E4", "E5", -1],
      ["E5", "E6", -1],
      ["E7", "E8", -1],
      ["E8", "E9", -1],
      ["E9", "E10", -1],
      ["E10", "E11", -1],
      ["E11", "E12", -1]
    ],
    "hydrogen_bonds": [
      ["A", 26, "A", 23],
      ["A", 27, "A", 24],
      ["A", 28, "A", 25],
      ["A", 29, "A", 65],
      ["A", 31, "A", 29],
      ["A", 31, "A", 63],
      ["A", 32, "A", 152],
      ["A", 34, "A", 150],
      ["A", 35, "A", 150],
      ["A", 37, "A", 148],
      ["A", 42, "A", 38],
      ["A", 43, "A", 39],
      ["A", 44, "A", 40],
      ["A", 45, "A", 41],
      ["A", 45, "A", 42],
      ["A", 46, "A", 42],
      ["A", 48, "A", 43],
      ["A", 53, "A", 49],
      ["A", 54, "A", 50],
      ["A", 55, "A", 51],
      ["A", 56, "A", 52],
      ["A", 57, "A", 53],
      ["A", 58, "A", 55],
      ["A", 59, "A", 56],
      ["A", 62, "A", 77],
      ["A", 63, "A", 31],
      ["A", 64, "A", 75],
      ["A", 65, "A", 29],
      ["A", 65, "A", 63],
      ["A", 66, "A", 73],
      ["A", 68, "A", 71],
      ["A", 72, "A", 70],
      ["A", 72, "A", 87],
      ["A", 73, "A", 66],
      ["A", 74, "A", 85],
      ["A", 75, "A", 64],
      ["A", 76, "A", 83],
      ["A", 77, "A", 62],
      ["A", 77, "A", 75],
      ["A", 78, "A", 81],
      ["A", 83, "A", 76],
      ["A", 85, "A", 74],
      ["A", 87, "A", 72],
      ["A", 89, "A", 70],
      ["A", 90, "A", 107],
      ["A", 91, "A", 88],
      ["A", 93, "A", 105],
      ["A", 95, "A", 103],
      ["A", 97, "A", 101],
      ["A", 100, "A", 97],
      ["A", 103, "A", 95],
      ["A", 103, "A", 101],
      ["A", 104, "A", 119],
      ["A", 105, "A", 93],
      ["A", 106, "A", 117],
      ["A", 108, "A", 115],
      ["A", 110, "A", 108],
      ["A", 110, "A", 113],
      ["A", 113, "A", 110],
      ["A", 114, "A", 129],
      ["A", 115, "A", 108],
      ["A", 116, "A", 114],
      ["A", 116, "A", 127],
      ["A", 117, "A", 106],
      ["A", 117, "A", 115],
      ["A", 118, "A", 116],
      ["A", 118, "A", 125],
      ["A", 119, "A", 104],
      ["A", 120, "A", 123],
      ["A", 123, "A", 120],
      ["A", 125, "A", 118],
      ["A", 126, "A", 141],
      ["A", 127, "A", 116],
      ["A", 128, "A", 139],
      ["A", 129, "A", 114],
      ["A", 130, "A", 137],
      ["A", 131, "A", 112],
      ["A", 132, "A", 135],
      ["A", 135, "A", 132],
      ["A", 136, "A", 151],
      ["A", 137, "A", 130],
      ["A", 137, "A", 135],
      ["A", 138, "A", 136],
      ["A", 138, "A", 149],
      ["A", 139, "A", 128],
      ["A", 139, "A", 137],
      ["A", 140, "A", 138],
      ["A", 140, "A", 147],
      ["A", 141, "A", 126],
      ["A", 141, "A", 139],
      ["A", 142, "A", 145],
      ["A", 145, "A", 142],
      ["A", 147, "A", 140],
      ["A", 148, "A", 37],
      ["A", 148, "A", 146],
      ["A", 149, "A", 138],
      ["A", 149, "A", 147],
      ["A", 150, "A", 35],
      ["A", 151, "A", 136],
      ["A", 152, "A", 32],
      ["A", 154, "A", 30]
    ]
  }
}
