{
  "4azo_A_01": {
    "secondary_structure_elements": [
      {
        "label": "H0",
        "chain_id": "A",
        "start": 7,
        "end": 10,
        "type": "G",
        "start_vector": [
          -16.406,
          1.026,
          3.077
        ],
        "end_vector": [
          -12.39,
          5.982,
          -0.832
        ],
        "nested_sses": [
          {
            "label": null,
            "chain_id": "A",
            "start": 8,
            "end": 10,
            "type": "G"
          }
        ],
        "domain": "4azo_A_01",
        "color": "s000",
        "color_hex": "#FF00FF",
        "rainbow": "s125",
        "rainbow_hex": "#3F00FF"
      },
      {
        "label": "E1",
        "chain_id": "A",
        "start": 12,
        "end": 20,
        "type": "E",
        "sheet_id": 1,
        "start_vector": [
          -10.152,
          10.729,
          -5.798
        ],
        "end_vector": [
          9.077,
          11.18,
          6.812
        ],
        "nested_sses": [
          {
            "label": null,
            "chain_id": "A",
            "start": 17,
            "end": 18,
            "type": "N",
            "sheet_id": -2,
            "comment": "A_NcCN_C_"
          }
        ],
        "domain": "4azo_A_01",
        "color": "s293",
        "color_hex": "#00C1FF",
        "rainbow": "s181",
        "rainbow_hex": "#0015FF"
      },
      {
        "label": "H2",
        "chain_id": "A",
        "start": 22,
        "end": 29,
        "type": "H",
        "start_vector": [
          11.163,
          5.692,
          6.398
        ],
        "end_vector": [
          14.35,
          -5.894,
          2.638
        ],
        "nested_sses": [
          {
            "label": null,
            "chain_id": "A",
            "start": 22,
            "end": 29,
            "type": "H"
          }
        ],
        "domain": "4azo_A_01",
        "color": "s586",
        "color_hex": "#83FF00",
        "rainbow": "s244",
        "rainbow_hex": "#0076FF"
      },
      {
        "label": "H3",
        "chain_id": "A",
        "start": 33,
        "end": 41,
        "type": "H",
        "start_vector": [
          19.41,
          1.032,
          -4.157
        ],
        "end_vector": [
          9.216,
          10.733,
          -3.584
        ],
        "nested_sses": [
          {
            "label": null,
            "chain_id": "A",
            "start": 33,
            "end": 41,
            "type": "H"
          }
        ],
        "domain": "4azo_A_01",
        "color": "s879",
        "color_hex": "#FF0045",
        "rainbow": "s307",
        "rainbow_hex": "#00D6FF"
      },
      {
        "label": "E5",
        "chain_id": "A",
        "start": 45,
        "end": 51,
        "type": "E",
        "sheet_id": 1,
        "start_vector": [
          0.394,
          9.519,
          -5.843
        ],
        "end_vector": [
          -17.575,
          -2.552,
          -5.81
        ],
        "domain": "4azo_A_01",
        "color": "s466",
        "color_hex": "#00FF34",
        "rainbow": "s371",
        "rainbow_hex": "#00FFC5"
      },
      {
        "label": "E6",
        "chain_id": "A",
        "start": 54,
        "end": 60,
        "type": "E",
        "sheet_id": 1,
        "start_vector": [
          -14.244,
          -6.34,
          -4.557
        ],
        "end_vector": [
          2.628,
          6.547,
          -9.565
        ],
        "domain": "4azo_A_01",
        "color": "s759",
        "color_hex": "#FF7100",
        "rainbow": "s432",
        "rainbow_hex": "#00FF68"
      },
      {
        "label": "E7",
        "chain_id": "A",
        "start": 65,
        "end": 71,
        "type": "E",
        "sheet_id": 1,
        "start_vector": [
          4.224,
          2.605,
          -13.096
        ],
        "end_vector": [
          -11.67,
          -9.922,
          -4.259
        ],
        "domain": "4azo_A_01",
        "color": "s053",
        "color_hex": "#AD00FF",
        "rainbow": "s495",
        "rainbow_hex": "#00FF07"
      },
      {
        "label": "E8",
        "chain_id": "A",
        "start": 76,
        "end": 79,
        "type": "E",
        "sheet_id": 1,
        "start_vector": [
          -4.039,
          -14.446,
          -5
        ],
        "end_vector": [
          4.593,
          -7.241,
          -7.794
        ],
        "domain": "4azo_A_01",
        "color": "s346",
        "color_hex": "#00FFEB",
        "rainbow": "s558",
        "rainbow_hex": "#58FF00"
      },
      {
        "label": "E10",
        "chain_id": "A",
        "start": 85,
        "end": 93,
        "type": "E",
        "sheet_id": 1,
        "start_vector": [
          6.018,
          -13.29,
          -6.964
        ],
        "end_vector": [
          -13.189,
          -6.173,
          8.593
        ],
        "domain": "4azo_A_01",
        "color": "s933",
        "color_hex": "#FF0098",
        "rainbow": "s623",
        "rainbow_hex": "#BCFF00"
      },
      {
        "label": "E11",
        "chain_id": "A",
        "start": 96,
        "end": 103,
        "type": "E",
        "sheet_id": 1,
        "start_vector": [
          -10.643,
          -0.313,
          7.052
        ],
        "end_vector": [
          7.456,
          -15.337,
          -0.242
        ],
        "domain": "4azo_A_01",
        "color": "s226",
        "color_hex": "#005AFF",
        "rainbow": "s686",
        "rainbow_hex": "#FFE100"
      },
      {
        "label": "E12",
        "chain_id": "A",
        "start": 106,
        "end": 115,
        "type": "E",
        "sheet_id": 1,
        "start_vector": [
          8.036,
          -15.116,
          3.554
        ],
        "end_vector": [
          -10.039,
          9.674,
          8.436
        ],
        "domain": "4azo_A_01",
        "color": "s519",
        "color_hex": "#1DFF00",
        "rainbow": "s749",
        "rainbow_hex": "#FF8100"
      },
      {
        "label": "E13",
        "chain_id": "A",
        "start": 118,
        "end": 125,
        "type": "E",
        "sheet_id": 1,
        "start_vector": [
          -8.18,
          11.585,
          4.991
        ],
        "end_vector": [
          8.24,
          -6.374,
          8.853
        ],
        "domain": "4azo_A_01",
        "color": "s813",
        "color_hex": "#FF1F00",
        "rainbow": "s810",
        "rainbow_hex": "#FF2300"
      },
      {
        "label": "E14",
        "chain_id": "A",
        "start": 128,
        "end": 136,
        "type": "E",
        "sheet_id": 1,
        "start_vector": [
          10.689,
          -1.768,
          12.764
        ],
        "end_vector": [
          -7.45,
          15.57,
          -1.207
        ],
        "nested_sses": [
          {
            "label": null,
            "chain_id": "A",
            "start": 133,
            "end": 133,
            "type": "n",
            "sheet_id": -2,
            "comment": "A_C_NcCN_"
          }
        ],
        "domain": "4azo_A_01",
        "color": "s106",
        "color_hex": "#5C00FF",
        "rainbow": "s870",
        "rainbow_hex": "#FF0038"
      }
    ]
  }
}
