{
  "4azo_A_01": {
    "software": "SecStrAnnotator 2.2 [2022-01-02]",
    "args": "--onlyssa --verbose --batch /srv/var/jobs/Running/a6716a11-bfa3-42f8-9ea1-cb6224f23481/job_data/cif_cealign /srv/var/jobs/Running/a6716a11-bfa3-42f8-9ea1-cb6224f23481/job_data/cif_cealign/domain_batch.txt",
    "found": 13,
    "secondary_structure_elements": [
      {"label": "H0", "chain_id": "A", "start": 7, "end": 10, "type": "G", "start_vector": [-16.406, 1.026, 3.077], "end_vector": [-12.39, 5.982, -0.832], "nested_sses": [{"label": null, "chain_id": "A", "start": 8, "end": 10, "type": "G"}]},
      {"label": "E1", "chain_id": "A", "start": 12, "end": 20, "type": "E", "sheet_id": 1, "start_vector": [-10.152, 10.729, -5.798], "end_vector": [9.077, 11.18, 6.812], "minor_axis": [0.069, -0.995, -0.07], "nested_sses": [{"label": null, "chain_id": "A", "start": 17, "end": 18, "type": "N", "sheet_id": -2, "comment": "A_NcCN_C_"}]},
      {"label": "H2", "chain_id": "A", "start": 22, "end": 29, "type": "H", "start_vector": [11.163, 5.692, 6.398], "end_vector": [14.35, -5.894, 2.638], "nested_sses": [{"label": null, "chain_id": "A", "start": 22, "end": 29, "type": "H"}]},
      {"label": "H3", "chain_id": "A", "start": 33, "end": 41, "type": "H", "start_vector": [19.41, 1.032, -4.157], "end_vector": [9.216, 10.733, -3.584], "nested_sses": [{"label": null, "chain_id": "A", "start": 33, "end": 41, "type": "H"}]},
      {"label": "E4", "chain_id": "A", "start": 45, "end": 51, "type": "E", "sheet_id": 1, "start_vector": [0.394, 9.519, -5.843], "end_vector": [-17.575, -2.552, -5.81], "minor_axis": [0.495, -0.738, -0.46]},
      {"label": "E5", "chain_id": "A", "start": 54, "end": 60, "type": "E", "sheet_id": 1, "start_vector": [-14.244, -6.34, -4.557], "end_vector": [2.628, 6.547, -9.565], "minor_axis": [0.55, -0.806, -0.219]},
      {"label": "E6", "chain_id": "A", "start": 65, "end": 71, "type": "E", "sheet_id": 1, "start_vector": [4.224, 2.605, -13.096], "end_vector": [-11.67, -9.922, -4.259], "minor_axis": [0.401, -0.81, -0.427]},
      {"label": "E7", "chain_id": "A", "start": 76, "end": 79, "type": "E", "sheet_id": 1, "start_vector": [-4.039, -14.446, -5], "end_vector": [4.593, -7.241, -7.794], "minor_axis": [0.493, -0.269, 0.827]},
      {"label": "E8", "chain_id": "A", "start": 85, "end": 93, "type": "E", "sheet_id": 1, "start_vector": [6.018, -13.29, -6.964], "end_vector": [-13.189, -6.173, 8.593], "minor_axis": [0.658, 0.436, 0.613]},
      {"label": "E9", "chain_id": "A", "start": 96, "end": 103, "type": "E", "sheet_id": 1, "start_vector": [-10.643, -0.313, 7.052], "end_vector": [7.456, -15.337, -0.242], "minor_axis": [0.674, 0.608, 0.42]},
      {"label": "E10", "chain_id": "A", "start": 106, "end": 115, "type": "E", "sheet_id": 1, "start_vector": [8.036, -15.116, 3.554], "end_vector": [-10.039, 9.674, 8.436], "minor_axis": [0.788, 0.506, 0.351]},
      {"label": "E11", "chain_id": "A", "start": 118, "end": 125, "type": "E", "sheet_id": 1, "start_vector": [-8.18, 11.585, 4.991], "end_vector": [8.24, -6.374, 8.853], "minor_axis": [0.741, 0.67, -0.036]},
      {"label": "E12", "chain_id": "A", "start": 128, "end": 136, "type": "E", "sheet_id": 1, "start_vector": [10.689, -1.768, 12.764], "end_vector": [-7.45, 15.57, -1.207], "minor_axis": [-0.643, -0.758, -0.107], "nested_sses": [{"label": null, "chain_id": "A", "start": 133, "end": 133, "type": "n", "sheet_id": -2, "comment": "A_C_NcCN_"}]}
    ],
    "beta_connectivity": [
      ["E1", "E4", -1],
      ["E1", "E12", -1],
      ["E4", "E5", -1],
      ["E5", "E6", -1],
      ["E7", "E8", -1],
      ["E8", "E9", -1],
      ["E9", "E10", -1],
      ["E10", "E11", -1],
      ["E11", "E12", -1]
    ],
    "hydrogen_bonds": [
      ["A", 10, "A", 7],
      ["A", 11, "A", 8],
      ["A", 12, "A", 48],
      ["A", 14, "A", 12],
      ["A", 14, "A", 46],
      ["A", 15, "A", 135],
      ["A", 16, "A", 44],
      ["A", 17, "A", 133],
      ["A", 18, "A", 133],
      ["A", 20, "A", 131],
      ["A", 25, "A", 21],
      ["A", 26, "A", 22],
      ["A", 27, "A", 23],
      ["A", 28, "A", 24],
      ["A", 29, "A", 25],
      ["A", 30, "A", 26],
      ["A", 30, "A", 27],
      ["A", 31, "A", 26],
      ["A", 36, "A", 32],
      ["A", 37, "A", 33],
      ["A", 38, "A", 34],
      ["A", 39, "A", 35],
      ["A", 40, "A", 36],
      ["A", 41, "A", 37],
      ["A", 42, "A", 38],
      ["A", 45, "A", 60],
      ["A", 46, "A", 14],
      ["A", 47, "A", 58],
      ["A", 48, "A", 12],
      ["A", 48, "A", 46],
      ["A", 49, "A", 56],
      ["A", 51, "A", 54],
      ["A", 52, "A", 50],
      ["A", 54, "A", 51],
      ["A", 55, "A", 53],
      ["A", 55, "A", 70],
      ["A", 56, "A", 49],
      ["A", 57, "A", 68],
      ["A", 58, "A", 47],
      ["A", 59, "A", 57],
      ["A", 59, "A", 66],
      ["A", 60, "A", 45],
      ["A", 60, "A", 58],
      ["A", 61, "A", 64],
      ["A", 66, "A", 59],
      ["A", 68, "A", 57],
      ["A", 70, "A", 55],
      ["A", 72, "A", 53],
      ["A", 73, "A", 90],
      ["A", 74, "A", 71],
      ["A", 75, "A", 73],
      ["A", 76, "A", 88],
      ["A", 78, "A", 76],
      ["A", 78, "A", 86],
      ["A", 80, "A", 78],
      ["A", 80, "A", 84],
      ["A", 83, "A", 80],
      ["A", 86, "A", 78],
      ["A", 86, "A", 84],
      ["A", 87, "A", 102],
      ["A", 88, "A", 76],
      ["A", 88, "A", 86],
      ["A", 89, "A", 100],
      ["A", 91, "A", 98],
      ["A", 93, "A", 91],
      ["A", 93, "A", 96],
      ["A", 96, "A", 93],
      ["A", 97, "A", 112],
      ["A", 98, "A", 91],
      ["A", 98, "A", 96],
      ["A", 99, "A", 97],
      ["A", 99, "A", 110],
      ["A", 100, "A", 89],
      ["A", 100, "A", 98],
      ["A", 101, "A", 108],
      ["A", 102, "A", 87],
      ["A", 103, "A", 106],
      ["A", 106, "A", 103],
      ["A", 108, "A", 101],
      ["A", 109, "A", 124],
      ["A", 110, "A", 99],
      ["A", 111, "A", 122],
      ["A", 112, "A", 97],
      ["A", 113, "A", 111],
      ["A", 113, "A", 120],
      ["A", 114, "A", 95],
      ["A", 115, "A", 113],
      ["A", 115, "A", 118],
      ["A", 118, "A", 115],
      ["A", 119, "A", 134],
      ["A", 120, "A", 113],
      ["A", 120, "A", 118],
      ["A", 121, "A", 119],
      ["A", 121, "A", 132],
      ["A", 122, "A", 111],
      ["A", 122, "A", 120],
      ["A", 123, "A", 121],
      ["A", 123, "A", 130],
      ["A", 124, "A", 109],
      ["A", 125, "A", 128],
      ["A", 128, "A", 125],
      ["A", 129, "A", 127],
      ["A", 130, "A", 123],
      ["A", 131, "A", 20],
      ["A", 132, "A", 121],
      ["A", 133, "A", 18],
      ["A", 134, "A", 119],
      ["A", 135, "A", 15],
      ["A", 137, "A", 13]
    ]
  }
}
