{
  "4azp_A_01": {
    "software": "SecStrAnnotator 2.2 [2022-01-02]",
    "args": "--onlyssa --verbose --batch /srv/var/jobs/Running/a6716a11-bfa3-42f8-9ea1-cb6224f23481/job_data/cif_cealign /srv/var/jobs/Running/a6716a11-bfa3-42f8-9ea1-cb6224f23481/job_data/cif_cealign/domain_batch.txt",
    "found": 13,
    "secondary_structure_elements": [
      {"label": "H0", "chain_id": "A", "start": 7, "end": 10, "type": "G", "start_vector": [-16.104, 1.203, 3.427], "end_vector": [-12.253, 5.995, -0.725], "nested_sses": [{"label": null, "chain_id": "A", "start": 8, "end": 10, "type": "G"}]},
      {"label": "E1", "chain_id": "A", "start": 12, "end": 20, "type": "E", "sheet_id": 1, "start_vector": [-10.246, 10.679, -5.811], "end_vector": [9.052, 11.266, 6.701], "minor_axis": [0.089, -0.992, -0.09], "nested_sses": [{"label": null, "chain_id": "A", "start": 17, "end": 18, "type": "N", "sheet_id": -2, "comment": "A_NcCN_C_"}]},
      {"label": "H2", "chain_id": "A", "start": 22, "end": 29, "type": "H", "start_vector": [11.315, 5.708, 6.288], "end_vector": [14.212, -5.814, 2.637], "nested_sses": [{"label": null, "chain_id": "A", "start": 22, "end": 29, "type": "H"}]},
      {"label": "H3", "chain_id": "A", "start": 33, "end": 42, "type": "H", "start_vector": [19.585, 1.024, -4.048], "end_vector": [8.557, 11.331, -3.742], "nested_sses": [{"label": null, "chain_id": "A", "start": 33, "end": 41, "type": "H"}]},
      {"label": "E4", "chain_id": "A", "start": 45, "end": 51, "type": "E", "sheet_id": 1, "start_vector": [0.535, 9.544, -5.895], "end_vector": [-17.579, -2.405, -5.527], "minor_axis": [0.487, -0.752, -0.445]},
      {"label": "E5", "chain_id": "A", "start": 54, "end": 60, "type": "E", "sheet_id": 1, "start_vector": [-14.252, -6.378, -4.525], "end_vector": [2.739, 6.622, -9.444], "minor_axis": [0.556, -0.805, -0.207]},
      {"label": "E6", "chain_id": "A", "start": 65, "end": 71, "type": "E", "sheet_id": 1, "start_vector": [4.413, 2.673, -12.832], "end_vector": [-11.724, -9.96, -4.32], "minor_axis": [0.388, -0.802, -0.455]},
      {"label": "E7", "chain_id": "A", "start": 76, "end": 79, "type": "E", "sheet_id": 1, "start_vector": [-4.102, -14.439, -5.083], "end_vector": [4.586, -7.258, -7.815], "minor_axis": [0.487, -0.274, 0.829]},
      {"label": "E8", "chain_id": "A", "start": 85, "end": 93, "type": "E", "sheet_id": 1, "start_vector": [5.905, -13.18, -6.887], "end_vector": [-13.285, -6.296, 8.599], "minor_axis": [0.646, 0.499, 0.578]},
      {"label": "E9", "chain_id": "A", "start": 96, "end": 103, "type": "E", "sheet_id": 1, "start_vector": [-10.721, -0.454, 7.068], "end_vector": [7.523, -15.229, -0.432], "minor_axis": [0.667, 0.596, 0.448]},
      {"label": "E10", "chain_id": "A", "start": 106, "end": 115, "type": "E", "sheet_id": 1, "start_vector": [8.053, -15.162, 3.431], "end_vector": [-10.251, 9.712, 8.415], "minor_axis": [0.801, 0.536, 0.268]},
      {"label": "E11", "chain_id": "A", "start": 118, "end": 125, "type": "E", "sheet_id": 1, "start_vector": [-8.283, 11.651, 4.915], "end_vector": [8.168, -6.332, 8.816], "minor_axis": [0.739, 0.673, -0.015]},
      {"label": "E12", "chain_id": "A", "start": 128, "end": 136, "type": "E", "sheet_id": 1, "start_vector": [10.451, -1.716, 12.728], "end_vector": [-7.346, 15.657, -1.346], "minor_axis": [-0.624, -0.766, -0.156], "nested_sses": [{"label": null, "chain_id": "A", "start": 133, "end": 133, "type": "n", "sheet_id": -2, "comment": "A_C_NcCN_"}]}
    ],
    "beta_connectivity": [
      ["E1", "E4", -1],
      ["E1", "E12", -1],
      ["E4", "E5", -1],
      ["E5", "E6", -1],
      ["E7", "E8", -1],
      ["E8", "E9", -1],
      ["E9", "E10", -1],
      ["E10", "E11", -1],
      ["E11", "E12", -1]
    ],
    "hydrogen_bonds": [
      ["A", 10, "A", 7],
      ["A", 11, "A", 8],
      ["A", 12, "A", 48],
      ["A", 14, "A", 12],
      ["A", 14, "A", 46],
      ["A", 15, "A", 135],
      ["A", 16, "A", 44],
      ["A", 17, "A", 133],
      ["A", 18, "A", 133],
      ["A", 20, "A", 131],
      ["A", 25, "A", 21],
      ["A", 26, "A", 22],
      ["A", 27, "A", 23],
      ["A", 28, "A", 24],
      ["A", 29, "A", 25],
      ["A", 30, "A", 26],
      ["A", 30, "A", 27],
      ["A", 31, "A", 26],
      ["A", 36, "A", 32],
      ["A", 37, "A", 33],
      ["A", 38, "A", 34],
      ["A", 39, "A", 35],
      ["A", 40, "A", 36],
      ["A", 41, "A", 37],
      ["A", 42, "A", 38],
      ["A", 43, "A", 41],
      ["A", 45, "A", 60],
      ["A", 46, "A", 14],
      ["A", 47, "A", 58],
      ["A", 48, "A", 12],
      ["A", 48, "A", 46],
      ["A", 49, "A", 56],
      ["A", 51, "A", 54],
      ["A", 52, "A", 50],
      ["A", 54, "A", 51],
      ["A", 55, "A", 53],
      ["A", 55, "A", 70],
      ["A", 56, "A", 49],
      ["A", 57, "A", 68],
      ["A", 58, "A", 47],
      ["A", 58, "A", 56],
      ["A", 59, "A", 57],
      ["A", 59, "A", 66],
      ["A", 60, "A", 45],
      ["A", 60, "A", 58],
      ["A", 61, "A", 64],
      ["A", 66, "A", 59],
      ["A", 68, "A", 57],
      ["A", 70, "A", 55],
      ["A", 72, "A", 53],
      ["A", 73, "A", 90],
      ["A", 74, "A", 71],
      ["A", 75, "A", 73],
      ["A", 76, "A", 88],
      ["A", 78, "A", 86],
      ["A", 80, "A", 78],
      ["A", 80, "A", 84],
      ["A", 83, "A", 80],
      ["A", 86, "A", 78],
      ["A", 86, "A", 84],
      ["A", 87, "A", 102],
      ["A", 88, "A", 76],
      ["A", 88, "A", 86],
      ["A", 89, "A", 100],
      ["A", 91, "A", 98],
      ["A", 93, "A", 91],
      ["A", 93, "A", 96],
      ["A", 96, "A", 93],
      ["A", 97, "A", 112],
      ["A", 98, "A", 91],
      ["A", 99, "A", 97],
      ["A", 99, "A", 110],
      ["A", 100, "A", 89],
      ["A", 100, "A", 98],
      ["A", 101, "A", 99],
      ["A", 101, "A", 108],
      ["A", 102, "A", 87],
      ["A", 103, "A", 106],
      ["A", 106, "A", 103],
      ["A", 108, "A", 101],
      ["A", 109, "A", 124],
      ["A", 110, "A", 99],
      ["A", 111, "A", 122],
      ["A", 112, "A", 97],
      ["A", 113, "A", 120],
      ["A", 114, "A", 95],
      ["A", 115, "A", 113],
      ["A", 115, "A", 118],
      ["A", 118, "A", 115],
      ["A", 119, "A", 134],
      ["A", 120, "A", 113],
      ["A", 120, "A", 118],
      ["A", 121, "A", 119],
      ["A", 121, "A", 132],
      ["A", 122, "A", 111],
      ["A", 122, "A", 120],
      ["A", 123, "A", 121],
      ["A", 123, "A", 130],
      ["A", 124, "A", 109],
      ["A", 125, "A", 128],
      ["A", 128, "A", 125],
      ["A", 129, "A", 127],
      ["A", 130, "A", 123],
      ["A", 131, "A", 20],
      ["A", 132, "A", 121],
      ["A", 133, "A", 18],
      ["A", 134, "A", 119],
      ["A", 134, "A", 132],
      ["A", 135, "A", 15],
      ["A", 137, "A", 13]
    ]
  }
}
