{
  "4azp_A_01": {
    "secondary_structure_elements": [
      {
        "label": "H0",
        "chain_id": "A",
        "start": 7,
        "end": 10,
        "type": "G",
        "start_vector": [
          -16.104,
          1.203,
          3.427
        ],
        "end_vector": [
          -12.253,
          5.995,
          -0.725
        ],
        "nested_sses": [
          {
            "label": null,
            "chain_id": "A",
            "start": 8,
            "end": 10,
            "type": "G"
          }
        ],
        "domain": "4azp_A_01",
        "color": "s000",
        "color_hex": "#FF00FF",
        "rainbow": "s125",
        "rainbow_hex": "#3F00FF"
      },
      {
        "label": "E1",
        "chain_id": "A",
        "start": 12,
        "end": 20,
        "type": "E",
        "sheet_id": 1,
        "start_vector": [
          -10.246,
          10.679,
          -5.811
        ],
        "end_vector": [
          9.052,
          11.266,
          6.701
        ],
        "nested_sses": [
          {
            "label": null,
            "chain_id": "A",
            "start": 17,
            "end": 18,
            "type": "N",
            "sheet_id": -2,
            "comment": "A_NcCN_C_"
          }
        ],
        "domain": "4azp_A_01",
        "color": "s293",
        "color_hex": "#00C1FF",
        "rainbow": "s181",
        "rainbow_hex": "#0015FF"
      },
      {
        "label": "H2",
        "chain_id": "A",
        "start": 22,
        "end": 29,
        "type": "H",
        "start_vector": [
          11.315,
          5.708,
          6.288
        ],
        "end_vector": [
          14.212,
          -5.814,
          2.637
        ],
        "nested_sses": [
          {
            "label": null,
            "chain_id": "A",
            "start": 22,
            "end": 29,
            "type": "H"
          }
        ],
        "domain": "4azp_A_01",
        "color": "s586",
        "color_hex": "#83FF00",
        "rainbow": "s244",
        "rainbow_hex": "#0076FF"
      },
      {
        "label": "H3",
        "chain_id": "A",
        "start": 33,
        "end": 42,
        "type": "H",
        "start_vector": [
          19.585,
          1.024,
          -4.048
        ],
        "end_vector": [
          8.557,
          11.331,
          -3.742
        ],
        "nested_sses": [
          {
            "label": null,
            "chain_id": "A",
            "start": 33,
            "end": 41,
            "type": "H"
          }
        ],
        "domain": "4azp_A_01",
        "color": "s879",
        "color_hex": "#FF0045",
        "rainbow": "s307",
        "rainbow_hex": "#00D6FF"
      },
      {
        "label": "E5",
        "chain_id": "A",
        "start": 45,
        "end": 51,
        "type": "E",
        "sheet_id": 1,
        "start_vector": [
          0.535,
          9.544,
          -5.895
        ],
        "end_vector": [
          -17.579,
          -2.405,
          -5.527
        ],
        "domain": "4azp_A_01",
        "color": "s466",
        "color_hex": "#00FF34",
        "rainbow": "s371",
        "rainbow_hex": "#00FFC5"
      },
      {
        "label": "E6",
        "chain_id": "A",
        "start": 54,
        "end": 60,
        "type": "E",
        "sheet_id": 1,
        "start_vector": [
          -14.252,
          -6.378,
          -4.525
        ],
        "end_vector": [
          2.739,
          6.622,
          -9.444
        ],
        "domain": "4azp_A_01",
        "color": "s759",
        "color_hex": "#FF7100",
        "rainbow": "s432",
        "rainbow_hex": "#00FF68"
      },
      {
        "label": "E7",
        "chain_id": "A",
        "start": 65,
        "end": 71,
        "type": "E",
        "sheet_id": 1,
        "start_vector": [
          4.413,
          2.673,
          -12.832
        ],
        "end_vector": [
          -11.724,
          -9.96,
          -4.32
        ],
        "domain": "4azp_A_01",
        "color": "s053",
        "color_hex": "#AD00FF",
        "rainbow": "s495",
        "rainbow_hex": "#00FF07"
      },
      {
        "label": "E8",
        "chain_id": "A",
        "start": 76,
        "end": 79,
        "type": "E",
        "sheet_id": 1,
        "start_vector": [
          -4.102,
          -14.439,
          -5.083
        ],
        "end_vector": [
          4.586,
          -7.258,
          -7.815
        ],
        "domain": "4azp_A_01",
        "color": "s346",
        "color_hex": "#00FFEB",
        "rainbow": "s558",
        "rainbow_hex": "#58FF00"
      },
      {
        "label": "E10",
        "chain_id": "A",
        "start": 85,
        "end": 93,
        "type": "E",
        "sheet_id": 1,
        "start_vector": [
          5.905,
          -13.18,
          -6.887
        ],
        "end_vector": [
          -13.285,
          -6.296,
          8.599
        ],
        "domain": "4azp_A_01",
        "color": "s933",
        "color_hex": "#FF0098",
        "rainbow": "s623",
        "rainbow_hex": "#BCFF00"
      },
      {
        "label": "E11",
        "chain_id": "A",
        "start": 96,
        "end": 103,
        "type": "E",
        "sheet_id": 1,
        "start_vector": [
          -10.721,
          -0.454,
          7.068
        ],
        "end_vector": [
          7.523,
          -15.229,
          -0.432
        ],
        "domain": "4azp_A_01",
        "color": "s226",
        "color_hex": "#005AFF",
        "rainbow": "s686",
        "rainbow_hex": "#FFE100"
      },
      {
        "label": "E12",
        "chain_id": "A",
        "start": 106,
        "end": 115,
        "type": "E",
        "sheet_id": 1,
        "start_vector": [
          8.053,
          -15.162,
          3.431
        ],
        "end_vector": [
          -10.251,
          9.712,
          8.415
        ],
        "domain": "4azp_A_01",
        "color": "s519",
        "color_hex": "#1DFF00",
        "rainbow": "s749",
        "rainbow_hex": "#FF8100"
      },
      {
        "label": "E13",
        "chain_id": "A",
        "start": 118,
        "end": 125,
        "type": "E",
        "sheet_id": 1,
        "start_vector": [
          -8.283,
          11.651,
          4.915
        ],
        "end_vector": [
          8.168,
          -6.332,
          8.816
        ],
        "domain": "4azp_A_01",
        "color": "s813",
        "color_hex": "#FF1F00",
        "rainbow": "s810",
        "rainbow_hex": "#FF2300"
      },
      {
        "label": "E14",
        "chain_id": "A",
        "start": 128,
        "end": 136,
        "type": "E",
        "sheet_id": 1,
        "start_vector": [
          10.451,
          -1.716,
          12.728
        ],
        "end_vector": [
          -7.346,
          15.657,
          -1.346
        ],
        "nested_sses": [
          {
            "label": null,
            "chain_id": "A",
            "start": 133,
            "end": 133,
            "type": "n",
            "sheet_id": -2,
            "comment": "A_C_NcCN_"
          }
        ],
        "domain": "4azp_A_01",
        "color": "s106",
        "color_hex": "#5C00FF",
        "rainbow": "s870",
        "rainbow_hex": "#FF0038"
      }
    ]
  }
}
