{
  "4azr_A_01": {
    "software": "SecStrAnnotator 2.2 [2022-01-02]",
    "args": "--onlyssa --verbose --batch /srv/var/jobs/Running/a6716a11-bfa3-42f8-9ea1-cb6224f23481/job_data/cif_cealign /srv/var/jobs/Running/a6716a11-bfa3-42f8-9ea1-cb6224f23481/job_data/cif_cealign/domain_batch.txt",
    "found": 11,
    "secondary_structure_elements": [
      {"label": "E0", "chain_id": "A", "start": 12, "end": 15, "type": "E", "sheet_id": 1, "start_vector": [14.885, 29.384, 10.352], "end_vector": [10.393, 25.005, 0.15], "minor_axis": [0.256, -0.924, 0.284]},
      {"label": "H1", "chain_id": "A", "start": 22, "end": 29, "type": "H", "start_vector": [17.785, 17.417, -11.725], "end_vector": [26.266, 8.615, -8.47], "nested_sses": [{"label": null, "chain_id": "A", "start": 22, "end": 29, "type": "H"}]},
      {"label": "H2", "chain_id": "A", "start": 33, "end": 41, "type": "h", "start_vector": [16.28, 3.537, -8.346], "end_vector": [9.717, 15.543, -4.693], "nested_sses": [{"label": null, "chain_id": "A", "start": 33, "end": 40, "type": "H"}, {"label": null, "chain_id": "A", "start": 39, "end": 41, "type": "G"}]},
      {"label": "E3", "chain_id": "A", "start": 43, "end": 51, "type": "E", "sheet_id": 1, "start_vector": [7.916, 17.8, -1.728], "end_vector": [24.769, 30.105, 17.539], "minor_axis": [0.471, -0.87, 0.143]},
      {"label": "E4", "chain_id": "A", "start": 54, "end": 62, "type": "E", "sheet_id": 1, "start_vector": [28.3, 25.951, 15.537], "end_vector": [5.774, 13.832, 1.726], "minor_axis": [0.341, -0.909, 0.241]},
      {"label": "E5", "chain_id": "A", "start": 76, "end": 79, "type": "E", "sheet_id": 2, "start_vector": [-5.023, -3.849, -14.945], "end_vector": [3.737, 1.473, -9.46], "minor_axis": [0.394, -0.889, 0.233]},
      {"label": "E6", "chain_id": "A", "start": 85, "end": 93, "type": "E", "sheet_id": 2, "start_vector": [5.231, -2.428, -14.267], "end_vector": [-15.747, -10.451, -1.967], "minor_axis": [0.572, -0.5, 0.65]},
      {"label": "E7", "chain_id": "A", "start": 96, "end": 103, "type": "E", "sheet_id": 2, "start_vector": [-12.932, -7.419, 3.053], "end_vector": [5.798, -9.355, -13.167], "minor_axis": [0.618, -0.256, 0.744]},
      {"label": "E8", "chain_id": "A", "start": 106, "end": 115, "type": "E", "sheet_id": 2, "start_vector": [6.019, -12.813, -11.571], "end_vector": [-11.814, -4.55, 12.929], "minor_axis": [0.814, 0.041, 0.579]},
      {"label": "E9", "chain_id": "A", "start": 118, "end": 125, "type": "E", "sheet_id": 2, "start_vector": [-9.365, -0.557, 13.192], "end_vector": [5.863, -13.907, -1.405], "minor_axis": [0.738, 0.116, 0.664]},
      {"label": "E10", "chain_id": "A", "start": 128, "end": 135, "type": "E", "sheet_id": 2, "start_vector": [8.085, -15.35, 3.994], "end_vector": [-6.114, 4.039, 13.785], "minor_axis": [0.802, 0.338, 0.493]}
    ],
    "beta_connectivity": [
      ["E0", "E3", -1],
      ["E3", "E4", -1],
      ["E5", "E6", -1],
      ["E6", "E7", -1],
      ["E7", "E8", -1],
      ["E8", "E9", -1],
      ["E9", "E10", -1]
    ],
    "hydrogen_bonds": [
      ["A", 10, "A", 7],
      ["A", 11, "A", 7],
      ["A", 12, "A", 48],
      ["A", 14, "A", 46],
      ["A", 16, "A", 44],
      ["A", 25, "A", 21],
      ["A", 26, "A", 22],
      ["A", 27, "A", 23],
      ["A", 28, "A", 24],
      ["A", 29, "A", 25],
      ["A", 30, "A", 26],
      ["A", 30, "A", 27],
      ["A", 31, "A", 26],
      ["A", 36, "A", 32],
      ["A", 37, "A", 33],
      ["A", 38, "A", 34],
      ["A", 39, "A", 35],
      ["A", 40, "A", 36],
      ["A", 41, "A", 37],
      ["A", 41, "A", 38],
      ["A", 42, "A", 39],
      ["A", 43, "A", 62],
      ["A", 45, "A", 60],
      ["A", 46, "A", 14],
      ["A", 47, "A", 45],
      ["A", 47, "A", 58],
      ["A", 48, "A", 12],
      ["A", 48, "A", 46],
      ["A", 49, "A", 56],
      ["A", 51, "A", 54],
      ["A", 52, "A", 50],
      ["A", 53, "A", 51],
      ["A", 54, "A", 51],
      ["A", 55, "A", 53],
      ["A", 56, "A", 49],
      ["A", 58, "A", 47],
      ["A", 60, "A", 45],
      ["A", 62, "A", 43],
      ["A", 67, "A", 65],
      ["A", 73, "A", 90],
      ["A", 74, "A", 71],
      ["A", 75, "A", 73],
      ["A", 76, "A", 88],
      ["A", 78, "A", 76],
      ["A", 78, "A", 86],
      ["A", 80, "A", 78],
      ["A", 80, "A", 84],
      ["A", 83, "A", 80],
      ["A", 86, "A", 78],
      ["A", 86, "A", 84],
      ["A", 87, "A", 102],
      ["A", 88, "A", 76],
      ["A", 88, "A", 86],
      ["A", 89, "A", 100],
      ["A", 91, "A", 98],
      ["A", 93, "A", 91],
      ["A", 93, "A", 96],
      ["A", 96, "A", 93],
      ["A", 97, "A", 112],
      ["A", 98, "A", 91],
      ["A", 98, "A", 96],
      ["A", 99, "A", 110],
      ["A", 100, "A", 89],
      ["A", 101, "A", 99],
      ["A", 101, "A", 108],
      ["A", 102, "A", 87],
      ["A", 103, "A", 106],
      ["A", 106, "A", 103],
      ["A", 108, "A", 101],
      ["A", 109, "A", 124],
      ["A", 110, "A", 99],
      ["A", 111, "A", 122],
      ["A", 112, "A", 97],
      ["A", 113, "A", 120],
      ["A", 115, "A", 113],
      ["A", 115, "A", 118],
      ["A", 118, "A", 115],
      ["A", 119, "A", 134],
      ["A", 120, "A", 113],
      ["A", 120, "A", 118],
      ["A", 121, "A", 119],
      ["A", 121, "A", 132],
      ["A", 122, "A", 111],
      ["A", 123, "A", 130],
      ["A", 124, "A", 109],
      ["A", 125, "A", 128],
      ["A", 128, "A", 125],
      ["A", 130, "A", 123],
      ["A", 132, "A", 121],
      ["A", 134, "A", 119],
      ["A", 136, "A", 117]
    ]
  }
}
