{
  "4azr_A_01": {
    "secondary_structure_elements": [
      {
        "label": "E1",
        "chain_id": "A",
        "start": 12,
        "end": 15,
        "type": "E",
        "sheet_id": 1,
        "start_vector": [
          14.885,
          29.384,
          10.352
        ],
        "end_vector": [
          10.393,
          25.005,
          0.15
        ],
        "domain": "4azr_A_01",
        "color": "s293",
        "color_hex": "#00C1FF",
        "rainbow": "s181",
        "rainbow_hex": "#0015FF"
      },
      {
        "label": "H2",
        "chain_id": "A",
        "start": 22,
        "end": 29,
        "type": "H",
        "start_vector": [
          17.785,
          17.417,
          -11.725
        ],
        "end_vector": [
          26.266,
          8.615,
          -8.47
        ],
        "nested_sses": [
          {
            "label": null,
            "chain_id": "A",
            "start": 22,
            "end": 29,
            "type": "H"
          }
        ],
        "domain": "4azr_A_01",
        "color": "s586",
        "color_hex": "#83FF00",
        "rainbow": "s244",
        "rainbow_hex": "#0076FF"
      },
      {
        "label": "H3",
        "chain_id": "A",
        "start": 33,
        "end": 41,
        "type": "h",
        "start_vector": [
          16.28,
          3.537,
          -8.346
        ],
        "end_vector": [
          9.717,
          15.543,
          -4.693
        ],
        "nested_sses": [
          {
            "label": null,
            "chain_id": "A",
            "start": 33,
            "end": 40,
            "type": "H"
          },
          {
            "label": null,
            "chain_id": "A",
            "start": 39,
            "end": 41,
            "type": "G"
          }
        ],
        "domain": "4azr_A_01",
        "color": "s879",
        "color_hex": "#FF0045",
        "rainbow": "s307",
        "rainbow_hex": "#00D6FF"
      },
      {
        "label": "E4",
        "chain_id": "A",
        "start": 43,
        "end": 51,
        "type": "E",
        "sheet_id": 1,
        "start_vector": [
          7.916,
          17.8,
          -1.728
        ],
        "end_vector": [
          24.769,
          30.105,
          17.539
        ],
        "domain": "4azr_A_01",
        "color": "s173",
        "color_hex": "#0009FF",
        "rainbow": "s340",
        "rainbow_hex": "#00FFF4"
      },
      {
        "label": "E5",
        "chain_id": "A",
        "start": 54,
        "end": 62,
        "type": "E",
        "sheet_id": 1,
        "start_vector": [
          28.3,
          25.951,
          15.537
        ],
        "end_vector": [
          5.774,
          13.832,
          1.726
        ],
        "domain": "4azr_A_01",
        "color": "s466",
        "color_hex": "#00FF34",
        "rainbow": "s371",
        "rainbow_hex": "#00FFC5"
      },
      {
        "label": "E6",
        "chain_id": "A",
        "start": 76,
        "end": 79,
        "type": "E",
        "sheet_id": 2,
        "start_vector": [
          -5.023,
          -3.849,
          -14.945
        ],
        "end_vector": [
          3.737,
          1.473,
          -9.46
        ],
        "domain": "4azr_A_01",
        "color": "s759",
        "color_hex": "#FF7100",
        "rainbow": "s432",
        "rainbow_hex": "#00FF68"
      },
      {
        "label": "E7",
        "chain_id": "A",
        "start": 85,
        "end": 93,
        "type": "E",
        "sheet_id": 2,
        "start_vector": [
          5.231,
          -2.428,
          -14.267
        ],
        "end_vector": [
          -15.747,
          -10.451,
          -1.967
        ],
        "domain": "4azr_A_01",
        "color": "s053",
        "color_hex": "#AD00FF",
        "rainbow": "s495",
        "rainbow_hex": "#00FF07"
      },
      {
        "label": "E8",
        "chain_id": "A",
        "start": 96,
        "end": 103,
        "type": "E",
        "sheet_id": 2,
        "start_vector": [
          -12.932,
          -7.419,
          3.053
        ],
        "end_vector": [
          5.798,
          -9.355,
          -13.167
        ],
        "domain": "4azr_A_01",
        "color": "s346",
        "color_hex": "#00FFEB",
        "rainbow": "s558",
        "rainbow_hex": "#58FF00"
      },
      {
        "label": "E10",
        "chain_id": "A",
        "start": 106,
        "end": 115,
        "type": "E",
        "sheet_id": 2,
        "start_vector": [
          6.019,
          -12.813,
          -11.571
        ],
        "end_vector": [
          -11.814,
          -4.55,
          12.929
        ],
        "domain": "4azr_A_01",
        "color": "s933",
        "color_hex": "#FF0098",
        "rainbow": "s623",
        "rainbow_hex": "#BCFF00"
      },
      {
        "label": "E11",
        "chain_id": "A",
        "start": 118,
        "end": 125,
        "type": "E",
        "sheet_id": 2,
        "start_vector": [
          -9.365,
          -0.557,
          13.192
        ],
        "end_vector": [
          5.863,
          -13.907,
          -1.405
        ],
        "domain": "4azr_A_01",
        "color": "s226",
        "color_hex": "#005AFF",
        "rainbow": "s686",
        "rainbow_hex": "#FFE100"
      },
      {
        "label": "E12",
        "chain_id": "A",
        "start": 128,
        "end": 135,
        "type": "E",
        "sheet_id": 2,
        "start_vector": [
          8.085,
          -15.35,
          3.994
        ],
        "end_vector": [
          -6.114,
          4.039,
          13.785
        ],
        "domain": "4azr_A_01",
        "color": "s519",
        "color_hex": "#1DFF00",
        "rainbow": "s749",
        "rainbow_hex": "#FF8100"
      }
    ]
  }
}
