{
  "4lkp_A_01": {
    "secondary_structure_elements": [
      {
        "label": "H0",
        "chain_id": "A",
        "start": 7,
        "end": 10,
        "type": "G",
        "start_vector": [
          -16.381,
          0.388,
          2.857
        ],
        "end_vector": [
          -12.591,
          6.039,
          -0.416
        ],
        "nested_sses": [
          {
            "label": null,
            "chain_id": "A",
            "start": 7,
            "end": 10,
            "type": "G"
          }
        ],
        "domain": "4lkp_A_01",
        "color": "s000",
        "color_hex": "#FF00FF",
        "rainbow": "s125",
        "rainbow_hex": "#3F00FF"
      },
      {
        "label": "E1",
        "chain_id": "A",
        "start": 12,
        "end": 20,
        "type": "E",
        "sheet_id": 1,
        "start_vector": [
          -10.132,
          10.936,
          -5.642
        ],
        "end_vector": [
          9.058,
          11.311,
          6.442
        ],
        "minor_axis": [
          0.096,
          -0.988,
          -0.121
        ],
        "nested_sses": [
          {
            "label": null,
            "chain_id": "A",
            "start": 17,
            "end": 18,
            "type": "N",
            "sheet_id": -2,
            "comment": "A_NcCN_C_"
          }
        ],
        "domain": "4lkp_A_01",
        "color": "s293",
        "color_hex": "#00C1FF",
        "rainbow": "s181",
        "rainbow_hex": "#0015FF"
      },
      {
        "label": "H2",
        "chain_id": "A",
        "start": 22,
        "end": 29,
        "type": "H",
        "start_vector": [
          10.965,
          5.634,
          5.951
        ],
        "end_vector": [
          14.894,
          -5.787,
          2.976
        ],
        "nested_sses": [
          {
            "label": null,
            "chain_id": "A",
            "start": 22,
            "end": 29,
            "type": "H"
          }
        ],
        "domain": "4lkp_A_01",
        "color": "s586",
        "color_hex": "#83FF00",
        "rainbow": "s244",
        "rainbow_hex": "#0076FF"
      },
      {
        "label": "H3",
        "chain_id": "A",
        "start": 33,
        "end": 41,
        "type": "H",
        "start_vector": [
          18.843,
          0.364,
          -5.159
        ],
        "end_vector": [
          9.656,
          10.398,
          -3.074
        ],
        "nested_sses": [
          {
            "label": null,
            "chain_id": "A",
            "start": 33,
            "end": 41,
            "type": "H"
          }
        ],
        "domain": "4lkp_A_01",
        "color": "s879",
        "color_hex": "#FF0045",
        "rainbow": "s307",
        "rainbow_hex": "#00D6FF"
      },
      {
        "label": "E5",
        "chain_id": "A",
        "start": 45,
        "end": 51,
        "type": "E",
        "sheet_id": 1,
        "start_vector": [
          0.379,
          9.766,
          -5.725
        ],
        "end_vector": [
          -17.954,
          -3.065,
          -5.577
        ],
        "minor_axis": [
          0.53,
          -0.761,
          -0.374
        ],
        "domain": "4lkp_A_01",
        "color": "s466",
        "color_hex": "#00FF34",
        "rainbow": "s371",
        "rainbow_hex": "#00FFC5"
      },
      {
        "label": "E6",
        "chain_id": "A",
        "start": 54,
        "end": 60,
        "type": "E",
        "sheet_id": 1,
        "start_vector": [
          -14.161,
          -6.813,
          -4.449
        ],
        "end_vector": [
          2.524,
          7.21,
          -9.547
        ],
        "minor_axis": [
          0.539,
          -0.767,
          -0.348
        ],
        "domain": "4lkp_A_01",
        "color": "s759",
        "color_hex": "#FF7100",
        "rainbow": "s432",
        "rainbow_hex": "#00FF68"
      },
      {
        "label": "E7",
        "chain_id": "A",
        "start": 65,
        "end": 71,
        "type": "E",
        "sheet_id": 1,
        "start_vector": [
          4.715,
          3.524,
          -12.46
        ],
        "end_vector": [
          -11.486,
          -10.26,
          -4.416
        ],
        "minor_axis": [
          0.511,
          -0.793,
          -0.331
        ],
        "domain": "4lkp_A_01",
        "color": "s053",
        "color_hex": "#AD00FF",
        "rainbow": "s495",
        "rainbow_hex": "#00FF07"
      },
      {
        "label": "E8",
        "chain_id": "A",
        "start": 76,
        "end": 79,
        "type": "E",
        "sheet_id": 1,
        "start_vector": [
          -3.774,
          -14.579,
          -5.054
        ],
        "end_vector": [
          4.392,
          -7.129,
          -7.694
        ],
        "minor_axis": [
          0.456,
          -0.192,
          0.869
        ],
        "domain": "4lkp_A_01",
        "color": "s346",
        "color_hex": "#00FFEB",
        "rainbow": "s558",
        "rainbow_hex": "#58FF00"
      },
      {
        "label": "E10",
        "chain_id": "A",
        "start": 85,
        "end": 93,
        "type": "E",
        "sheet_id": 1,
        "start_vector": [
          5.988,
          -13.031,
          -6.903
        ],
        "end_vector": [
          -13.445,
          -6.427,
          8.377
        ],
        "minor_axis": [
          0.648,
          0.384,
          0.658
        ],
        "domain": "4lkp_A_01",
        "color": "s933",
        "color_hex": "#FF0098",
        "rainbow": "s623",
        "rainbow_hex": "#BCFF00"
      },
      {
        "label": "E11",
        "chain_id": "A",
        "start": 96,
        "end": 103,
        "type": "E",
        "sheet_id": 1,
        "start_vector": [
          -10.648,
          -0.558,
          7.345
        ],
        "end_vector": [
          7.477,
          -15.403,
          -0.304
        ],
        "minor_axis": [
          0.671,
          0.584,
          0.456
        ],
        "domain": "4lkp_A_01",
        "color": "s226",
        "color_hex": "#005AFF",
        "rainbow": "s686",
        "rainbow_hex": "#FFE100"
      },
      {
        "label": "E12",
        "chain_id": "A",
        "start": 106,
        "end": 115,
        "type": "E",
        "sheet_id": 1,
        "start_vector": [
          8.098,
          -15.365,
          3.748
        ],
        "end_vector": [
          -10.228,
          10,
          8.341
        ],
        "minor_axis": [
          0.813,
          0.557,
          0.171
        ],
        "domain": "4lkp_A_01",
        "color": "s519",
        "color_hex": "#1DFF00",
        "rainbow": "s749",
        "rainbow_hex": "#FF8100"
      },
      {
        "label": "E13",
        "chain_id": "A",
        "start": 118,
        "end": 125,
        "type": "E",
        "sheet_id": 1,
        "start_vector": [
          -8.221,
          11.798,
          4.637
        ],
        "end_vector": [
          8.412,
          -6.568,
          8.897
        ],
        "minor_axis": [
          0.74,
          0.673,
          0.012
        ],
        "domain": "4lkp_A_01",
        "color": "s813",
        "color_hex": "#FF1F00",
        "rainbow": "s810",
        "rainbow_hex": "#FF2300"
      },
      {
        "label": "E14",
        "chain_id": "A",
        "start": 128,
        "end": 136,
        "type": "E",
        "sheet_id": 1,
        "start_vector": [
          10.235,
          -1.849,
          12.733
        ],
        "end_vector": [
          -7.08,
          15.92,
          -1.504
        ],
        "minor_axis": [
          0.756,
          0.645,
          -0.115
        ],
        "nested_sses": [
          {
            "label": null,
            "chain_id": "A",
            "start": 133,
            "end": 133,
            "type": "n",
            "sheet_id": -2,
            "comment": "A_C_NcCN_"
          }
        ],
        "domain": "4lkp_A_01",
        "color": "s106",
        "color_hex": "#5C00FF",
        "rainbow": "s870",
        "rainbow_hex": "#FF0038"
      }
    ]
  }
}
