{
    "4lkp_A_01": {
        "software": "SecStrAnnotator 2.2 [2020-07-01]",
        "args": "--onlyssa --verbose /server_data/overprot_data/jobs/Running/b0978d1b-72aa-43e3-ae21-11aa3cf65871/job_data/cif_cealign/ 4lkp_A_01,A",
        "found": 13,
        "secondary_structure_elements": [
            { "label": "G0", "chain_id": "A", "start": 7, "end": 10, "type": "G", "start_vector": [ -16.381, 0.388, 2.857 ], "end_vector": [ -12.591, 6.039, -0.416 ], "nested_sses": [ { "label": null, "chain_id": "A", "start": 7, "end": 10, "type": "G" } ] },
            { "label": "E1", "chain_id": "A", "start": 12, "end": 20, "type": "E", "sheet_id": 1, "start_vector": [ -10.132, 10.936, -5.642 ], "end_vector": [ 9.058, 11.311, 6.442 ], "nested_sses": [ { "label": null, "chain_id": "A", "start": 17, "end": 18, "type": "N", "sheet_id": -2, "comment": "A_NcCN_C_" } ] },
            { "label": "H2", "chain_id": "A", "start": 22, "end": 29, "type": "H", "start_vector": [ 10.965, 5.634, 5.951 ], "end_vector": [ 14.894, -5.787, 2.976 ], "nested_sses": [ { "label": null, "chain_id": "A", "start": 22, "end": 29, "type": "H" } ] },
            { "label": "H3", "chain_id": "A", "start": 33, "end": 41, "type": "H", "start_vector": [ 18.843, 0.364, -5.159 ], "end_vector": [ 9.656, 10.398, -3.074 ], "nested_sses": [ { "label": null, "chain_id": "A", "start": 33, "end": 41, "type": "H" } ] },
            { "label": "E4", "chain_id": "A", "start": 45, "end": 51, "type": "E", "sheet_id": 1, "start_vector": [ 0.379, 9.766, -5.725 ], "end_vector": [ -17.954, -3.065, -5.577 ] },
            { "label": "E5", "chain_id": "A", "start": 54, "end": 60, "type": "E", "sheet_id": 1, "start_vector": [ -14.161, -6.813, -4.449 ], "end_vector": [ 2.524, 7.21, -9.547 ] },
            { "label": "E6", "chain_id": "A", "start": 65, "end": 71, "type": "E", "sheet_id": 1, "start_vector": [ 4.715, 3.524, -12.46 ], "end_vector": [ -11.486, -10.26, -4.416 ] },
            { "label": "E7", "chain_id": "A", "start": 76, "end": 79, "type": "E", "sheet_id": 1, "start_vector": [ -3.774, -14.579, -5.054 ], "end_vector": [ 4.392, -7.129, -7.694 ] },
            { "label": "E8", "chain_id": "A", "start": 85, "end": 93, "type": "E", "sheet_id": 1, "start_vector": [ 5.988, -13.031, -6.903 ], "end_vector": [ -13.445, -6.427, 8.377 ] },
            { "label": "E9", "chain_id": "A", "start": 96, "end": 103, "type": "E", "sheet_id": 1, "start_vector": [ -10.648, -0.558, 7.345 ], "end_vector": [ 7.477, -15.403, -0.304 ] },
            { "label": "E10", "chain_id": "A", "start": 106, "end": 115, "type": "E", "sheet_id": 1, "start_vector": [ 8.098, -15.365, 3.748 ], "end_vector": [ -10.228, 10, 8.341 ] },
            { "label": "E11", "chain_id": "A", "start": 118, "end": 125, "type": "E", "sheet_id": 1, "start_vector": [ -8.221, 11.798, 4.637 ], "end_vector": [ 8.412, -6.568, 8.897 ] },
            { "label": "E12", "chain_id": "A", "start": 128, "end": 136, "type": "E", "sheet_id": 1, "start_vector": [ 10.235, -1.849, 12.733 ], "end_vector": [ -7.08, 15.92, -1.504 ], "nested_sses": [ { "label": null, "chain_id": "A", "start": 133, "end": 133, "type": "n", "sheet_id": -2, "comment": "A_C_NcCN_" } ] }
        ],
        "beta_connectivity": [
            [ "E1", "E4", -1 ],
            [ "E1", "E12", -1 ],
            [ "E4", "E5", -1 ],
            [ "E5", "E6", -1 ],
            [ "E7", "E8", -1 ],
            [ "E8", "E9", -1 ],
            [ "E9", "E10", -1 ],
            [ "E10", "E11", -1 ],
            [ "E11", "E12", -1 ]
        ],
        "hydrogen_bonds": [
            [ "A", 9, "A", 6 ],
            [ "A", 10, "A", 7 ],
            [ "A", 11, "A", 8 ],
            [ "A", 12, "A", 48 ],
            [ "A", 14, "A", 12 ],
            [ "A", 14, "A", 46 ],
            [ "A", 15, "A", 135 ],
            [ "A", 16, "A", 44 ],
            [ "A", 17, "A", 133 ],
            [ "A", 18, "A", 133 ],
            [ "A", 20, "A", 131 ],
            [ "A", 25, "A", 21 ],
            [ "A", 26, "A", 22 ],
            [ "A", 27, "A", 23 ],
            [ "A", 28, "A", 24 ],
            [ "A", 29, "A", 25 ],
            [ "A", 30, "A", 26 ],
            [ "A", 30, "A", 27 ],
            [ "A", 31, "A", 26 ],
            [ "A", 36, "A", 32 ],
            [ "A", 37, "A", 33 ],
            [ "A", 38, "A", 34 ],
            [ "A", 39, "A", 35 ],
            [ "A", 40, "A", 36 ],
            [ "A", 41, "A", 37 ],
            [ "A", 42, "A", 38 ],
            [ "A", 45, "A", 60 ],
            [ "A", 46, "A", 14 ],
            [ "A", 47, "A", 58 ],
            [ "A", 48, "A", 12 ],
            [ "A", 48, "A", 46 ],
            [ "A", 49, "A", 56 ],
            [ "A", 51, "A", 54 ],
            [ "A", 54, "A", 51 ],
            [ "A", 55, "A", 70 ],
            [ "A", 56, "A", 49 ],
            [ "A", 57, "A", 68 ],
            [ "A", 58, "A", 47 ],
            [ "A", 59, "A", 66 ],
            [ "A", 60, "A", 45 ],
            [ "A", 61, "A", 64 ],
            [ "A", 66, "A", 59 ],
            [ "A", 68, "A", 57 ],
            [ "A", 70, "A", 55 ],
            [ "A", 72, "A", 53 ],
            [ "A", 73, "A", 90 ],
            [ "A", 74, "A", 71 ],
            [ "A", 75, "A", 73 ],
            [ "A", 76, "A", 88 ],
            [ "A", 78, "A", 76 ],
            [ "A", 78, "A", 86 ],
            [ "A", 80, "A", 78 ],
            [ "A", 80, "A", 84 ],
            [ "A", 83, "A", 80 ],
            [ "A", 86, "A", 78 ],
            [ "A", 86, "A", 84 ],
            [ "A", 87, "A", 102 ],
            [ "A", 88, "A", 76 ],
            [ "A", 88, "A", 86 ],
            [ "A", 89, "A", 100 ],
            [ "A", 91, "A", 98 ],
            [ "A", 93, "A", 91 ],
            [ "A", 93, "A", 96 ],
            [ "A", 96, "A", 93 ],
            [ "A", 97, "A", 112 ],
            [ "A", 98, "A", 91 ],
            [ "A", 99, "A", 110 ],
            [ "A", 100, "A", 89 ],
            [ "A", 100, "A", 98 ],
            [ "A", 101, "A", 99 ],
            [ "A", 101, "A", 108 ],
            [ "A", 102, "A", 87 ],
            [ "A", 103, "A", 106 ],
            [ "A", 106, "A", 103 ],
            [ "A", 108, "A", 101 ],
            [ "A", 109, "A", 124 ],
            [ "A", 110, "A", 99 ],
            [ "A", 111, "A", 122 ],
            [ "A", 112, "A", 97 ],
            [ "A", 113, "A", 120 ],
            [ "A", 115, "A", 113 ],
            [ "A", 115, "A", 118 ],
            [ "A", 118, "A", 115 ],
            [ "A", 119, "A", 134 ],
            [ "A", 120, "A", 113 ],
            [ "A", 120, "A", 118 ],
            [ "A", 121, "A", 119 ],
            [ "A", 121, "A", 132 ],
            [ "A", 122, "A", 111 ],
            [ "A", 123, "A", 130 ],
            [ "A", 124, "A", 109 ],
            [ "A", 125, "A", 128 ],
            [ "A", 128, "A", 125 ],
            [ "A", 129, "A", 127 ],
            [ "A", 130, "A", 123 ],
            [ "A", 131, "A", 20 ],
            [ "A", 132, "A", 121 ],
            [ "A", 133, "A", 18 ],
            [ "A", 134, "A", 119 ],
            [ "A", 135, "A", 15 ],
            [ "A", 136, "A", 117 ],
            [ "A", 137, "A", 13 ],
            [ "A", 138, "A", 136 ]
        ]
    }
}
