{
    "5bvt_A_01": {
        "software": "SecStrAnnotator 2.2 [2020-07-01]",
        "args": "--onlyssa --verbose /server_data/overprot_data/jobs/Running/b0978d1b-72aa-43e3-ae21-11aa3cf65871/job_data/cif_cealign/ 5bvt_A_01,A",
        "found": 13,
        "secondary_structure_elements": [
            { "label": "G0", "chain_id": "A", "start": 2, "end": 6, "type": "G", "start_vector": [ -17.614, -1.392, 3.515 ], "end_vector": [ -13.011, 6.092, -0.03 ], "nested_sses": [ { "label": null, "chain_id": "A", "start": 2, "end": 6, "type": "G" } ] },
            { "label": "E1", "chain_id": "A", "start": 8, "end": 16, "type": "E", "sheet_id": 1, "start_vector": [ -10.596, 10.481, -5.678 ], "end_vector": [ 9.257, 11.232, 6.22 ], "nested_sses": [ { "label": null, "chain_id": "A", "start": 13, "end": 14, "type": "N", "sheet_id": -2, "comment": "A_NcCN_C_" } ] },
            { "label": "H2", "chain_id": "A", "start": 18, "end": 25, "type": "H", "start_vector": [ 11.473, 5.633, 5.982 ], "end_vector": [ 14.585, -5.784, 2.52 ], "nested_sses": [ { "label": null, "chain_id": "A", "start": 18, "end": 24, "type": "H" } ] },
            { "label": "H3", "chain_id": "A", "start": 29, "end": 37, "type": "H", "start_vector": [ 19.289, 0.95, -5.168 ], "end_vector": [ 9.41, 10.384, -2.901 ], "nested_sses": [ { "label": null, "chain_id": "A", "start": 29, "end": 37, "type": "H" } ] },
            { "label": "E4", "chain_id": "A", "start": 41, "end": 47, "type": "E", "sheet_id": 1, "start_vector": [ 0.073, 9.29, -5.02 ], "end_vector": [ -17.525, -2.672, -8.062 ] },
            { "label": "E5", "chain_id": "A", "start": 50, "end": 56, "type": "E", "sheet_id": 1, "start_vector": [ -14.296, -6.24, -6.006 ], "end_vector": [ 2.821, 6.749, -8.863 ] },
            { "label": "E6", "chain_id": "A", "start": 62, "end": 66, "type": "E", "sheet_id": 1, "start_vector": [ 2.394, 0.704, -10.873 ], "end_vector": [ -9.797, -8.566, -5.872 ] },
            { "label": "E7", "chain_id": "A", "start": 72, "end": 75, "type": "E", "sheet_id": 1, "start_vector": [ -4.202, -14.306, -4.718 ], "end_vector": [ 4.088, -6.872, -7.656 ] },
            { "label": "E8", "chain_id": "A", "start": 81, "end": 88, "type": "E", "sheet_id": 1, "start_vector": [ 6.182, -12.664, -6.159 ], "end_vector": [ -12.728, -7.518, 7.219 ] },
            { "label": "E9", "chain_id": "A", "start": 94, "end": 100, "type": "E", "sheet_id": 1, "start_vector": [ -8.812, -2.043, 6.71 ], "end_vector": [ 7.643, -15.222, -0.069 ] },
            { "label": "E10", "chain_id": "A", "start": 103, "end": 112, "type": "E", "sheet_id": 1, "start_vector": [ 8.242, -15.264, 3.843 ], "end_vector": [ -9.836, 9.861, 9.112 ] },
            { "label": "E11", "chain_id": "A", "start": 115, "end": 122, "type": "E", "sheet_id": 1, "start_vector": [ -8.13, 11.278, 4.953 ], "end_vector": [ 8.79, -6.303, 9.248 ] },
            { "label": "E12", "chain_id": "A", "start": 125, "end": 133, "type": "E", "sheet_id": 1, "start_vector": [ 10.669, -1.826, 12.886 ], "end_vector": [ -6.978, 15.395, -1.442 ], "nested_sses": [ { "label": null, "chain_id": "A", "start": 130, "end": 130, "type": "n", "sheet_id": -2, "comment": "A_C_NcCN_" } ] }
        ],
        "beta_connectivity": [
            [ "E1", "E4", -1 ],
            [ "E1", "E12", -1 ],
            [ "E4", "E5", -1 ],
            [ "E5", "E6", -1 ],
            [ "E7", "E8", -1 ],
            [ "E8", "E9", -1 ],
            [ "E9", "E10", -1 ],
            [ "E10", "E11", -1 ],
            [ "E11", "E12", -1 ]
        ],
        "hydrogen_bonds": [
            [ "A", 4, "A", 1 ],
            [ "A", 5, "A", 2 ],
            [ "A", 6, "A", 3 ],
            [ "A", 7, "A", 3 ],
            [ "A", 7, "A", 4 ],
            [ "A", 8, "A", 44 ],
            [ "A", 10, "A", 42 ],
            [ "A", 11, "A", 132 ],
            [ "A", 12, "A", 40 ],
            [ "A", 13, "A", 130 ],
            [ "A", 14, "A", 130 ],
            [ "A", 16, "A", 128 ],
            [ "A", 21, "A", 17 ],
            [ "A", 22, "A", 18 ],
            [ "A", 23, "A", 19 ],
            [ "A", 24, "A", 20 ],
            [ "A", 25, "A", 21 ],
            [ "A", 26, "A", 23 ],
            [ "A", 27, "A", 22 ],
            [ "A", 32, "A", 28 ],
            [ "A", 33, "A", 29 ],
            [ "A", 34, "A", 30 ],
            [ "A", 35, "A", 31 ],
            [ "A", 36, "A", 32 ],
            [ "A", 37, "A", 33 ],
            [ "A", 38, "A", 34 ],
            [ "A", 41, "A", 56 ],
            [ "A", 42, "A", 10 ],
            [ "A", 43, "A", 54 ],
            [ "A", 44, "A", 8 ],
            [ "A", 44, "A", 42 ],
            [ "A", 45, "A", 43 ],
            [ "A", 45, "A", 52 ],
            [ "A", 47, "A", 50 ],
            [ "A", 50, "A", 47 ],
            [ "A", 51, "A", 66 ],
            [ "A", 52, "A", 45 ],
            [ "A", 53, "A", 64 ],
            [ "A", 54, "A", 43 ],
            [ "A", 54, "A", 52 ],
            [ "A", 55, "A", 53 ],
            [ "A", 55, "A", 62 ],
            [ "A", 56, "A", 41 ],
            [ "A", 56, "A", 54 ],
            [ "A", 62, "A", 55 ],
            [ "A", 64, "A", 53 ],
            [ "A", 66, "A", 51 ],
            [ "A", 69, "A", 86 ],
            [ "A", 70, "A", 67 ],
            [ "A", 72, "A", 84 ],
            [ "A", 74, "A", 72 ],
            [ "A", 74, "A", 82 ],
            [ "A", 76, "A", 74 ],
            [ "A", 76, "A", 80 ],
            [ "A", 79, "A", 76 ],
            [ "A", 82, "A", 74 ],
            [ "A", 83, "A", 99 ],
            [ "A", 84, "A", 72 ],
            [ "A", 84, "A", 82 ],
            [ "A", 85, "A", 97 ],
            [ "A", 87, "A", 95 ],
            [ "A", 89, "A", 87 ],
            [ "A", 89, "A", 93 ],
            [ "A", 92, "A", 89 ],
            [ "A", 94, "A", 109 ],
            [ "A", 95, "A", 87 ],
            [ "A", 95, "A", 93 ],
            [ "A", 96, "A", 107 ],
            [ "A", 97, "A", 85 ],
            [ "A", 98, "A", 105 ],
            [ "A", 99, "A", 83 ],
            [ "A", 100, "A", 103 ],
            [ "A", 103, "A", 100 ],
            [ "A", 105, "A", 98 ],
            [ "A", 106, "A", 121 ],
            [ "A", 107, "A", 96 ],
            [ "A", 108, "A", 119 ],
            [ "A", 109, "A", 94 ],
            [ "A", 110, "A", 117 ],
            [ "A", 112, "A", 110 ],
            [ "A", 112, "A", 115 ],
            [ "A", 115, "A", 112 ],
            [ "A", 116, "A", 131 ],
            [ "A", 117, "A", 110 ],
            [ "A", 117, "A", 115 ],
            [ "A", 118, "A", 116 ],
            [ "A", 118, "A", 129 ],
            [ "A", 119, "A", 108 ],
            [ "A", 119, "A", 117 ],
            [ "A", 120, "A", 127 ],
            [ "A", 121, "A", 106 ],
            [ "A", 122, "A", 125 ],
            [ "A", 125, "A", 122 ],
            [ "A", 126, "A", 124 ],
            [ "A", 127, "A", 120 ],
            [ "A", 128, "A", 16 ],
            [ "A", 129, "A", 118 ],
            [ "A", 130, "A", 14 ],
            [ "A", 131, "A", 116 ],
            [ "A", 132, "A", 11 ],
            [ "A", 134, "A", 9 ]
        ]
    }
}
