{
  "5bvt_A_01": {
    "secondary_structure_elements": [
      {
        "label": "H0",
        "chain_id": "A",
        "start": 2,
        "end": 6,
        "type": "G",
        "start_vector": [
          -17.614,
          -1.392,
          3.515
        ],
        "end_vector": [
          -13.011,
          6.092,
          -0.03
        ],
        "nested_sses": [
          {
            "label": null,
            "chain_id": "A",
            "start": 2,
            "end": 6,
            "type": "G"
          }
        ],
        "domain": "5bvt_A_01",
        "color": "s000",
        "color_hex": "#FF00FF",
        "rainbow": "s125",
        "rainbow_hex": "#3F00FF"
      },
      {
        "label": "E1",
        "chain_id": "A",
        "start": 8,
        "end": 16,
        "type": "E",
        "sheet_id": 1,
        "start_vector": [
          -10.596,
          10.481,
          -5.678
        ],
        "end_vector": [
          9.257,
          11.232,
          6.22
        ],
        "nested_sses": [
          {
            "label": null,
            "chain_id": "A",
            "start": 13,
            "end": 14,
            "type": "N",
            "sheet_id": -2,
            "comment": "A_NcCN_C_"
          }
        ],
        "domain": "5bvt_A_01",
        "color": "s293",
        "color_hex": "#00C1FF",
        "rainbow": "s181",
        "rainbow_hex": "#0015FF"
      },
      {
        "label": "H2",
        "chain_id": "A",
        "start": 18,
        "end": 25,
        "type": "H",
        "start_vector": [
          11.473,
          5.633,
          5.982
        ],
        "end_vector": [
          14.585,
          -5.784,
          2.52
        ],
        "nested_sses": [
          {
            "label": null,
            "chain_id": "A",
            "start": 18,
            "end": 24,
            "type": "H"
          }
        ],
        "domain": "5bvt_A_01",
        "color": "s586",
        "color_hex": "#83FF00",
        "rainbow": "s244",
        "rainbow_hex": "#0076FF"
      },
      {
        "label": "H3",
        "chain_id": "A",
        "start": 29,
        "end": 37,
        "type": "H",
        "start_vector": [
          19.289,
          0.95,
          -5.168
        ],
        "end_vector": [
          9.41,
          10.384,
          -2.901
        ],
        "nested_sses": [
          {
            "label": null,
            "chain_id": "A",
            "start": 29,
            "end": 37,
            "type": "H"
          }
        ],
        "domain": "5bvt_A_01",
        "color": "s879",
        "color_hex": "#FF0045",
        "rainbow": "s307",
        "rainbow_hex": "#00D6FF"
      },
      {
        "label": "E5",
        "chain_id": "A",
        "start": 41,
        "end": 47,
        "type": "E",
        "sheet_id": 1,
        "start_vector": [
          0.073,
          9.29,
          -5.02
        ],
        "end_vector": [
          -17.525,
          -2.672,
          -8.062
        ],
        "domain": "5bvt_A_01",
        "color": "s466",
        "color_hex": "#00FF34",
        "rainbow": "s371",
        "rainbow_hex": "#00FFC5"
      },
      {
        "label": "E6",
        "chain_id": "A",
        "start": 50,
        "end": 56,
        "type": "E",
        "sheet_id": 1,
        "start_vector": [
          -14.296,
          -6.24,
          -6.006
        ],
        "end_vector": [
          2.821,
          6.749,
          -8.863
        ],
        "domain": "5bvt_A_01",
        "color": "s759",
        "color_hex": "#FF7100",
        "rainbow": "s432",
        "rainbow_hex": "#00FF68"
      },
      {
        "label": "E7",
        "chain_id": "A",
        "start": 62,
        "end": 66,
        "type": "E",
        "sheet_id": 1,
        "start_vector": [
          2.394,
          0.704,
          -10.873
        ],
        "end_vector": [
          -9.797,
          -8.566,
          -5.872
        ],
        "domain": "5bvt_A_01",
        "color": "s053",
        "color_hex": "#AD00FF",
        "rainbow": "s495",
        "rainbow_hex": "#00FF07"
      },
      {
        "label": "E8",
        "chain_id": "A",
        "start": 72,
        "end": 75,
        "type": "E",
        "sheet_id": 1,
        "start_vector": [
          -4.202,
          -14.306,
          -4.718
        ],
        "end_vector": [
          4.088,
          -6.872,
          -7.656
        ],
        "domain": "5bvt_A_01",
        "color": "s346",
        "color_hex": "#00FFEB",
        "rainbow": "s558",
        "rainbow_hex": "#58FF00"
      },
      {
        "label": "E10",
        "chain_id": "A",
        "start": 81,
        "end": 88,
        "type": "E",
        "sheet_id": 1,
        "start_vector": [
          6.182,
          -12.664,
          -6.159
        ],
        "end_vector": [
          -12.728,
          -7.518,
          7.219
        ],
        "domain": "5bvt_A_01",
        "color": "s933",
        "color_hex": "#FF0098",
        "rainbow": "s623",
        "rainbow_hex": "#BCFF00"
      },
      {
        "label": "E11",
        "chain_id": "A",
        "start": 94,
        "end": 100,
        "type": "E",
        "sheet_id": 1,
        "start_vector": [
          -8.812,
          -2.043,
          6.71
        ],
        "end_vector": [
          7.643,
          -15.222,
          -0.069
        ],
        "domain": "5bvt_A_01",
        "color": "s226",
        "color_hex": "#005AFF",
        "rainbow": "s686",
        "rainbow_hex": "#FFE100"
      },
      {
        "label": "E12",
        "chain_id": "A",
        "start": 103,
        "end": 112,
        "type": "E",
        "sheet_id": 1,
        "start_vector": [
          8.242,
          -15.264,
          3.843
        ],
        "end_vector": [
          -9.836,
          9.861,
          9.112
        ],
        "domain": "5bvt_A_01",
        "color": "s519",
        "color_hex": "#1DFF00",
        "rainbow": "s749",
        "rainbow_hex": "#FF8100"
      },
      {
        "label": "E13",
        "chain_id": "A",
        "start": 115,
        "end": 122,
        "type": "E",
        "sheet_id": 1,
        "start_vector": [
          -8.13,
          11.278,
          4.953
        ],
        "end_vector": [
          8.79,
          -6.303,
          9.248
        ],
        "domain": "5bvt_A_01",
        "color": "s813",
        "color_hex": "#FF1F00",
        "rainbow": "s810",
        "rainbow_hex": "#FF2300"
      },
      {
        "label": "E14",
        "chain_id": "A",
        "start": 125,
        "end": 133,
        "type": "E",
        "sheet_id": 1,
        "start_vector": [
          10.669,
          -1.826,
          12.886
        ],
        "end_vector": [
          -6.978,
          15.395,
          -1.442
        ],
        "nested_sses": [
          {
            "label": null,
            "chain_id": "A",
            "start": 130,
            "end": 130,
            "type": "n",
            "sheet_id": -2,
            "comment": "A_C_NcCN_"
          }
        ],
        "domain": "5bvt_A_01",
        "color": "s106",
        "color_hex": "#5C00FF",
        "rainbow": "s870",
        "rainbow_hex": "#FF0038"
      }
    ]
  }
}
