{
  "5hz5_A_01": {
    "software": "SecStrAnnotator 2.2 [2022-01-02]",
    "args": "--onlyssa --verbose --batch /srv/var/jobs/Running/a6716a11-bfa3-42f8-9ea1-cb6224f23481/job_data/cif_cealign /srv/var/jobs/Running/a6716a11-bfa3-42f8-9ea1-cb6224f23481/job_data/cif_cealign/domain_batch.txt",
    "found": 13,
    "secondary_structure_elements": [
      {"label": "H0", "chain_id": "A", "start": 3, "end": 6, "type": "G", "start_vector": [-16.438, 0.526, 2.952], "end_vector": [-12.585, 6.022, -0.493], "nested_sses": [{"label": null, "chain_id": "A", "start": 3, "end": 6, "type": "G"}]},
      {"label": "E1", "chain_id": "A", "start": 8, "end": 16, "type": "E", "sheet_id": 1, "start_vector": [-10.217, 10.813, -5.698], "end_vector": [9.063, 11.285, 6.568], "minor_axis": [0.025, -1, -0.001], "nested_sses": [{"label": null, "chain_id": "A", "start": 13, "end": 14, "type": "N", "sheet_id": -2, "comment": "A_NcCN_C_"}]},
      {"label": "H2", "chain_id": "A", "start": 18, "end": 25, "type": "H", "start_vector": [11.142, 5.666, 6.017], "end_vector": [14.77, -5.835, 2.829], "nested_sses": [{"label": null, "chain_id": "A", "start": 18, "end": 24, "type": "H"}]},
      {"label": "H3", "chain_id": "A", "start": 29, "end": 37, "type": "H", "start_vector": [18.807, 0.16, -5.502], "end_vector": [9.713, 10.316, -3.083], "nested_sses": [{"label": null, "chain_id": "A", "start": 29, "end": 37, "type": "H"}]},
      {"label": "E4", "chain_id": "A", "start": 41, "end": 47, "type": "E", "sheet_id": 1, "start_vector": [0.373, 9.687, -5.586], "end_vector": [-17.78, -3.158, -5.657], "minor_axis": [0.521, -0.734, -0.436]},
      {"label": "E5", "chain_id": "A", "start": 50, "end": 56, "type": "E", "sheet_id": 1, "start_vector": [-13.991, -6.861, -4.809], "end_vector": [2.51, 7.287, -9.4], "minor_axis": [0.565, -0.762, -0.317]},
      {"label": "E6", "chain_id": "A", "start": 62, "end": 67, "type": "E", "sheet_id": 1, "start_vector": [2.169, 1.072, -11.704], "end_vector": [-11.337, -10.196, -4.473], "minor_axis": [0.544, -0.805, -0.238]},
      {"label": "E7", "chain_id": "A", "start": 72, "end": 75, "type": "E", "sheet_id": 1, "start_vector": [-3.676, -14.57, -5.038], "end_vector": [4.356, -7.014, -7.54], "minor_axis": [0.42, -0.15, 0.895]},
      {"label": "E8", "chain_id": "A", "start": 81, "end": 89, "type": "E", "sheet_id": 1, "start_vector": [5.923, -12.921, -6.805], "end_vector": [-13.413, -6.352, 8.191], "minor_axis": [0.642, 0.406, 0.65]},
      {"label": "E9", "chain_id": "A", "start": 92, "end": 99, "type": "E", "sheet_id": 1, "start_vector": [-10.753, -0.528, 7.344], "end_vector": [7.465, -15.32, -0.135], "minor_axis": [0.665, 0.583, 0.467]},
      {"label": "E10", "chain_id": "A", "start": 102, "end": 111, "type": "E", "sheet_id": 1, "start_vector": [7.999, -15.268, 3.907], "end_vector": [-10.264, 10.039, 8.366], "minor_axis": [0.811, 0.549, 0.204]},
      {"label": "E11", "chain_id": "A", "start": 114, "end": 121, "type": "E", "sheet_id": 1, "start_vector": [-8.24, 11.876, 4.68], "end_vector": [8.398, -6.551, 8.986], "minor_axis": [0.738, 0.674, 0.03]},
      {"label": "E12", "chain_id": "A", "start": 124, "end": 133, "type": "E", "sheet_id": 1, "start_vector": [9.944, -1.375, 13.429], "end_vector": [-8.497, 16.781, -3.567], "minor_axis": [-0.699, -0.715, -0.005], "nested_sses": [{"label": null, "chain_id": "A", "start": 129, "end": 129, "type": "n", "sheet_id": -2, "comment": "A_C_NcCN_"}]}
    ],
    "beta_connectivity": [
      ["E1", "E4", -1],
      ["E1", "E12", -1],
      ["E4", "E5", -1],
      ["E5", "E6", -1],
      ["E7", "E8", -1],
      ["E8", "E9", -1],
      ["E9", "E10", -1],
      ["E10", "E11", -1],
      ["E11", "E12", -1]
    ],
    "hydrogen_bonds": [
      ["A", 5, "A", 2],
      ["A", 6, "A", 3],
      ["A", 7, "A", 4],
      ["A", 8, "A", 44],
      ["A", 9, "A", 133],
      ["A", 10, "A", 42],
      ["A", 11, "A", 131],
      ["A", 12, "A", 40],
      ["A", 13, "A", 129],
      ["A", 14, "A", 129],
      ["A", 16, "A", 127],
      ["A", 21, "A", 17],
      ["A", 22, "A", 18],
      ["A", 23, "A", 19],
      ["A", 24, "A", 20],
      ["A", 25, "A", 21],
      ["A", 26, "A", 23],
      ["A", 27, "A", 22],
      ["A", 32, "A", 28],
      ["A", 33, "A", 29],
      ["A", 34, "A", 30],
      ["A", 35, "A", 31],
      ["A", 36, "A", 32],
      ["A", 37, "A", 33],
      ["A", 38, "A", 34],
      ["A", 41, "A", 56],
      ["A", 42, "A", 10],
      ["A", 43, "A", 54],
      ["A", 44, "A", 8],
      ["A", 44, "A", 42],
      ["A", 45, "A", 52],
      ["A", 47, "A", 50],
      ["A", 49, "A", 47],
      ["A", 50, "A", 47],
      ["A", 51, "A", 49],
      ["A", 51, "A", 66],
      ["A", 52, "A", 45],
      ["A", 53, "A", 64],
      ["A", 54, "A", 43],
      ["A", 55, "A", 62],
      ["A", 56, "A", 41],
      ["A", 56, "A", 54],
      ["A", 62, "A", 55],
      ["A", 64, "A", 53],
      ["A", 66, "A", 51],
      ["A", 68, "A", 49],
      ["A", 69, "A", 86],
      ["A", 70, "A", 67],
      ["A", 72, "A", 84],
      ["A", 74, "A", 72],
      ["A", 74, "A", 82],
      ["A", 75, "A", 73],
      ["A", 76, "A", 74],
      ["A", 76, "A", 80],
      ["A", 79, "A", 76],
      ["A", 82, "A", 74],
      ["A", 82, "A", 80],
      ["A", 83, "A", 98],
      ["A", 84, "A", 72],
      ["A", 84, "A", 82],
      ["A", 85, "A", 96],
      ["A", 87, "A", 94],
      ["A", 89, "A", 87],
      ["A", 89, "A", 92],
      ["A", 92, "A", 89],
      ["A", 93, "A", 108],
      ["A", 94, "A", 87],
      ["A", 94, "A", 92],
      ["A", 95, "A", 93],
      ["A", 95, "A", 106],
      ["A", 96, "A", 85],
      ["A", 96, "A", 94],
      ["A", 97, "A", 95],
      ["A", 97, "A", 104],
      ["A", 98, "A", 83],
      ["A", 99, "A", 102],
      ["A", 102, "A", 99],
      ["A", 104, "A", 97],
      ["A", 105, "A", 120],
      ["A", 106, "A", 95],
      ["A", 107, "A", 118],
      ["A", 108, "A", 93],
      ["A", 109, "A", 116],
      ["A", 111, "A", 109],
      ["A", 111, "A", 114],
      ["A", 114, "A", 111],
      ["A", 115, "A", 130],
      ["A", 116, "A", 109],
      ["A", 116, "A", 114],
      ["A", 117, "A", 115],
      ["A", 117, "A", 128],
      ["A", 118, "A", 107],
      ["A", 118, "A", 116],
      ["A", 119, "A", 126],
      ["A", 120, "A", 105],
      ["A", 121, "A", 124],
      ["A", 124, "A", 121],
      ["A", 125, "A", 123],
      ["A", 126, "A", 119],
      ["A", 127, "A", 16],
      ["A", 128, "A", 117],
      ["A", 129, "A", 14],
      ["A", 130, "A", 115],
      ["A", 131, "A", 11],
      ["A", 132, "A", 113],
      ["A", 133, "A", 9]
    ]
  }
}
