{
  "5hz5_A_01": {
    "secondary_structure_elements": [
      {
        "label": "H0",
        "chain_id": "A",
        "start": 3,
        "end": 6,
        "type": "G",
        "start_vector": [
          -16.438,
          0.526,
          2.952
        ],
        "end_vector": [
          -12.585,
          6.022,
          -0.493
        ],
        "nested_sses": [
          {
            "label": null,
            "chain_id": "A",
            "start": 3,
            "end": 6,
            "type": "G"
          }
        ],
        "domain": "5hz5_A_01",
        "color": "s000",
        "color_hex": "#FF00FF",
        "rainbow": "s125",
        "rainbow_hex": "#3F00FF"
      },
      {
        "label": "E1",
        "chain_id": "A",
        "start": 8,
        "end": 16,
        "type": "E",
        "sheet_id": 1,
        "start_vector": [
          -10.217,
          10.813,
          -5.698
        ],
        "end_vector": [
          9.063,
          11.285,
          6.568
        ],
        "minor_axis": [
          0.025,
          -1,
          -0.001
        ],
        "nested_sses": [
          {
            "label": null,
            "chain_id": "A",
            "start": 13,
            "end": 14,
            "type": "N",
            "sheet_id": -2,
            "comment": "A_NcCN_C_"
          }
        ],
        "domain": "5hz5_A_01",
        "color": "s293",
        "color_hex": "#00C1FF",
        "rainbow": "s181",
        "rainbow_hex": "#0015FF"
      },
      {
        "label": "H2",
        "chain_id": "A",
        "start": 18,
        "end": 25,
        "type": "H",
        "start_vector": [
          11.142,
          5.666,
          6.017
        ],
        "end_vector": [
          14.77,
          -5.835,
          2.829
        ],
        "nested_sses": [
          {
            "label": null,
            "chain_id": "A",
            "start": 18,
            "end": 24,
            "type": "H"
          }
        ],
        "domain": "5hz5_A_01",
        "color": "s586",
        "color_hex": "#83FF00",
        "rainbow": "s244",
        "rainbow_hex": "#0076FF"
      },
      {
        "label": "H3",
        "chain_id": "A",
        "start": 29,
        "end": 37,
        "type": "H",
        "start_vector": [
          18.807,
          0.16,
          -5.502
        ],
        "end_vector": [
          9.713,
          10.316,
          -3.083
        ],
        "nested_sses": [
          {
            "label": null,
            "chain_id": "A",
            "start": 29,
            "end": 37,
            "type": "H"
          }
        ],
        "domain": "5hz5_A_01",
        "color": "s879",
        "color_hex": "#FF0045",
        "rainbow": "s307",
        "rainbow_hex": "#00D6FF"
      },
      {
        "label": "E5",
        "chain_id": "A",
        "start": 41,
        "end": 47,
        "type": "E",
        "sheet_id": 1,
        "start_vector": [
          0.373,
          9.687,
          -5.586
        ],
        "end_vector": [
          -17.78,
          -3.158,
          -5.657
        ],
        "minor_axis": [
          0.521,
          -0.734,
          -0.436
        ],
        "domain": "5hz5_A_01",
        "color": "s466",
        "color_hex": "#00FF34",
        "rainbow": "s371",
        "rainbow_hex": "#00FFC5"
      },
      {
        "label": "E6",
        "chain_id": "A",
        "start": 50,
        "end": 56,
        "type": "E",
        "sheet_id": 1,
        "start_vector": [
          -13.991,
          -6.861,
          -4.809
        ],
        "end_vector": [
          2.51,
          7.287,
          -9.4
        ],
        "minor_axis": [
          0.565,
          -0.762,
          -0.317
        ],
        "domain": "5hz5_A_01",
        "color": "s759",
        "color_hex": "#FF7100",
        "rainbow": "s432",
        "rainbow_hex": "#00FF68"
      },
      {
        "label": "E7",
        "chain_id": "A",
        "start": 62,
        "end": 67,
        "type": "E",
        "sheet_id": 1,
        "start_vector": [
          2.169,
          1.072,
          -11.704
        ],
        "end_vector": [
          -11.337,
          -10.196,
          -4.473
        ],
        "minor_axis": [
          0.544,
          -0.805,
          -0.238
        ],
        "domain": "5hz5_A_01",
        "color": "s053",
        "color_hex": "#AD00FF",
        "rainbow": "s495",
        "rainbow_hex": "#00FF07"
      },
      {
        "label": "E8",
        "chain_id": "A",
        "start": 72,
        "end": 75,
        "type": "E",
        "sheet_id": 1,
        "start_vector": [
          -3.676,
          -14.57,
          -5.038
        ],
        "end_vector": [
          4.356,
          -7.014,
          -7.54
        ],
        "minor_axis": [
          0.42,
          -0.15,
          0.895
        ],
        "domain": "5hz5_A_01",
        "color": "s346",
        "color_hex": "#00FFEB",
        "rainbow": "s558",
        "rainbow_hex": "#58FF00"
      },
      {
        "label": "E10",
        "chain_id": "A",
        "start": 81,
        "end": 89,
        "type": "E",
        "sheet_id": 1,
        "start_vector": [
          5.923,
          -12.921,
          -6.805
        ],
        "end_vector": [
          -13.413,
          -6.352,
          8.191
        ],
        "minor_axis": [
          0.642,
          0.406,
          0.65
        ],
        "domain": "5hz5_A_01",
        "color": "s933",
        "color_hex": "#FF0098",
        "rainbow": "s623",
        "rainbow_hex": "#BCFF00"
      },
      {
        "label": "E11",
        "chain_id": "A",
        "start": 92,
        "end": 99,
        "type": "E",
        "sheet_id": 1,
        "start_vector": [
          -10.753,
          -0.528,
          7.344
        ],
        "end_vector": [
          7.465,
          -15.32,
          -0.135
        ],
        "minor_axis": [
          0.665,
          0.583,
          0.467
        ],
        "domain": "5hz5_A_01",
        "color": "s226",
        "color_hex": "#005AFF",
        "rainbow": "s686",
        "rainbow_hex": "#FFE100"
      },
      {
        "label": "E12",
        "chain_id": "A",
        "start": 102,
        "end": 111,
        "type": "E",
        "sheet_id": 1,
        "start_vector": [
          7.999,
          -15.268,
          3.907
        ],
        "end_vector": [
          -10.264,
          10.039,
          8.366
        ],
        "minor_axis": [
          0.811,
          0.549,
          0.204
        ],
        "domain": "5hz5_A_01",
        "color": "s519",
        "color_hex": "#1DFF00",
        "rainbow": "s749",
        "rainbow_hex": "#FF8100"
      },
      {
        "label": "E13",
        "chain_id": "A",
        "start": 114,
        "end": 121,
        "type": "E",
        "sheet_id": 1,
        "start_vector": [
          -8.24,
          11.876,
          4.68
        ],
        "end_vector": [
          8.398,
          -6.551,
          8.986
        ],
        "minor_axis": [
          0.738,
          0.674,
          0.03
        ],
        "domain": "5hz5_A_01",
        "color": "s813",
        "color_hex": "#FF1F00",
        "rainbow": "s810",
        "rainbow_hex": "#FF2300"
      },
      {
        "label": "E14",
        "chain_id": "A",
        "start": 124,
        "end": 133,
        "type": "E",
        "sheet_id": 1,
        "start_vector": [
          9.944,
          -1.375,
          13.429
        ],
        "end_vector": [
          -8.497,
          16.781,
          -3.567
        ],
        "minor_axis": [
          -0.699,
          -0.715,
          -0.005
        ],
        "nested_sses": [
          {
            "label": null,
            "chain_id": "A",
            "start": 129,
            "end": 129,
            "type": "n",
            "sheet_id": -2,
            "comment": "A_C_NcCN_"
          }
        ],
        "domain": "5hz5_A_01",
        "color": "s106",
        "color_hex": "#5C00FF",
        "rainbow": "s870",
        "rainbow_hex": "#FF0038"
      }
    ]
  }
}
