{
  "6ew2_A_01": {
    "secondary_structure_elements": [
      {
        "label": "H0",
        "chain_id": "A",
        "start": 4,
        "end": 6,
        "type": "G",
        "start_vector": [
          -16.354,
          3.873,
          2.516
        ],
        "end_vector": [
          -13.005,
          6.294,
          -1.174
        ],
        "nested_sses": [
          {
            "label": null,
            "chain_id": "A",
            "start": 4,
            "end": 6,
            "type": "G"
          }
        ],
        "domain": "6ew2_A_01",
        "color": "s000",
        "color_hex": "#FF00FF",
        "rainbow": "s125",
        "rainbow_hex": "#3F00FF"
      },
      {
        "label": "E1",
        "chain_id": "A",
        "start": 8,
        "end": 16,
        "type": "E",
        "sheet_id": 1,
        "start_vector": [
          -10.752,
          10.625,
          -5.851
        ],
        "end_vector": [
          9.227,
          11.159,
          6.49
        ],
        "nested_sses": [
          {
            "label": null,
            "chain_id": "A",
            "start": 13,
            "end": 14,
            "type": "N",
            "sheet_id": -2,
            "comment": "A_NcCN_C_"
          }
        ],
        "domain": "6ew2_A_01",
        "color": "s293",
        "color_hex": "#00C1FF",
        "rainbow": "s181",
        "rainbow_hex": "#0015FF"
      },
      {
        "label": "H2",
        "chain_id": "A",
        "start": 18,
        "end": 25,
        "type": "H",
        "start_vector": [
          11.618,
          5.853,
          6.185
        ],
        "end_vector": [
          14.536,
          -5.963,
          2.884
        ],
        "nested_sses": [
          {
            "label": null,
            "chain_id": "A",
            "start": 18,
            "end": 25,
            "type": "H"
          }
        ],
        "domain": "6ew2_A_01",
        "color": "s586",
        "color_hex": "#83FF00",
        "rainbow": "s244",
        "rainbow_hex": "#0076FF"
      },
      {
        "label": "H3",
        "chain_id": "A",
        "start": 29,
        "end": 37,
        "type": "H",
        "start_vector": [
          19.246,
          0.512,
          -5.055
        ],
        "end_vector": [
          9.426,
          10.268,
          -2.969
        ],
        "nested_sses": [
          {
            "label": null,
            "chain_id": "A",
            "start": 29,
            "end": 37,
            "type": "H"
          }
        ],
        "domain": "6ew2_A_01",
        "color": "s879",
        "color_hex": "#FF0045",
        "rainbow": "s307",
        "rainbow_hex": "#00D6FF"
      },
      {
        "label": "E5",
        "chain_id": "A",
        "start": 41,
        "end": 47,
        "type": "E",
        "sheet_id": 1,
        "start_vector": [
          -0.082,
          9.476,
          -4.803
        ],
        "end_vector": [
          -17.738,
          -3.052,
          -8.036
        ],
        "domain": "6ew2_A_01",
        "color": "s466",
        "color_hex": "#00FF34",
        "rainbow": "s371",
        "rainbow_hex": "#00FFC5"
      },
      {
        "label": "E6",
        "chain_id": "A",
        "start": 50,
        "end": 56,
        "type": "E",
        "sheet_id": 1,
        "start_vector": [
          -14.573,
          -6.544,
          -5.66
        ],
        "end_vector": [
          2.579,
          6.843,
          -8.861
        ],
        "domain": "6ew2_A_01",
        "color": "s759",
        "color_hex": "#FF7100",
        "rainbow": "s432",
        "rainbow_hex": "#00FF68"
      },
      {
        "label": "E7",
        "chain_id": "A",
        "start": 61,
        "end": 66,
        "type": "E",
        "sheet_id": 1,
        "start_vector": [
          4.557,
          2.95,
          -11.878
        ],
        "end_vector": [
          -9.963,
          -8.664,
          -5.662
        ],
        "domain": "6ew2_A_01",
        "color": "s053",
        "color_hex": "#AD00FF",
        "rainbow": "s495",
        "rainbow_hex": "#00FF07"
      },
      {
        "label": "E8",
        "chain_id": "A",
        "start": 72,
        "end": 75,
        "type": "E",
        "sheet_id": 1,
        "start_vector": [
          -4.16,
          -14.044,
          -5.09
        ],
        "end_vector": [
          4.76,
          -7.031,
          -7.987
        ],
        "domain": "6ew2_A_01",
        "color": "s346",
        "color_hex": "#00FFEB",
        "rainbow": "s558",
        "rainbow_hex": "#58FF00"
      },
      {
        "label": "E10",
        "chain_id": "A",
        "start": 81,
        "end": 89,
        "type": "E",
        "sheet_id": 1,
        "start_vector": [
          5.984,
          -13.041,
          -6.988
        ],
        "end_vector": [
          -13.322,
          -5.87,
          9.372
        ],
        "domain": "6ew2_A_01",
        "color": "s933",
        "color_hex": "#FF0098",
        "rainbow": "s623",
        "rainbow_hex": "#BCFF00"
      },
      {
        "label": "E11",
        "chain_id": "A",
        "start": 92,
        "end": 99,
        "type": "E",
        "sheet_id": 1,
        "start_vector": [
          -10.468,
          -0.115,
          7.515
        ],
        "end_vector": [
          7.538,
          -15.048,
          -0.59
        ],
        "domain": "6ew2_A_01",
        "color": "s226",
        "color_hex": "#005AFF",
        "rainbow": "s686",
        "rainbow_hex": "#FFE100"
      },
      {
        "label": "E12",
        "chain_id": "A",
        "start": 102,
        "end": 111,
        "type": "E",
        "sheet_id": 1,
        "start_vector": [
          8.07,
          -15.054,
          3.446
        ],
        "end_vector": [
          -9.943,
          10.112,
          8.91
        ],
        "domain": "6ew2_A_01",
        "color": "s519",
        "color_hex": "#1DFF00",
        "rainbow": "s749",
        "rainbow_hex": "#FF8100"
      },
      {
        "label": "E13",
        "chain_id": "A",
        "start": 114,
        "end": 121,
        "type": "E",
        "sheet_id": 1,
        "start_vector": [
          -8.342,
          11.582,
          5.382
        ],
        "end_vector": [
          8.884,
          -6.089,
          8.664
        ],
        "domain": "6ew2_A_01",
        "color": "s813",
        "color_hex": "#FF1F00",
        "rainbow": "s810",
        "rainbow_hex": "#FF2300"
      },
      {
        "label": "E14",
        "chain_id": "A",
        "start": 124,
        "end": 132,
        "type": "E",
        "sheet_id": 1,
        "start_vector": [
          10.443,
          -1.557,
          12.736
        ],
        "end_vector": [
          -7.347,
          15.578,
          -1.06
        ],
        "nested_sses": [
          {
            "label": null,
            "chain_id": "A",
            "start": 129,
            "end": 129,
            "type": "n",
            "sheet_id": -2,
            "comment": "A_C_NcCN_"
          }
        ],
        "domain": "6ew2_A_01",
        "color": "s106",
        "color_hex": "#5C00FF",
        "rainbow": "s870",
        "rainbow_hex": "#FF0038"
      }
    ]
  }
}
