{
    "6ew2_A_01": {
        "software": "SecStrAnnotator 2.2 [2020-07-01]",
        "args": "--onlyssa --verbose /server_data/overprot_data/jobs/Running/b0978d1b-72aa-43e3-ae21-11aa3cf65871/job_data/cif_cealign/ 6ew2_A_01,A",
        "found": 13,
        "secondary_structure_elements": [
            { "label": "G0", "chain_id": "A", "start": 4, "end": 6, "type": "G", "start_vector": [ -16.354, 3.873, 2.516 ], "end_vector": [ -13.005, 6.294, -1.174 ], "nested_sses": [ { "label": null, "chain_id": "A", "start": 4, "end": 6, "type": "G" } ] },
            { "label": "E1", "chain_id": "A", "start": 8, "end": 16, "type": "E", "sheet_id": 1, "start_vector": [ -10.752, 10.625, -5.851 ], "end_vector": [ 9.227, 11.159, 6.49 ], "nested_sses": [ { "label": null, "chain_id": "A", "start": 13, "end": 14, "type": "N", "sheet_id": -2, "comment": "A_NcCN_C_" } ] },
            { "label": "H2", "chain_id": "A", "start": 18, "end": 25, "type": "H", "start_vector": [ 11.618, 5.853, 6.185 ], "end_vector": [ 14.536, -5.963, 2.884 ], "nested_sses": [ { "label": null, "chain_id": "A", "start": 18, "end": 25, "type": "H" } ] },
            { "label": "H3", "chain_id": "A", "start": 29, "end": 37, "type": "H", "start_vector": [ 19.246, 0.512, -5.055 ], "end_vector": [ 9.426, 10.268, -2.969 ], "nested_sses": [ { "label": null, "chain_id": "A", "start": 29, "end": 37, "type": "H" } ] },
            { "label": "E4", "chain_id": "A", "start": 41, "end": 47, "type": "E", "sheet_id": 1, "start_vector": [ -0.082, 9.476, -4.803 ], "end_vector": [ -17.738, -3.052, -8.036 ] },
            { "label": "E5", "chain_id": "A", "start": 50, "end": 56, "type": "E", "sheet_id": 1, "start_vector": [ -14.573, -6.544, -5.66 ], "end_vector": [ 2.579, 6.843, -8.861 ] },
            { "label": "E6", "chain_id": "A", "start": 61, "end": 66, "type": "E", "sheet_id": 1, "start_vector": [ 4.557, 2.95, -11.878 ], "end_vector": [ -9.963, -8.664, -5.662 ] },
            { "label": "E7", "chain_id": "A", "start": 72, "end": 75, "type": "E", "sheet_id": 1, "start_vector": [ -4.16, -14.044, -5.09 ], "end_vector": [ 4.76, -7.031, -7.987 ] },
            { "label": "E8", "chain_id": "A", "start": 81, "end": 89, "type": "E", "sheet_id": 1, "start_vector": [ 5.984, -13.041, -6.988 ], "end_vector": [ -13.322, -5.87, 9.372 ] },
            { "label": "E9", "chain_id": "A", "start": 92, "end": 99, "type": "E", "sheet_id": 1, "start_vector": [ -10.468, -0.115, 7.515 ], "end_vector": [ 7.538, -15.048, -0.59 ] },
            { "label": "E10", "chain_id": "A", "start": 102, "end": 111, "type": "E", "sheet_id": 1, "start_vector": [ 8.07, -15.054, 3.446 ], "end_vector": [ -9.943, 10.112, 8.91 ] },
            { "label": "E11", "chain_id": "A", "start": 114, "end": 121, "type": "E", "sheet_id": 1, "start_vector": [ -8.342, 11.582, 5.382 ], "end_vector": [ 8.884, -6.089, 8.664 ] },
            { "label": "E12", "chain_id": "A", "start": 124, "end": 132, "type": "E", "sheet_id": 1, "start_vector": [ 10.443, -1.557, 12.736 ], "end_vector": [ -7.347, 15.578, -1.06 ], "nested_sses": [ { "label": null, "chain_id": "A", "start": 129, "end": 129, "type": "n", "sheet_id": -2, "comment": "A_C_NcCN_" } ] }
        ],
        "beta_connectivity": [
            [ "E1", "E4", -1 ],
            [ "E1", "E12", -1 ],
            [ "E4", "E5", -1 ],
            [ "E5", "E6", -1 ],
            [ "E7", "E8", -1 ],
            [ "E8", "E9", -1 ],
            [ "E9", "E10", -1 ],
            [ "E10", "E11", -1 ],
            [ "E11", "E12", -1 ]
        ],
        "hydrogen_bonds": [
            [ "A", 6, "A", 3 ],
            [ "A", 7, "A", 4 ],
            [ "A", 8, "A", 44 ],
            [ "A", 10, "A", 42 ],
            [ "A", 11, "A", 131 ],
            [ "A", 12, "A", 40 ],
            [ "A", 13, "A", 129 ],
            [ "A", 14, "A", 129 ],
            [ "A", 16, "A", 127 ],
            [ "A", 21, "A", 17 ],
            [ "A", 22, "A", 18 ],
            [ "A", 23, "A", 19 ],
            [ "A", 24, "A", 20 ],
            [ "A", 25, "A", 21 ],
            [ "A", 26, "A", 22 ],
            [ "A", 26, "A", 23 ],
            [ "A", 27, "A", 22 ],
            [ "A", 32, "A", 28 ],
            [ "A", 33, "A", 29 ],
            [ "A", 34, "A", 30 ],
            [ "A", 35, "A", 31 ],
            [ "A", 36, "A", 32 ],
            [ "A", 37, "A", 33 ],
            [ "A", 38, "A", 34 ],
            [ "A", 41, "A", 56 ],
            [ "A", 42, "A", 10 ],
            [ "A", 43, "A", 54 ],
            [ "A", 44, "A", 8 ],
            [ "A", 45, "A", 52 ],
            [ "A", 47, "A", 50 ],
            [ "A", 50, "A", 47 ],
            [ "A", 51, "A", 66 ],
            [ "A", 52, "A", 45 ],
            [ "A", 53, "A", 64 ],
            [ "A", 54, "A", 43 ],
            [ "A", 55, "A", 62 ],
            [ "A", 56, "A", 41 ],
            [ "A", 57, "A", 60 ],
            [ "A", 62, "A", 55 ],
            [ "A", 64, "A", 53 ],
            [ "A", 66, "A", 51 ],
            [ "A", 69, "A", 86 ],
            [ "A", 70, "A", 67 ],
            [ "A", 72, "A", 84 ],
            [ "A", 74, "A", 82 ],
            [ "A", 76, "A", 80 ],
            [ "A", 79, "A", 76 ],
            [ "A", 82, "A", 74 ],
            [ "A", 82, "A", 80 ],
            [ "A", 83, "A", 98 ],
            [ "A", 84, "A", 72 ],
            [ "A", 85, "A", 96 ],
            [ "A", 87, "A", 94 ],
            [ "A", 89, "A", 92 ],
            [ "A", 92, "A", 89 ],
            [ "A", 93, "A", 108 ],
            [ "A", 94, "A", 87 ],
            [ "A", 94, "A", 92 ],
            [ "A", 95, "A", 106 ],
            [ "A", 96, "A", 85 ],
            [ "A", 97, "A", 104 ],
            [ "A", 98, "A", 83 ],
            [ "A", 99, "A", 102 ],
            [ "A", 102, "A", 99 ],
            [ "A", 104, "A", 97 ],
            [ "A", 105, "A", 120 ],
            [ "A", 106, "A", 95 ],
            [ "A", 107, "A", 118 ],
            [ "A", 108, "A", 93 ],
            [ "A", 109, "A", 116 ],
            [ "A", 111, "A", 114 ],
            [ "A", 114, "A", 111 ],
            [ "A", 115, "A", 130 ],
            [ "A", 116, "A", 109 ],
            [ "A", 116, "A", 114 ],
            [ "A", 117, "A", 128 ],
            [ "A", 118, "A", 107 ],
            [ "A", 119, "A", 117 ],
            [ "A", 119, "A", 126 ],
            [ "A", 120, "A", 105 ],
            [ "A", 121, "A", 124 ],
            [ "A", 124, "A", 121 ],
            [ "A", 126, "A", 119 ],
            [ "A", 127, "A", 16 ],
            [ "A", 128, "A", 117 ],
            [ "A", 129, "A", 14 ],
            [ "A", 130, "A", 115 ],
            [ "A", 131, "A", 11 ],
            [ "A", 133, "A", 9 ]
        ]
    }
}
