{
    "6xu5_A_01": {
        "software": "SecStrAnnotator 2.2 [2020-07-01]",
        "args": "--onlyssa --verbose /server_data/overprot_data/jobs/Running/b0978d1b-72aa-43e3-ae21-11aa3cf65871/job_data/cif_cealign/ 6xu5_A_01,A",
        "found": 13,
        "secondary_structure_elements": [
            { "label": "G0", "chain_id": "A", "start": 4, "end": 6, "type": "G", "start_vector": [ -16.268, 3.978, 2.573 ], "end_vector": [ -13.093, 6.495, -1.231 ], "nested_sses": [ { "label": null, "chain_id": "A", "start": 4, "end": 6, "type": "G" } ] },
            { "label": "E1", "chain_id": "A", "start": 8, "end": 16, "type": "E", "sheet_id": 1, "start_vector": [ -10.814, 10.825, -5.921 ], "end_vector": [ 9.321, 10.962, 6.446 ], "nested_sses": [ { "label": null, "chain_id": "A", "start": 13, "end": 14, "type": "N", "sheet_id": -2, "comment": "A_NcCN_C_" } ] },
            { "label": "H2", "chain_id": "A", "start": 18, "end": 25, "type": "H", "start_vector": [ 11.64, 5.807, 5.963 ], "end_vector": [ 14.424, -5.89, 2.438 ], "nested_sses": [ { "label": null, "chain_id": "A", "start": 18, "end": 24, "type": "H" } ] },
            { "label": "H3", "chain_id": "A", "start": 29, "end": 37, "type": "H", "start_vector": [ 20, 1.122, -4.729 ], "end_vector": [ 9.713, 10.444, -2.964 ], "nested_sses": [ { "label": null, "chain_id": "A", "start": 29, "end": 37, "type": "H" } ] },
            { "label": "E4", "chain_id": "A", "start": 41, "end": 47, "type": "E", "sheet_id": 1, "start_vector": [ -0.101, 9.506, -4.949 ], "end_vector": [ -18.025, -2.893, -8.02 ] },
            { "label": "E5", "chain_id": "A", "start": 50, "end": 56, "type": "E", "sheet_id": 1, "start_vector": [ -14.746, -6.384, -5.524 ], "end_vector": [ 2.502, 6.743, -8.897 ] },
            { "label": "E6", "chain_id": "A", "start": 62, "end": 66, "type": "E", "sheet_id": 1, "start_vector": [ 1.799, 0.599, -10.745 ], "end_vector": [ -10.188, -8.549, -5.459 ] },
            { "label": "E7", "chain_id": "A", "start": 72, "end": 75, "type": "E", "sheet_id": 1, "start_vector": [ -4.3, -14.239, -4.899 ], "end_vector": [ 4.342, -7.029, -7.872 ] },
            { "label": "E8", "chain_id": "A", "start": 81, "end": 89, "type": "E", "sheet_id": 1, "start_vector": [ 5.778, -13.015, -7.03 ], "end_vector": [ -13.321, -6.16, 9.385 ] },
            { "label": "E9", "chain_id": "A", "start": 92, "end": 99, "type": "E", "sheet_id": 1, "start_vector": [ -10.824, -0.388, 7.342 ], "end_vector": [ 7.773, -14.925, -0.526 ] },
            { "label": "E10", "chain_id": "A", "start": 102, "end": 111, "type": "E", "sheet_id": 1, "start_vector": [ 8.252, -14.919, 3.449 ], "end_vector": [ -10.065, 9.815, 8.769 ] },
            { "label": "E11", "chain_id": "A", "start": 114, "end": 121, "type": "E", "sheet_id": 1, "start_vector": [ -8.382, 11.413, 5.051 ], "end_vector": [ 8.751, -6.076, 8.767 ] },
            { "label": "E12", "chain_id": "A", "start": 124, "end": 132, "type": "E", "sheet_id": 1, "start_vector": [ 10.604, -1.458, 12.753 ], "end_vector": [ -7.334, 15.571, -1.168 ], "nested_sses": [ { "label": null, "chain_id": "A", "start": 129, "end": 129, "type": "n", "sheet_id": -2, "comment": "A_C_NcCN_" } ] }
        ],
        "beta_connectivity": [
            [ "E1", "E4", -1 ],
            [ "E1", "E12", -1 ],
            [ "E4", "E5", -1 ],
            [ "E5", "E6", -1 ],
            [ "E7", "E8", -1 ],
            [ "E8", "E9", -1 ],
            [ "E9", "E10", -1 ],
            [ "E10", "E11", -1 ],
            [ "E11", "E12", -1 ]
        ],
        "hydrogen_bonds": [
            [ "A", 6, "A", 3 ],
            [ "A", 7, "A", 4 ],
            [ "A", 8, "A", 44 ],
            [ "A", 10, "A", 42 ],
            [ "A", 11, "A", 131 ],
            [ "A", 12, "A", 40 ],
            [ "A", 13, "A", 129 ],
            [ "A", 14, "A", 129 ],
            [ "A", 16, "A", 127 ],
            [ "A", 21, "A", 17 ],
            [ "A", 22, "A", 18 ],
            [ "A", 23, "A", 19 ],
            [ "A", 24, "A", 20 ],
            [ "A", 25, "A", 21 ],
            [ "A", 26, "A", 23 ],
            [ "A", 27, "A", 22 ],
            [ "A", 32, "A", 28 ],
            [ "A", 33, "A", 29 ],
            [ "A", 34, "A", 30 ],
            [ "A", 35, "A", 31 ],
            [ "A", 36, "A", 32 ],
            [ "A", 37, "A", 33 ],
            [ "A", 38, "A", 34 ],
            [ "A", 41, "A", 56 ],
            [ "A", 42, "A", 10 ],
            [ "A", 43, "A", 54 ],
            [ "A", 44, "A", 8 ],
            [ "A", 45, "A", 52 ],
            [ "A", 47, "A", 50 ],
            [ "A", 50, "A", 47 ],
            [ "A", 51, "A", 49 ],
            [ "A", 51, "A", 66 ],
            [ "A", 52, "A", 45 ],
            [ "A", 53, "A", 64 ],
            [ "A", 54, "A", 43 ],
            [ "A", 55, "A", 62 ],
            [ "A", 56, "A", 41 ],
            [ "A", 62, "A", 55 ],
            [ "A", 64, "A", 53 ],
            [ "A", 66, "A", 51 ],
            [ "A", 69, "A", 86 ],
            [ "A", 70, "A", 67 ],
            [ "A", 72, "A", 84 ],
            [ "A", 74, "A", 82 ],
            [ "A", 76, "A", 80 ],
            [ "A", 79, "A", 76 ],
            [ "A", 82, "A", 74 ],
            [ "A", 82, "A", 80 ],
            [ "A", 83, "A", 98 ],
            [ "A", 84, "A", 72 ],
            [ "A", 85, "A", 96 ],
            [ "A", 87, "A", 94 ],
            [ "A", 89, "A", 92 ],
            [ "A", 92, "A", 89 ],
            [ "A", 93, "A", 108 ],
            [ "A", 94, "A", 87 ],
            [ "A", 94, "A", 92 ],
            [ "A", 95, "A", 106 ],
            [ "A", 96, "A", 85 ],
            [ "A", 97, "A", 104 ],
            [ "A", 98, "A", 83 ],
            [ "A", 99, "A", 102 ],
            [ "A", 102, "A", 99 ],
            [ "A", 104, "A", 97 ],
            [ "A", 105, "A", 120 ],
            [ "A", 106, "A", 95 ],
            [ "A", 107, "A", 118 ],
            [ "A", 108, "A", 93 ],
            [ "A", 109, "A", 116 ],
            [ "A", 111, "A", 114 ],
            [ "A", 114, "A", 111 ],
            [ "A", 115, "A", 130 ],
            [ "A", 116, "A", 109 ],
            [ "A", 116, "A", 114 ],
            [ "A", 117, "A", 128 ],
            [ "A", 118, "A", 107 ],
            [ "A", 118, "A", 116 ],
            [ "A", 119, "A", 126 ],
            [ "A", 120, "A", 105 ],
            [ "A", 121, "A", 124 ],
            [ "A", 124, "A", 121 ],
            [ "A", 126, "A", 119 ],
            [ "A", 127, "A", 16 ],
            [ "A", 128, "A", 117 ],
            [ "A", 129, "A", 14 ],
            [ "A", 130, "A", 115 ],
            [ "A", 131, "A", 11 ],
            [ "A", 133, "A", 9 ]
        ]
    }
}
