{
  "6xu5_A_01": {
    "secondary_structure_elements": [
      {
        "label": "H0",
        "chain_id": "A",
        "start": 4,
        "end": 6,
        "type": "G",
        "start_vector": [
          -16.268,
          3.978,
          2.573
        ],
        "end_vector": [
          -13.093,
          6.495,
          -1.231
        ],
        "nested_sses": [
          {
            "label": null,
            "chain_id": "A",
            "start": 4,
            "end": 6,
            "type": "G"
          }
        ],
        "domain": "6xu5_A_01",
        "color": "s000",
        "color_hex": "#FF00FF",
        "rainbow": "s125",
        "rainbow_hex": "#3F00FF"
      },
      {
        "label": "E1",
        "chain_id": "A",
        "start": 8,
        "end": 16,
        "type": "E",
        "sheet_id": 1,
        "start_vector": [
          -10.814,
          10.825,
          -5.921
        ],
        "end_vector": [
          9.321,
          10.962,
          6.446
        ],
        "nested_sses": [
          {
            "label": null,
            "chain_id": "A",
            "start": 13,
            "end": 14,
            "type": "N",
            "sheet_id": -2,
            "comment": "A_NcCN_C_"
          }
        ],
        "domain": "6xu5_A_01",
        "color": "s293",
        "color_hex": "#00C1FF",
        "rainbow": "s181",
        "rainbow_hex": "#0015FF"
      },
      {
        "label": "H2",
        "chain_id": "A",
        "start": 18,
        "end": 25,
        "type": "H",
        "start_vector": [
          11.64,
          5.807,
          5.963
        ],
        "end_vector": [
          14.424,
          -5.89,
          2.438
        ],
        "nested_sses": [
          {
            "label": null,
            "chain_id": "A",
            "start": 18,
            "end": 24,
            "type": "H"
          }
        ],
        "domain": "6xu5_A_01",
        "color": "s586",
        "color_hex": "#83FF00",
        "rainbow": "s244",
        "rainbow_hex": "#0076FF"
      },
      {
        "label": "H3",
        "chain_id": "A",
        "start": 29,
        "end": 37,
        "type": "H",
        "start_vector": [
          20,
          1.122,
          -4.729
        ],
        "end_vector": [
          9.713,
          10.444,
          -2.964
        ],
        "nested_sses": [
          {
            "label": null,
            "chain_id": "A",
            "start": 29,
            "end": 37,
            "type": "H"
          }
        ],
        "domain": "6xu5_A_01",
        "color": "s879",
        "color_hex": "#FF0045",
        "rainbow": "s307",
        "rainbow_hex": "#00D6FF"
      },
      {
        "label": "E5",
        "chain_id": "A",
        "start": 41,
        "end": 47,
        "type": "E",
        "sheet_id": 1,
        "start_vector": [
          -0.101,
          9.506,
          -4.949
        ],
        "end_vector": [
          -18.025,
          -2.893,
          -8.02
        ],
        "domain": "6xu5_A_01",
        "color": "s466",
        "color_hex": "#00FF34",
        "rainbow": "s371",
        "rainbow_hex": "#00FFC5"
      },
      {
        "label": "E6",
        "chain_id": "A",
        "start": 50,
        "end": 56,
        "type": "E",
        "sheet_id": 1,
        "start_vector": [
          -14.746,
          -6.384,
          -5.524
        ],
        "end_vector": [
          2.502,
          6.743,
          -8.897
        ],
        "domain": "6xu5_A_01",
        "color": "s759",
        "color_hex": "#FF7100",
        "rainbow": "s432",
        "rainbow_hex": "#00FF68"
      },
      {
        "label": "E7",
        "chain_id": "A",
        "start": 62,
        "end": 66,
        "type": "E",
        "sheet_id": 1,
        "start_vector": [
          1.799,
          0.599,
          -10.745
        ],
        "end_vector": [
          -10.188,
          -8.549,
          -5.459
        ],
        "domain": "6xu5_A_01",
        "color": "s053",
        "color_hex": "#AD00FF",
        "rainbow": "s495",
        "rainbow_hex": "#00FF07"
      },
      {
        "label": "E8",
        "chain_id": "A",
        "start": 72,
        "end": 75,
        "type": "E",
        "sheet_id": 1,
        "start_vector": [
          -4.3,
          -14.239,
          -4.899
        ],
        "end_vector": [
          4.342,
          -7.029,
          -7.872
        ],
        "domain": "6xu5_A_01",
        "color": "s346",
        "color_hex": "#00FFEB",
        "rainbow": "s558",
        "rainbow_hex": "#58FF00"
      },
      {
        "label": "E10",
        "chain_id": "A",
        "start": 81,
        "end": 89,
        "type": "E",
        "sheet_id": 1,
        "start_vector": [
          5.778,
          -13.015,
          -7.03
        ],
        "end_vector": [
          -13.321,
          -6.16,
          9.385
        ],
        "domain": "6xu5_A_01",
        "color": "s933",
        "color_hex": "#FF0098",
        "rainbow": "s623",
        "rainbow_hex": "#BCFF00"
      },
      {
        "label": "E11",
        "chain_id": "A",
        "start": 92,
        "end": 99,
        "type": "E",
        "sheet_id": 1,
        "start_vector": [
          -10.824,
          -0.388,
          7.342
        ],
        "end_vector": [
          7.773,
          -14.925,
          -0.526
        ],
        "domain": "6xu5_A_01",
        "color": "s226",
        "color_hex": "#005AFF",
        "rainbow": "s686",
        "rainbow_hex": "#FFE100"
      },
      {
        "label": "E12",
        "chain_id": "A",
        "start": 102,
        "end": 111,
        "type": "E",
        "sheet_id": 1,
        "start_vector": [
          8.252,
          -14.919,
          3.449
        ],
        "end_vector": [
          -10.065,
          9.815,
          8.769
        ],
        "domain": "6xu5_A_01",
        "color": "s519",
        "color_hex": "#1DFF00",
        "rainbow": "s749",
        "rainbow_hex": "#FF8100"
      },
      {
        "label": "E13",
        "chain_id": "A",
        "start": 114,
        "end": 121,
        "type": "E",
        "sheet_id": 1,
        "start_vector": [
          -8.382,
          11.413,
          5.051
        ],
        "end_vector": [
          8.751,
          -6.076,
          8.767
        ],
        "domain": "6xu5_A_01",
        "color": "s813",
        "color_hex": "#FF1F00",
        "rainbow": "s810",
        "rainbow_hex": "#FF2300"
      },
      {
        "label": "E14",
        "chain_id": "A",
        "start": 124,
        "end": 132,
        "type": "E",
        "sheet_id": 1,
        "start_vector": [
          10.604,
          -1.458,
          12.753
        ],
        "end_vector": [
          -7.334,
          15.571,
          -1.168
        ],
        "nested_sses": [
          {
            "label": null,
            "chain_id": "A",
            "start": 129,
            "end": 129,
            "type": "n",
            "sheet_id": -2,
            "comment": "A_C_NcCN_"
          }
        ],
        "domain": "6xu5_A_01",
        "color": "s106",
        "color_hex": "#5C00FF",
        "rainbow": "s870",
        "rainbow_hex": "#FF0038"
      }
    ]
  }
}
