{
  "6xu9_A_01": {
    "secondary_structure_elements": [
      {
        "label": "E1",
        "chain_id": "A",
        "start": 8,
        "end": 16,
        "type": "E",
        "sheet_id": 1,
        "start_vector": [
          -10.965,
          10.787,
          -5.877
        ],
        "end_vector": [
          9.401,
          11.096,
          6.51
        ],
        "nested_sses": [
          {
            "label": null,
            "chain_id": "A",
            "start": 13,
            "end": 14,
            "type": "N",
            "sheet_id": -2,
            "comment": "A_NcCN_C_"
          }
        ],
        "domain": "6xu9_A_01",
        "color": "s293",
        "color_hex": "#00C1FF",
        "rainbow": "s181",
        "rainbow_hex": "#0015FF"
      },
      {
        "label": "H2",
        "chain_id": "A",
        "start": 18,
        "end": 25,
        "type": "h",
        "start_vector": [
          11.647,
          5.933,
          6.006
        ],
        "end_vector": [
          14.59,
          -6.046,
          2.412
        ],
        "nested_sses": [
          {
            "label": null,
            "chain_id": "A",
            "start": 18,
            "end": 25,
            "type": "H"
          },
          {
            "label": null,
            "chain_id": "A",
            "start": 23,
            "end": 25,
            "type": "G"
          }
        ],
        "domain": "6xu9_A_01",
        "color": "s586",
        "color_hex": "#83FF00",
        "rainbow": "s244",
        "rainbow_hex": "#0076FF"
      },
      {
        "label": "H3",
        "chain_id": "A",
        "start": 29,
        "end": 37,
        "type": "H",
        "start_vector": [
          19.986,
          1.246,
          -4.504
        ],
        "end_vector": [
          9.726,
          10.525,
          -2.956
        ],
        "nested_sses": [
          {
            "label": null,
            "chain_id": "A",
            "start": 29,
            "end": 36,
            "type": "H"
          }
        ],
        "domain": "6xu9_A_01",
        "color": "s879",
        "color_hex": "#FF0045",
        "rainbow": "s307",
        "rainbow_hex": "#00D6FF"
      },
      {
        "label": "E5",
        "chain_id": "A",
        "start": 41,
        "end": 47,
        "type": "E",
        "sheet_id": 1,
        "start_vector": [
          -0.172,
          9.425,
          -4.999
        ],
        "end_vector": [
          -17.942,
          -2.782,
          -8.14
        ],
        "domain": "6xu9_A_01",
        "color": "s466",
        "color_hex": "#00FF34",
        "rainbow": "s371",
        "rainbow_hex": "#00FFC5"
      },
      {
        "label": "E6",
        "chain_id": "A",
        "start": 50,
        "end": 56,
        "type": "E",
        "sheet_id": 1,
        "start_vector": [
          -14.753,
          -6.45,
          -5.496
        ],
        "end_vector": [
          2.531,
          6.742,
          -8.831
        ],
        "domain": "6xu9_A_01",
        "color": "s759",
        "color_hex": "#FF7100",
        "rainbow": "s432",
        "rainbow_hex": "#00FF68"
      },
      {
        "label": "E7",
        "chain_id": "A",
        "start": 62,
        "end": 66,
        "type": "E",
        "sheet_id": 1,
        "start_vector": [
          1.754,
          0.567,
          -10.758
        ],
        "end_vector": [
          -10.157,
          -8.69,
          -5.391
        ],
        "domain": "6xu9_A_01",
        "color": "s053",
        "color_hex": "#AD00FF",
        "rainbow": "s495",
        "rainbow_hex": "#00FF07"
      },
      {
        "label": "E8",
        "chain_id": "A",
        "start": 72,
        "end": 75,
        "type": "E",
        "sheet_id": 1,
        "start_vector": [
          -4.366,
          -14.103,
          -5.045
        ],
        "end_vector": [
          4.245,
          -6.862,
          -7.941
        ],
        "domain": "6xu9_A_01",
        "color": "s346",
        "color_hex": "#00FFEB",
        "rainbow": "s558",
        "rainbow_hex": "#58FF00"
      },
      {
        "label": "E10",
        "chain_id": "A",
        "start": 81,
        "end": 89,
        "type": "E",
        "sheet_id": 1,
        "start_vector": [
          5.622,
          -13.026,
          -6.966
        ],
        "end_vector": [
          -13.202,
          -6.094,
          9.52
        ],
        "domain": "6xu9_A_01",
        "color": "s933",
        "color_hex": "#FF0098",
        "rainbow": "s623",
        "rainbow_hex": "#BCFF00"
      },
      {
        "label": "E11",
        "chain_id": "A",
        "start": 92,
        "end": 99,
        "type": "E",
        "sheet_id": 1,
        "start_vector": [
          -10.586,
          -0.279,
          7.459
        ],
        "end_vector": [
          7.726,
          -14.956,
          -0.609
        ],
        "domain": "6xu9_A_01",
        "color": "s226",
        "color_hex": "#005AFF",
        "rainbow": "s686",
        "rainbow_hex": "#FFE100"
      },
      {
        "label": "E12",
        "chain_id": "A",
        "start": 102,
        "end": 111,
        "type": "E",
        "sheet_id": 1,
        "start_vector": [
          8.247,
          -15.106,
          3.32
        ],
        "end_vector": [
          -10.12,
          9.945,
          8.809
        ],
        "domain": "6xu9_A_01",
        "color": "s519",
        "color_hex": "#1DFF00",
        "rainbow": "s749",
        "rainbow_hex": "#FF8100"
      },
      {
        "label": "E13",
        "chain_id": "A",
        "start": 114,
        "end": 121,
        "type": "E",
        "sheet_id": 1,
        "start_vector": [
          -8.366,
          11.449,
          4.938
        ],
        "end_vector": [
          8.797,
          -6.243,
          8.835
        ],
        "domain": "6xu9_A_01",
        "color": "s813",
        "color_hex": "#FF1F00",
        "rainbow": "s810",
        "rainbow_hex": "#FF2300"
      },
      {
        "label": "E14",
        "chain_id": "A",
        "start": 124,
        "end": 132,
        "type": "E",
        "sheet_id": 1,
        "start_vector": [
          10.466,
          -1.69,
          12.656
        ],
        "end_vector": [
          -7.402,
          15.696,
          -1.154
        ],
        "nested_sses": [
          {
            "label": null,
            "chain_id": "A",
            "start": 129,
            "end": 129,
            "type": "n",
            "sheet_id": -2,
            "comment": "A_C_NcCN_"
          }
        ],
        "domain": "6xu9_A_01",
        "color": "s106",
        "color_hex": "#5C00FF",
        "rainbow": "s870",
        "rainbow_hex": "#FF0038"
      }
    ]
  }
}
