{
    "6xu9_A_01": {
        "software": "SecStrAnnotator 2.2 [2020-07-01]",
        "args": "--onlyssa --verbose /server_data/overprot_data/jobs/Running/b0978d1b-72aa-43e3-ae21-11aa3cf65871/job_data/cif_cealign/ 6xu9_A_01,A",
        "found": 12,
        "secondary_structure_elements": [
            { "label": "E0", "chain_id": "A", "start": 8, "end": 16, "type": "E", "sheet_id": 1, "start_vector": [ -10.965, 10.787, -5.877 ], "end_vector": [ 9.401, 11.096, 6.51 ], "nested_sses": [ { "label": null, "chain_id": "A", "start": 13, "end": 14, "type": "N", "sheet_id": -2, "comment": "A_NcCN_C_" } ] },
            { "label": "h1", "chain_id": "A", "start": 18, "end": 25, "type": "h", "start_vector": [ 11.647, 5.933, 6.006 ], "end_vector": [ 14.59, -6.046, 2.412 ], "nested_sses": [ { "label": null, "chain_id": "A", "start": 18, "end": 25, "type": "H" }, { "label": null, "chain_id": "A", "start": 23, "end": 25, "type": "G" } ] },
            { "label": "H2", "chain_id": "A", "start": 29, "end": 37, "type": "H", "start_vector": [ 19.986, 1.246, -4.504 ], "end_vector": [ 9.726, 10.525, -2.956 ], "nested_sses": [ { "label": null, "chain_id": "A", "start": 29, "end": 36, "type": "H" } ] },
            { "label": "E3", "chain_id": "A", "start": 41, "end": 47, "type": "E", "sheet_id": 1, "start_vector": [ -0.172, 9.425, -4.999 ], "end_vector": [ -17.942, -2.782, -8.14 ] },
            { "label": "E4", "chain_id": "A", "start": 50, "end": 56, "type": "E", "sheet_id": 1, "start_vector": [ -14.753, -6.45, -5.496 ], "end_vector": [ 2.531, 6.742, -8.831 ] },
            { "label": "E5", "chain_id": "A", "start": 62, "end": 66, "type": "E", "sheet_id": 1, "start_vector": [ 1.754, 0.567, -10.758 ], "end_vector": [ -10.157, -8.69, -5.391 ] },
            { "label": "E6", "chain_id": "A", "start": 72, "end": 75, "type": "E", "sheet_id": 1, "start_vector": [ -4.366, -14.103, -5.045 ], "end_vector": [ 4.245, -6.862, -7.941 ] },
            { "label": "E7", "chain_id": "A", "start": 81, "end": 89, "type": "E", "sheet_id": 1, "start_vector": [ 5.622, -13.026, -6.966 ], "end_vector": [ -13.202, -6.094, 9.52 ] },
            { "label": "E8", "chain_id": "A", "start": 92, "end": 99, "type": "E", "sheet_id": 1, "start_vector": [ -10.586, -0.279, 7.459 ], "end_vector": [ 7.726, -14.956, -0.609 ] },
            { "label": "E9", "chain_id": "A", "start": 102, "end": 111, "type": "E", "sheet_id": 1, "start_vector": [ 8.247, -15.106, 3.32 ], "end_vector": [ -10.12, 9.945, 8.809 ] },
            { "label": "E10", "chain_id": "A", "start": 114, "end": 121, "type": "E", "sheet_id": 1, "start_vector": [ -8.366, 11.449, 4.938 ], "end_vector": [ 8.797, -6.243, 8.835 ] },
            { "label": "E11", "chain_id": "A", "start": 124, "end": 132, "type": "E", "sheet_id": 1, "start_vector": [ 10.466, -1.69, 12.656 ], "end_vector": [ -7.402, 15.696, -1.154 ], "nested_sses": [ { "label": null, "chain_id": "A", "start": 129, "end": 129, "type": "n", "sheet_id": -2, "comment": "A_C_NcCN_" } ] }
        ],
        "beta_connectivity": [
            [ "E0", "E3", -1 ],
            [ "E0", "E11", -1 ],
            [ "E3", "E4", -1 ],
            [ "E4", "E5", -1 ],
            [ "E6", "E7", -1 ],
            [ "E7", "E8", -1 ],
            [ "E8", "E9", -1 ],
            [ "E9", "E10", -1 ],
            [ "E10", "E11", -1 ]
        ],
        "hydrogen_bonds": [
            [ "A", 6, "A", 3 ],
            [ "A", 8, "A", 44 ],
            [ "A", 10, "A", 42 ],
            [ "A", 11, "A", 131 ],
            [ "A", 12, "A", 40 ],
            [ "A", 13, "A", 129 ],
            [ "A", 14, "A", 129 ],
            [ "A", 16, "A", 127 ],
            [ "A", 21, "A", 17 ],
            [ "A", 22, "A", 18 ],
            [ "A", 23, "A", 19 ],
            [ "A", 24, "A", 20 ],
            [ "A", 25, "A", 21 ],
            [ "A", 25, "A", 22 ],
            [ "A", 26, "A", 22 ],
            [ "A", 26, "A", 23 ],
            [ "A", 27, "A", 22 ],
            [ "A", 32, "A", 28 ],
            [ "A", 33, "A", 29 ],
            [ "A", 34, "A", 30 ],
            [ "A", 35, "A", 31 ],
            [ "A", 36, "A", 32 ],
            [ "A", 37, "A", 33 ],
            [ "A", 41, "A", 56 ],
            [ "A", 42, "A", 10 ],
            [ "A", 43, "A", 54 ],
            [ "A", 44, "A", 8 ],
            [ "A", 45, "A", 52 ],
            [ "A", 47, "A", 50 ],
            [ "A", 50, "A", 47 ],
            [ "A", 51, "A", 49 ],
            [ "A", 51, "A", 66 ],
            [ "A", 52, "A", 45 ],
            [ "A", 53, "A", 64 ],
            [ "A", 54, "A", 43 ],
            [ "A", 55, "A", 62 ],
            [ "A", 56, "A", 41 ],
            [ "A", 62, "A", 55 ],
            [ "A", 64, "A", 53 ],
            [ "A", 66, "A", 51 ],
            [ "A", 69, "A", 86 ],
            [ "A", 70, "A", 67 ],
            [ "A", 72, "A", 84 ],
            [ "A", 74, "A", 82 ],
            [ "A", 76, "A", 80 ],
            [ "A", 79, "A", 76 ],
            [ "A", 82, "A", 74 ],
            [ "A", 82, "A", 80 ],
            [ "A", 83, "A", 98 ],
            [ "A", 84, "A", 72 ],
            [ "A", 84, "A", 82 ],
            [ "A", 85, "A", 96 ],
            [ "A", 87, "A", 94 ],
            [ "A", 89, "A", 92 ],
            [ "A", 92, "A", 89 ],
            [ "A", 93, "A", 108 ],
            [ "A", 94, "A", 87 ],
            [ "A", 94, "A", 92 ],
            [ "A", 95, "A", 93 ],
            [ "A", 95, "A", 106 ],
            [ "A", 96, "A", 85 ],
            [ "A", 97, "A", 104 ],
            [ "A", 98, "A", 83 ],
            [ "A", 99, "A", 102 ],
            [ "A", 102, "A", 99 ],
            [ "A", 104, "A", 97 ],
            [ "A", 105, "A", 120 ],
            [ "A", 106, "A", 95 ],
            [ "A", 107, "A", 118 ],
            [ "A", 108, "A", 93 ],
            [ "A", 109, "A", 116 ],
            [ "A", 111, "A", 114 ],
            [ "A", 114, "A", 111 ],
            [ "A", 115, "A", 130 ],
            [ "A", 116, "A", 109 ],
            [ "A", 117, "A", 128 ],
            [ "A", 118, "A", 107 ],
            [ "A", 119, "A", 126 ],
            [ "A", 120, "A", 105 ],
            [ "A", 121, "A", 124 ],
            [ "A", 124, "A", 121 ],
            [ "A", 125, "A", 123 ],
            [ "A", 126, "A", 119 ],
            [ "A", 127, "A", 16 ],
            [ "A", 128, "A", 117 ],
            [ "A", 129, "A", 14 ],
            [ "A", 130, "A", 115 ],
            [ "A", 131, "A", 11 ],
            [ "A", 133, "A", 9 ]
        ]
    }
}
