{
  "6xvq_A_01": {
    "secondary_structure_elements": [
      {
        "label": "H0",
        "chain_id": "A",
        "start": 4,
        "end": 6,
        "type": "G",
        "start_vector": [
          -16.237,
          4.01,
          2.542
        ],
        "end_vector": [
          -13.073,
          6.521,
          -1.327
        ],
        "nested_sses": [
          {
            "label": null,
            "chain_id": "A",
            "start": 4,
            "end": 6,
            "type": "G"
          }
        ],
        "domain": "6xvq_A_01",
        "color": "s000",
        "color_hex": "#FF00FF",
        "rainbow": "s125",
        "rainbow_hex": "#3F00FF"
      },
      {
        "label": "E1",
        "chain_id": "A",
        "start": 8,
        "end": 16,
        "type": "E",
        "sheet_id": 1,
        "start_vector": [
          -10.826,
          10.879,
          -5.907
        ],
        "end_vector": [
          9.364,
          10.936,
          6.55
        ],
        "minor_axis": [
          0.014,
          -1,
          -0.018
        ],
        "nested_sses": [
          {
            "label": null,
            "chain_id": "A",
            "start": 13,
            "end": 14,
            "type": "N",
            "sheet_id": -2,
            "comment": "A_NcCN_C_"
          }
        ],
        "domain": "6xvq_A_01",
        "color": "s293",
        "color_hex": "#00C1FF",
        "rainbow": "s181",
        "rainbow_hex": "#0015FF"
      },
      {
        "label": "H2",
        "chain_id": "A",
        "start": 18,
        "end": 25,
        "type": "H",
        "start_vector": [
          11.651,
          5.793,
          5.994
        ],
        "end_vector": [
          14.516,
          -5.876,
          2.419
        ],
        "nested_sses": [
          {
            "label": null,
            "chain_id": "A",
            "start": 18,
            "end": 24,
            "type": "H"
          }
        ],
        "domain": "6xvq_A_01",
        "color": "s586",
        "color_hex": "#83FF00",
        "rainbow": "s244",
        "rainbow_hex": "#0076FF"
      },
      {
        "label": "H3",
        "chain_id": "A",
        "start": 29,
        "end": 37,
        "type": "H",
        "start_vector": [
          19.983,
          1.142,
          -4.889
        ],
        "end_vector": [
          9.676,
          10.415,
          -2.925
        ],
        "nested_sses": [
          {
            "label": null,
            "chain_id": "A",
            "start": 29,
            "end": 37,
            "type": "H"
          }
        ],
        "domain": "6xvq_A_01",
        "color": "s879",
        "color_hex": "#FF0045",
        "rainbow": "s307",
        "rainbow_hex": "#00D6FF"
      },
      {
        "label": "E5",
        "chain_id": "A",
        "start": 41,
        "end": 47,
        "type": "E",
        "sheet_id": 1,
        "start_vector": [
          -0.117,
          9.583,
          -4.959
        ],
        "end_vector": [
          -17.973,
          -2.862,
          -8.052
        ],
        "minor_axis": [
          0.583,
          -0.781,
          -0.223
        ],
        "domain": "6xvq_A_01",
        "color": "s466",
        "color_hex": "#00FF34",
        "rainbow": "s371",
        "rainbow_hex": "#00FFC5"
      },
      {
        "label": "E6",
        "chain_id": "A",
        "start": 50,
        "end": 56,
        "type": "E",
        "sheet_id": 1,
        "start_vector": [
          -14.678,
          -6.36,
          -5.552
        ],
        "end_vector": [
          2.476,
          6.831,
          -8.858
        ],
        "minor_axis": [
          0.58,
          -0.797,
          -0.171
        ],
        "domain": "6xvq_A_01",
        "color": "s759",
        "color_hex": "#FF7100",
        "rainbow": "s432",
        "rainbow_hex": "#00FF68"
      },
      {
        "label": "E7",
        "chain_id": "A",
        "start": 62,
        "end": 66,
        "type": "E",
        "sheet_id": 1,
        "start_vector": [
          1.772,
          0.67,
          -10.745
        ],
        "end_vector": [
          -10.095,
          -8.55,
          -5.439
        ],
        "minor_axis": [
          0.527,
          -0.816,
          -0.24
        ],
        "domain": "6xvq_A_01",
        "color": "s053",
        "color_hex": "#AD00FF",
        "rainbow": "s495",
        "rainbow_hex": "#00FF07"
      },
      {
        "label": "E8",
        "chain_id": "A",
        "start": 72,
        "end": 75,
        "type": "E",
        "sheet_id": 1,
        "start_vector": [
          -4.304,
          -14.257,
          -4.888
        ],
        "end_vector": [
          4.377,
          -7.121,
          -7.858
        ],
        "minor_axis": [
          0.529,
          -0.316,
          0.787
        ],
        "domain": "6xvq_A_01",
        "color": "s346",
        "color_hex": "#00FFEB",
        "rainbow": "s558",
        "rainbow_hex": "#58FF00"
      },
      {
        "label": "E10",
        "chain_id": "A",
        "start": 81,
        "end": 89,
        "type": "E",
        "sheet_id": 1,
        "start_vector": [
          5.77,
          -13.064,
          -6.951
        ],
        "end_vector": [
          -13.411,
          -6.139,
          9.395
        ],
        "minor_axis": [
          -0.618,
          -0.642,
          -0.454
        ],
        "domain": "6xvq_A_01",
        "color": "s933",
        "color_hex": "#FF0098",
        "rainbow": "s623",
        "rainbow_hex": "#BCFF00"
      },
      {
        "label": "E11",
        "chain_id": "A",
        "start": 92,
        "end": 99,
        "type": "E",
        "sheet_id": 1,
        "start_vector": [
          -10.801,
          -0.346,
          7.324
        ],
        "end_vector": [
          7.703,
          -14.984,
          -0.393
        ],
        "minor_axis": [
          0.646,
          0.525,
          0.554
        ],
        "domain": "6xvq_A_01",
        "color": "s226",
        "color_hex": "#005AFF",
        "rainbow": "s686",
        "rainbow_hex": "#FFE100"
      },
      {
        "label": "E12",
        "chain_id": "A",
        "start": 102,
        "end": 111,
        "type": "E",
        "sheet_id": 1,
        "start_vector": [
          8.285,
          -14.953,
          3.552
        ],
        "end_vector": [
          -10.152,
          9.818,
          8.677
        ],
        "minor_axis": [
          0.784,
          0.511,
          0.352
        ],
        "domain": "6xvq_A_01",
        "color": "s519",
        "color_hex": "#1DFF00",
        "rainbow": "s749",
        "rainbow_hex": "#FF8100"
      },
      {
        "label": "E13",
        "chain_id": "A",
        "start": 114,
        "end": 121,
        "type": "E",
        "sheet_id": 1,
        "start_vector": [
          -8.463,
          11.484,
          5.06
        ],
        "end_vector": [
          8.833,
          -6.101,
          8.768
        ],
        "minor_axis": [
          0.717,
          0.695,
          -0.052
        ],
        "domain": "6xvq_A_01",
        "color": "s813",
        "color_hex": "#FF1F00",
        "rainbow": "s810",
        "rainbow_hex": "#FF2300"
      },
      {
        "label": "E14",
        "chain_id": "A",
        "start": 124,
        "end": 132,
        "type": "E",
        "sheet_id": 1,
        "start_vector": [
          10.586,
          -1.58,
          12.761
        ],
        "end_vector": [
          -7.27,
          15.588,
          -1.08
        ],
        "minor_axis": [
          -0.602,
          -0.777,
          -0.187
        ],
        "nested_sses": [
          {
            "label": null,
            "chain_id": "A",
            "start": 129,
            "end": 129,
            "type": "n",
            "sheet_id": -2,
            "comment": "A_C_NcCN_"
          }
        ],
        "domain": "6xvq_A_01",
        "color": "s106",
        "color_hex": "#5C00FF",
        "rainbow": "s870",
        "rainbow_hex": "#FF0038"
      }
    ]
  }
}
