{
    "6xvq_A_01": {
        "software": "SecStrAnnotator 2.2 [2020-07-01]",
        "args": "--onlyssa --verbose /server_data/overprot_data/jobs/Running/b0978d1b-72aa-43e3-ae21-11aa3cf65871/job_data/cif_cealign/ 6xvq_A_01,A",
        "found": 13,
        "secondary_structure_elements": [
            { "label": "G0", "chain_id": "A", "start": 4, "end": 6, "type": "G", "start_vector": [ -16.237, 4.01, 2.542 ], "end_vector": [ -13.073, 6.521, -1.327 ], "nested_sses": [ { "label": null, "chain_id": "A", "start": 4, "end": 6, "type": "G" } ] },
            { "label": "E1", "chain_id": "A", "start": 8, "end": 16, "type": "E", "sheet_id": 1, "start_vector": [ -10.826, 10.879, -5.907 ], "end_vector": [ 9.364, 10.936, 6.55 ], "nested_sses": [ { "label": null, "chain_id": "A", "start": 13, "end": 14, "type": "N", "sheet_id": -2, "comment": "A_NcCN_C_" } ] },
            { "label": "H2", "chain_id": "A", "start": 18, "end": 25, "type": "H", "start_vector": [ 11.651, 5.793, 5.994 ], "end_vector": [ 14.516, -5.876, 2.419 ], "nested_sses": [ { "label": null, "chain_id": "A", "start": 18, "end": 24, "type": "H" } ] },
            { "label": "H3", "chain_id": "A", "start": 29, "end": 37, "type": "H", "start_vector": [ 19.983, 1.142, -4.889 ], "end_vector": [ 9.676, 10.415, -2.925 ], "nested_sses": [ { "label": null, "chain_id": "A", "start": 29, "end": 37, "type": "H" } ] },
            { "label": "E4", "chain_id": "A", "start": 41, "end": 47, "type": "E", "sheet_id": 1, "start_vector": [ -0.117, 9.583, -4.959 ], "end_vector": [ -17.973, -2.862, -8.052 ] },
            { "label": "E5", "chain_id": "A", "start": 50, "end": 56, "type": "E", "sheet_id": 1, "start_vector": [ -14.678, -6.36, -5.552 ], "end_vector": [ 2.476, 6.831, -8.858 ] },
            { "label": "E6", "chain_id": "A", "start": 62, "end": 66, "type": "E", "sheet_id": 1, "start_vector": [ 1.772, 0.67, -10.745 ], "end_vector": [ -10.095, -8.55, -5.439 ] },
            { "label": "E7", "chain_id": "A", "start": 72, "end": 75, "type": "E", "sheet_id": 1, "start_vector": [ -4.304, -14.257, -4.888 ], "end_vector": [ 4.377, -7.121, -7.858 ] },
            { "label": "E8", "chain_id": "A", "start": 81, "end": 89, "type": "E", "sheet_id": 1, "start_vector": [ 5.77, -13.064, -6.951 ], "end_vector": [ -13.411, -6.139, 9.395 ] },
            { "label": "E9", "chain_id": "A", "start": 92, "end": 99, "type": "E", "sheet_id": 1, "start_vector": [ -10.801, -0.346, 7.324 ], "end_vector": [ 7.703, -14.984, -0.393 ] },
            { "label": "E10", "chain_id": "A", "start": 102, "end": 111, "type": "E", "sheet_id": 1, "start_vector": [ 8.285, -14.953, 3.552 ], "end_vector": [ -10.152, 9.818, 8.677 ] },
            { "label": "E11", "chain_id": "A", "start": 114, "end": 121, "type": "E", "sheet_id": 1, "start_vector": [ -8.463, 11.484, 5.06 ], "end_vector": [ 8.833, -6.101, 8.768 ] },
            { "label": "E12", "chain_id": "A", "start": 124, "end": 132, "type": "E", "sheet_id": 1, "start_vector": [ 10.586, -1.58, 12.761 ], "end_vector": [ -7.27, 15.588, -1.08 ], "nested_sses": [ { "label": null, "chain_id": "A", "start": 129, "end": 129, "type": "n", "sheet_id": -2, "comment": "A_C_NcCN_" } ] }
        ],
        "beta_connectivity": [
            [ "E1", "E4", -1 ],
            [ "E1", "E12", -1 ],
            [ "E4", "E5", -1 ],
            [ "E5", "E6", -1 ],
            [ "E7", "E8", -1 ],
            [ "E8", "E9", -1 ],
            [ "E9", "E10", -1 ],
            [ "E10", "E11", -1 ],
            [ "E11", "E12", -1 ]
        ],
        "hydrogen_bonds": [
            [ "A", 6, "A", 3 ],
            [ "A", 7, "A", 4 ],
            [ "A", 8, "A", 44 ],
            [ "A", 10, "A", 42 ],
            [ "A", 11, "A", 131 ],
            [ "A", 12, "A", 40 ],
            [ "A", 13, "A", 129 ],
            [ "A", 14, "A", 129 ],
            [ "A", 16, "A", 127 ],
            [ "A", 21, "A", 17 ],
            [ "A", 22, "A", 18 ],
            [ "A", 23, "A", 19 ],
            [ "A", 24, "A", 20 ],
            [ "A", 25, "A", 21 ],
            [ "A", 26, "A", 23 ],
            [ "A", 27, "A", 22 ],
            [ "A", 32, "A", 28 ],
            [ "A", 33, "A", 29 ],
            [ "A", 34, "A", 30 ],
            [ "A", 35, "A", 31 ],
            [ "A", 36, "A", 32 ],
            [ "A", 37, "A", 33 ],
            [ "A", 38, "A", 34 ],
            [ "A", 41, "A", 56 ],
            [ "A", 42, "A", 10 ],
            [ "A", 43, "A", 54 ],
            [ "A", 44, "A", 8 ],
            [ "A", 45, "A", 52 ],
            [ "A", 47, "A", 50 ],
            [ "A", 50, "A", 47 ],
            [ "A", 51, "A", 49 ],
            [ "A", 51, "A", 66 ],
            [ "A", 52, "A", 45 ],
            [ "A", 53, "A", 64 ],
            [ "A", 54, "A", 43 ],
            [ "A", 55, "A", 62 ],
            [ "A", 56, "A", 41 ],
            [ "A", 62, "A", 55 ],
            [ "A", 64, "A", 53 ],
            [ "A", 66, "A", 51 ],
            [ "A", 69, "A", 86 ],
            [ "A", 70, "A", 67 ],
            [ "A", 72, "A", 84 ],
            [ "A", 74, "A", 82 ],
            [ "A", 76, "A", 80 ],
            [ "A", 79, "A", 76 ],
            [ "A", 82, "A", 74 ],
            [ "A", 82, "A", 80 ],
            [ "A", 83, "A", 98 ],
            [ "A", 84, "A", 72 ],
            [ "A", 85, "A", 96 ],
            [ "A", 87, "A", 94 ],
            [ "A", 89, "A", 92 ],
            [ "A", 92, "A", 89 ],
            [ "A", 93, "A", 108 ],
            [ "A", 94, "A", 87 ],
            [ "A", 94, "A", 92 ],
            [ "A", 95, "A", 106 ],
            [ "A", 96, "A", 85 ],
            [ "A", 97, "A", 104 ],
            [ "A", 98, "A", 83 ],
            [ "A", 99, "A", 102 ],
            [ "A", 102, "A", 99 ],
            [ "A", 104, "A", 97 ],
            [ "A", 105, "A", 120 ],
            [ "A", 106, "A", 95 ],
            [ "A", 107, "A", 118 ],
            [ "A", 108, "A", 93 ],
            [ "A", 109, "A", 116 ],
            [ "A", 111, "A", 114 ],
            [ "A", 114, "A", 111 ],
            [ "A", 115, "A", 130 ],
            [ "A", 116, "A", 109 ],
            [ "A", 117, "A", 128 ],
            [ "A", 118, "A", 107 ],
            [ "A", 118, "A", 116 ],
            [ "A", 119, "A", 117 ],
            [ "A", 119, "A", 126 ],
            [ "A", 120, "A", 105 ],
            [ "A", 121, "A", 124 ],
            [ "A", 124, "A", 121 ],
            [ "A", 126, "A", 119 ],
            [ "A", 127, "A", 16 ],
            [ "A", 128, "A", 117 ],
            [ "A", 129, "A", 14 ],
            [ "A", 130, "A", 115 ],
            [ "A", 131, "A", 11 ],
            [ "A", 133, "A", 9 ]
        ]
    }
}
