{
    "6xvy_B_01": {
        "software": "SecStrAnnotator 2.2 [2020-07-01]",
        "args": "--onlyssa --verbose /server_data/overprot_data/jobs/Running/b0978d1b-72aa-43e3-ae21-11aa3cf65871/job_data/cif_cealign/ 6xvy_B_01,B",
        "found": 13,
        "secondary_structure_elements": [
            { "label": "G0", "chain_id": "B", "start": 4, "end": 6, "type": "G", "start_vector": [ -16.371, 3.802, 2.639 ], "end_vector": [ -13.096, 6.338, -1.148 ], "nested_sses": [ { "label": null, "chain_id": "B", "start": 4, "end": 6, "type": "G" } ] },
            { "label": "E1", "chain_id": "B", "start": 8, "end": 16, "type": "E", "sheet_id": 1, "start_vector": [ -10.902, 10.745, -5.847 ], "end_vector": [ 9.302, 11.103, 6.303 ], "nested_sses": [ { "label": null, "chain_id": "B", "start": 13, "end": 14, "type": "N", "sheet_id": -2, "comment": "A_NcCN_C_" } ] },
            { "label": "h2", "chain_id": "B", "start": 18, "end": 25, "type": "h", "start_vector": [ 11.672, 5.951, 6.011 ], "end_vector": [ 14.564, -5.941, 3.038 ], "nested_sses": [ { "label": null, "chain_id": "B", "start": 18, "end": 24, "type": "H" }, { "label": null, "chain_id": "B", "start": 23, "end": 25, "type": "G" } ] },
            { "label": "H3", "chain_id": "B", "start": 29, "end": 37, "type": "H", "start_vector": [ 19.891, 0.44, -4.604 ], "end_vector": [ 9.78, 10.363, -3.079 ], "nested_sses": [ { "label": null, "chain_id": "B", "start": 29, "end": 37, "type": "H" } ] },
            { "label": "E4", "chain_id": "B", "start": 41, "end": 47, "type": "E", "sheet_id": 1, "start_vector": [ -0.067, 9.477, -4.887 ], "end_vector": [ -18.114, -2.86, -7.996 ] },
            { "label": "E5", "chain_id": "B", "start": 50, "end": 56, "type": "E", "sheet_id": 1, "start_vector": [ -14.768, -6.442, -5.456 ], "end_vector": [ 2.36, 6.685, -8.875 ] },
            { "label": "E6", "chain_id": "B", "start": 61, "end": 66, "type": "E", "sheet_id": 1, "start_vector": [ 4.573, 2.711, -11.615 ], "end_vector": [ -10.229, -8.627, -5.52 ] },
            { "label": "E7", "chain_id": "B", "start": 72, "end": 75, "type": "E", "sheet_id": 1, "start_vector": [ -4.301, -14.095, -5.086 ], "end_vector": [ 4.291, -6.671, -7.923 ] },
            { "label": "E8", "chain_id": "B", "start": 81, "end": 89, "type": "E", "sheet_id": 1, "start_vector": [ 5.801, -12.759, -7.186 ], "end_vector": [ -13.155, -6.193, 9.403 ] },
            { "label": "E9", "chain_id": "B", "start": 92, "end": 99, "type": "E", "sheet_id": 1, "start_vector": [ -10.698, -0.449, 7.529 ], "end_vector": [ 7.805, -14.783, -0.702 ] },
            { "label": "E10", "chain_id": "B", "start": 102, "end": 111, "type": "E", "sheet_id": 1, "start_vector": [ 8.214, -15.009, 3.346 ], "end_vector": [ -10.061, 9.878, 8.795 ] },
            { "label": "E11", "chain_id": "B", "start": 114, "end": 121, "type": "E", "sheet_id": 1, "start_vector": [ -8.482, 11.445, 5.006 ], "end_vector": [ 8.902, -6.032, 8.778 ] },
            { "label": "E12", "chain_id": "B", "start": 124, "end": 132, "type": "E", "sheet_id": 1, "start_vector": [ 10.556, -1.589, 12.657 ], "end_vector": [ -7.412, 15.603, -1.217 ], "nested_sses": [ { "label": null, "chain_id": "B", "start": 129, "end": 129, "type": "n", "sheet_id": -2, "comment": "A_C_NcCN_" } ] }
        ],
        "beta_connectivity": [
            [ "E1", "E4", -1 ],
            [ "E1", "E12", -1 ],
            [ "E4", "E5", -1 ],
            [ "E5", "E6", -1 ],
            [ "E7", "E8", -1 ],
            [ "E8", "E9", -1 ],
            [ "E9", "E10", -1 ],
            [ "E10", "E11", -1 ],
            [ "E11", "E12", -1 ]
        ],
        "hydrogen_bonds": [
            [ "B", 6, "B", 3 ],
            [ "B", 7, "B", 4 ],
            [ "B", 8, "B", 44 ],
            [ "B", 10, "B", 42 ],
            [ "B", 11, "B", 131 ],
            [ "B", 12, "B", 40 ],
            [ "B", 13, "B", 129 ],
            [ "B", 14, "B", 129 ],
            [ "B", 16, "B", 127 ],
            [ "B", 21, "B", 17 ],
            [ "B", 22, "B", 18 ],
            [ "B", 23, "B", 19 ],
            [ "B", 24, "B", 20 ],
            [ "B", 25, "B", 21 ],
            [ "B", 25, "B", 22 ],
            [ "B", 26, "B", 23 ],
            [ "B", 27, "B", 22 ],
            [ "B", 32, "B", 28 ],
            [ "B", 33, "B", 29 ],
            [ "B", 34, "B", 30 ],
            [ "B", 35, "B", 31 ],
            [ "B", 36, "B", 32 ],
            [ "B", 37, "B", 33 ],
            [ "B", 37, "B", 34 ],
            [ "B", 38, "B", 34 ],
            [ "B", 41, "B", 56 ],
            [ "B", 42, "B", 10 ],
            [ "B", 43, "B", 54 ],
            [ "B", 44, "B", 8 ],
            [ "B", 45, "B", 52 ],
            [ "B", 47, "B", 50 ],
            [ "B", 50, "B", 47 ],
            [ "B", 51, "B", 49 ],
            [ "B", 51, "B", 66 ],
            [ "B", 52, "B", 45 ],
            [ "B", 53, "B", 64 ],
            [ "B", 54, "B", 43 ],
            [ "B", 55, "B", 62 ],
            [ "B", 56, "B", 41 ],
            [ "B", 57, "B", 60 ],
            [ "B", 62, "B", 55 ],
            [ "B", 64, "B", 53 ],
            [ "B", 66, "B", 51 ],
            [ "B", 69, "B", 86 ],
            [ "B", 70, "B", 67 ],
            [ "B", 72, "B", 84 ],
            [ "B", 74, "B", 82 ],
            [ "B", 76, "B", 80 ],
            [ "B", 79, "B", 76 ],
            [ "B", 82, "B", 74 ],
            [ "B", 82, "B", 80 ],
            [ "B", 83, "B", 98 ],
            [ "B", 84, "B", 72 ],
            [ "B", 85, "B", 96 ],
            [ "B", 87, "B", 94 ],
            [ "B", 89, "B", 92 ],
            [ "B", 92, "B", 89 ],
            [ "B", 93, "B", 108 ],
            [ "B", 94, "B", 87 ],
            [ "B", 94, "B", 92 ],
            [ "B", 95, "B", 106 ],
            [ "B", 96, "B", 85 ],
            [ "B", 97, "B", 104 ],
            [ "B", 98, "B", 83 ],
            [ "B", 99, "B", 102 ],
            [ "B", 102, "B", 99 ],
            [ "B", 104, "B", 97 ],
            [ "B", 105, "B", 120 ],
            [ "B", 106, "B", 95 ],
            [ "B", 107, "B", 118 ],
            [ "B", 108, "B", 93 ],
            [ "B", 109, "B", 116 ],
            [ "B", 111, "B", 114 ],
            [ "B", 114, "B", 111 ],
            [ "B", 115, "B", 130 ],
            [ "B", 116, "B", 109 ],
            [ "B", 117, "B", 128 ],
            [ "B", 118, "B", 107 ],
            [ "B", 118, "B", 116 ],
            [ "B", 119, "B", 126 ],
            [ "B", 120, "B", 105 ],
            [ "B", 121, "B", 124 ],
            [ "B", 124, "B", 121 ],
            [ "B", 126, "B", 119 ],
            [ "B", 127, "B", 16 ],
            [ "B", 128, "B", 117 ],
            [ "B", 129, "B", 14 ],
            [ "B", 130, "B", 115 ],
            [ "B", 131, "B", 11 ],
            [ "B", 133, "B", 9 ]
        ]
    }
}
