{
  "6xvy_B_01": {
    "secondary_structure_elements": [
      {
        "label": "H0",
        "chain_id": "B",
        "start": 4,
        "end": 6,
        "type": "G",
        "start_vector": [
          -16.371,
          3.802,
          2.639
        ],
        "end_vector": [
          -13.096,
          6.338,
          -1.148
        ],
        "nested_sses": [
          {
            "label": null,
            "chain_id": "B",
            "start": 4,
            "end": 6,
            "type": "G"
          }
        ],
        "domain": "6xvy_B_01",
        "color": "s000",
        "color_hex": "#FF00FF",
        "rainbow": "s125",
        "rainbow_hex": "#3F00FF"
      },
      {
        "label": "E1",
        "chain_id": "B",
        "start": 8,
        "end": 16,
        "type": "E",
        "sheet_id": 1,
        "start_vector": [
          -10.902,
          10.745,
          -5.847
        ],
        "end_vector": [
          9.302,
          11.103,
          6.303
        ],
        "minor_axis": [
          0.03,
          -0.999,
          -0.02
        ],
        "nested_sses": [
          {
            "label": null,
            "chain_id": "B",
            "start": 13,
            "end": 14,
            "type": "N",
            "sheet_id": -2,
            "comment": "A_NcCN_C_"
          }
        ],
        "domain": "6xvy_B_01",
        "color": "s293",
        "color_hex": "#00C1FF",
        "rainbow": "s181",
        "rainbow_hex": "#0015FF"
      },
      {
        "label": "H2",
        "chain_id": "B",
        "start": 18,
        "end": 25,
        "type": "h",
        "start_vector": [
          11.672,
          5.951,
          6.011
        ],
        "end_vector": [
          14.564,
          -5.941,
          3.038
        ],
        "nested_sses": [
          {
            "label": null,
            "chain_id": "B",
            "start": 18,
            "end": 24,
            "type": "H"
          },
          {
            "label": null,
            "chain_id": "B",
            "start": 23,
            "end": 25,
            "type": "G"
          }
        ],
        "domain": "6xvy_B_01",
        "color": "s586",
        "color_hex": "#83FF00",
        "rainbow": "s244",
        "rainbow_hex": "#0076FF"
      },
      {
        "label": "H3",
        "chain_id": "B",
        "start": 29,
        "end": 37,
        "type": "H",
        "start_vector": [
          19.891,
          0.44,
          -4.604
        ],
        "end_vector": [
          9.78,
          10.363,
          -3.079
        ],
        "nested_sses": [
          {
            "label": null,
            "chain_id": "B",
            "start": 29,
            "end": 37,
            "type": "H"
          }
        ],
        "domain": "6xvy_B_01",
        "color": "s879",
        "color_hex": "#FF0045",
        "rainbow": "s307",
        "rainbow_hex": "#00D6FF"
      },
      {
        "label": "E5",
        "chain_id": "B",
        "start": 41,
        "end": 47,
        "type": "E",
        "sheet_id": 1,
        "start_vector": [
          -0.067,
          9.477,
          -4.887
        ],
        "end_vector": [
          -18.114,
          -2.86,
          -7.996
        ],
        "minor_axis": [
          0.575,
          -0.779,
          -0.25
        ],
        "domain": "6xvy_B_01",
        "color": "s466",
        "color_hex": "#00FF34",
        "rainbow": "s371",
        "rainbow_hex": "#00FFC5"
      },
      {
        "label": "E6",
        "chain_id": "B",
        "start": 50,
        "end": 56,
        "type": "E",
        "sheet_id": 1,
        "start_vector": [
          -14.768,
          -6.442,
          -5.456
        ],
        "end_vector": [
          2.36,
          6.685,
          -8.875
        ],
        "minor_axis": [
          0.578,
          -0.798,
          -0.171
        ],
        "domain": "6xvy_B_01",
        "color": "s759",
        "color_hex": "#FF7100",
        "rainbow": "s432",
        "rainbow_hex": "#00FF68"
      },
      {
        "label": "E7",
        "chain_id": "B",
        "start": 61,
        "end": 66,
        "type": "E",
        "sheet_id": 1,
        "start_vector": [
          4.573,
          2.711,
          -11.615
        ],
        "end_vector": [
          -10.229,
          -8.627,
          -5.52
        ],
        "minor_axis": [
          0.497,
          -0.813,
          -0.304
        ],
        "domain": "6xvy_B_01",
        "color": "s053",
        "color_hex": "#AD00FF",
        "rainbow": "s495",
        "rainbow_hex": "#00FF07"
      },
      {
        "label": "E8",
        "chain_id": "B",
        "start": 72,
        "end": 75,
        "type": "E",
        "sheet_id": 1,
        "start_vector": [
          -4.301,
          -14.095,
          -5.086
        ],
        "end_vector": [
          4.291,
          -6.671,
          -7.923
        ],
        "minor_axis": [
          0.587,
          -0.414,
          0.696
        ],
        "domain": "6xvy_B_01",
        "color": "s346",
        "color_hex": "#00FFEB",
        "rainbow": "s558",
        "rainbow_hex": "#58FF00"
      },
      {
        "label": "E10",
        "chain_id": "B",
        "start": 81,
        "end": 89,
        "type": "E",
        "sheet_id": 1,
        "start_vector": [
          5.801,
          -12.759,
          -7.186
        ],
        "end_vector": [
          -13.155,
          -6.193,
          9.403
        ],
        "minor_axis": [
          0.643,
          0.574,
          0.507
        ],
        "domain": "6xvy_B_01",
        "color": "s933",
        "color_hex": "#FF0098",
        "rainbow": "s623",
        "rainbow_hex": "#BCFF00"
      },
      {
        "label": "E11",
        "chain_id": "B",
        "start": 92,
        "end": 99,
        "type": "E",
        "sheet_id": 1,
        "start_vector": [
          -10.698,
          -0.449,
          7.529
        ],
        "end_vector": [
          7.805,
          -14.783,
          -0.702
        ],
        "minor_axis": [
          0.65,
          0.524,
          0.55
        ],
        "domain": "6xvy_B_01",
        "color": "s226",
        "color_hex": "#005AFF",
        "rainbow": "s686",
        "rainbow_hex": "#FFE100"
      },
      {
        "label": "E12",
        "chain_id": "B",
        "start": 102,
        "end": 111,
        "type": "E",
        "sheet_id": 1,
        "start_vector": [
          8.214,
          -15.009,
          3.346
        ],
        "end_vector": [
          -10.061,
          9.878,
          8.795
        ],
        "minor_axis": [
          0.794,
          0.511,
          0.329
        ],
        "domain": "6xvy_B_01",
        "color": "s519",
        "color_hex": "#1DFF00",
        "rainbow": "s749",
        "rainbow_hex": "#FF8100"
      },
      {
        "label": "E13",
        "chain_id": "B",
        "start": 114,
        "end": 121,
        "type": "E",
        "sheet_id": 1,
        "start_vector": [
          -8.482,
          11.445,
          5.006
        ],
        "end_vector": [
          8.902,
          -6.032,
          8.778
        ],
        "minor_axis": [
          0.715,
          0.696,
          -0.071
        ],
        "domain": "6xvy_B_01",
        "color": "s813",
        "color_hex": "#FF1F00",
        "rainbow": "s810",
        "rainbow_hex": "#FF2300"
      },
      {
        "label": "E14",
        "chain_id": "B",
        "start": 124,
        "end": 132,
        "type": "E",
        "sheet_id": 1,
        "start_vector": [
          10.556,
          -1.589,
          12.657
        ],
        "end_vector": [
          -7.412,
          15.603,
          -1.217
        ],
        "minor_axis": [
          -0.631,
          -0.765,
          -0.13
        ],
        "nested_sses": [
          {
            "label": null,
            "chain_id": "B",
            "start": 129,
            "end": 129,
            "type": "n",
            "sheet_id": -2,
            "comment": "A_C_NcCN_"
          }
        ],
        "domain": "6xvy_B_01",
        "color": "s106",
        "color_hex": "#5C00FF",
        "rainbow": "s870",
        "rainbow_hex": "#FF0038"
      }
    ]
  }
}
