{
  "6xw9_A_01": {
    "secondary_structure_elements": [
      {
        "label": "E1",
        "chain_id": "A",
        "start": 8,
        "end": 16,
        "type": "E",
        "sheet_id": 1,
        "start_vector": [
          -10.863,
          10.811,
          -5.823
        ],
        "end_vector": [
          9.486,
          11.046,
          6.481
        ],
        "nested_sses": [
          {
            "label": null,
            "chain_id": "A",
            "start": 13,
            "end": 14,
            "type": "N",
            "sheet_id": -2,
            "comment": "A_NcCN_C_"
          }
        ],
        "domain": "6xw9_A_01",
        "color": "s293",
        "color_hex": "#00C1FF",
        "rainbow": "s181",
        "rainbow_hex": "#0015FF"
      },
      {
        "label": "H2",
        "chain_id": "A",
        "start": 18,
        "end": 25,
        "type": "h",
        "start_vector": [
          11.813,
          5.926,
          6.191
        ],
        "end_vector": [
          14.524,
          -6.037,
          2.591
        ],
        "nested_sses": [
          {
            "label": null,
            "chain_id": "A",
            "start": 18,
            "end": 24,
            "type": "H"
          },
          {
            "label": null,
            "chain_id": "A",
            "start": 23,
            "end": 25,
            "type": "G"
          }
        ],
        "domain": "6xw9_A_01",
        "color": "s586",
        "color_hex": "#83FF00",
        "rainbow": "s244",
        "rainbow_hex": "#0076FF"
      },
      {
        "label": "H3",
        "chain_id": "A",
        "start": 29,
        "end": 37,
        "type": "H",
        "start_vector": [
          20.119,
          1.172,
          -4.499
        ],
        "end_vector": [
          9.833,
          10.571,
          -2.91
        ],
        "nested_sses": [
          {
            "label": null,
            "chain_id": "A",
            "start": 29,
            "end": 37,
            "type": "H"
          }
        ],
        "domain": "6xw9_A_01",
        "color": "s879",
        "color_hex": "#FF0045",
        "rainbow": "s307",
        "rainbow_hex": "#00D6FF"
      },
      {
        "label": "E5",
        "chain_id": "A",
        "start": 41,
        "end": 47,
        "type": "E",
        "sheet_id": 1,
        "start_vector": [
          -0.238,
          9.509,
          -4.938
        ],
        "end_vector": [
          -18.106,
          -2.98,
          -8.243
        ],
        "domain": "6xw9_A_01",
        "color": "s466",
        "color_hex": "#00FF34",
        "rainbow": "s371",
        "rainbow_hex": "#00FFC5"
      },
      {
        "label": "E6",
        "chain_id": "A",
        "start": 50,
        "end": 56,
        "type": "E",
        "sheet_id": 1,
        "start_vector": [
          -14.916,
          -6.514,
          -5.468
        ],
        "end_vector": [
          2.451,
          6.654,
          -8.831
        ],
        "domain": "6xw9_A_01",
        "color": "s759",
        "color_hex": "#FF7100",
        "rainbow": "s432",
        "rainbow_hex": "#00FF68"
      },
      {
        "label": "E7",
        "chain_id": "A",
        "start": 62,
        "end": 66,
        "type": "E",
        "sheet_id": 1,
        "start_vector": [
          1.743,
          0.547,
          -10.681
        ],
        "end_vector": [
          -10.254,
          -8.617,
          -5.558
        ],
        "domain": "6xw9_A_01",
        "color": "s053",
        "color_hex": "#AD00FF",
        "rainbow": "s495",
        "rainbow_hex": "#00FF07"
      },
      {
        "label": "E8",
        "chain_id": "A",
        "start": 72,
        "end": 75,
        "type": "E",
        "sheet_id": 1,
        "start_vector": [
          -4.385,
          -14.046,
          -5.109
        ],
        "end_vector": [
          4.253,
          -6.737,
          -7.885
        ],
        "domain": "6xw9_A_01",
        "color": "s346",
        "color_hex": "#00FFEB",
        "rainbow": "s558",
        "rainbow_hex": "#58FF00"
      },
      {
        "label": "E10",
        "chain_id": "A",
        "start": 81,
        "end": 89,
        "type": "E",
        "sheet_id": 1,
        "start_vector": [
          5.592,
          -12.977,
          -6.963
        ],
        "end_vector": [
          -13.15,
          -6.078,
          9.571
        ],
        "domain": "6xw9_A_01",
        "color": "s933",
        "color_hex": "#FF0098",
        "rainbow": "s623",
        "rainbow_hex": "#BCFF00"
      },
      {
        "label": "E11",
        "chain_id": "A",
        "start": 92,
        "end": 99,
        "type": "E",
        "sheet_id": 1,
        "start_vector": [
          -10.668,
          -0.129,
          7.501
        ],
        "end_vector": [
          7.656,
          -14.934,
          -0.55
        ],
        "domain": "6xw9_A_01",
        "color": "s226",
        "color_hex": "#005AFF",
        "rainbow": "s686",
        "rainbow_hex": "#FFE100"
      },
      {
        "label": "E12",
        "chain_id": "A",
        "start": 102,
        "end": 111,
        "type": "E",
        "sheet_id": 1,
        "start_vector": [
          8.361,
          -15.024,
          3.406
        ],
        "end_vector": [
          -10.193,
          9.918,
          8.741
        ],
        "domain": "6xw9_A_01",
        "color": "s519",
        "color_hex": "#1DFF00",
        "rainbow": "s749",
        "rainbow_hex": "#FF8100"
      },
      {
        "label": "E13",
        "chain_id": "A",
        "start": 114,
        "end": 121,
        "type": "E",
        "sheet_id": 1,
        "start_vector": [
          -8.609,
          11.38,
          4.983
        ],
        "end_vector": [
          8.984,
          -6.076,
          8.737
        ],
        "domain": "6xw9_A_01",
        "color": "s813",
        "color_hex": "#FF1F00",
        "rainbow": "s810",
        "rainbow_hex": "#FF2300"
      },
      {
        "label": "E14",
        "chain_id": "A",
        "start": 124,
        "end": 132,
        "type": "E",
        "sheet_id": 1,
        "start_vector": [
          10.63,
          -1.709,
          12.58
        ],
        "end_vector": [
          -7.466,
          15.701,
          -1.202
        ],
        "nested_sses": [
          {
            "label": null,
            "chain_id": "A",
            "start": 129,
            "end": 129,
            "type": "n",
            "sheet_id": -2,
            "comment": "A_C_NcCN_"
          }
        ],
        "domain": "6xw9_A_01",
        "color": "s106",
        "color_hex": "#5C00FF",
        "rainbow": "s870",
        "rainbow_hex": "#FF0038"
      }
    ]
  }
}
