{
  "6xw9_A_01": {
    "software": "SecStrAnnotator 2.2 [2022-01-02]",
    "args": "--onlyssa --verbose --batch /srv/var/jobs/Running/a6716a11-bfa3-42f8-9ea1-cb6224f23481/job_data/cif_cealign /srv/var/jobs/Running/a6716a11-bfa3-42f8-9ea1-cb6224f23481/job_data/cif_cealign/domain_batch.txt",
    "found": 12,
    "secondary_structure_elements": [
      {"label": "E0", "chain_id": "A", "start": 8, "end": 16, "type": "E", "sheet_id": 1, "start_vector": [-10.863, 10.811, -5.823], "end_vector": [9.486, 11.046, 6.481], "minor_axis": [0.068, -0.993, -0.094], "nested_sses": [{"label": null, "chain_id": "A", "start": 13, "end": 14, "type": "N", "sheet_id": -2, "comment": "A_NcCN_C_"}]},
      {"label": "H1", "chain_id": "A", "start": 18, "end": 25, "type": "h", "start_vector": [11.813, 5.926, 6.191], "end_vector": [14.524, -6.037, 2.591], "nested_sses": [{"label": null, "chain_id": "A", "start": 18, "end": 24, "type": "H"}, {"label": null, "chain_id": "A", "start": 23, "end": 25, "type": "G"}]},
      {"label": "H2", "chain_id": "A", "start": 29, "end": 37, "type": "H", "start_vector": [20.119, 1.172, -4.499], "end_vector": [9.833, 10.571, -2.91], "nested_sses": [{"label": null, "chain_id": "A", "start": 29, "end": 37, "type": "H"}]},
      {"label": "E3", "chain_id": "A", "start": 41, "end": 47, "type": "E", "sheet_id": 1, "start_vector": [-0.238, 9.509, -4.938], "end_vector": [-18.106, -2.98, -8.243], "minor_axis": [0.585, -0.77, -0.254]},
      {"label": "E4", "chain_id": "A", "start": 50, "end": 56, "type": "E", "sheet_id": 1, "start_vector": [-14.916, -6.514, -5.468], "end_vector": [2.451, 6.654, -8.831], "minor_axis": [0.567, -0.799, -0.202]},
      {"label": "E5", "chain_id": "A", "start": 62, "end": 66, "type": "E", "sheet_id": 1, "start_vector": [1.743, 0.547, -10.681], "end_vector": [-10.254, -8.617, -5.558], "minor_axis": [0.527, -0.818, -0.23]},
      {"label": "E6", "chain_id": "A", "start": 72, "end": 75, "type": "E", "sheet_id": 1, "start_vector": [-4.385, -14.046, -5.109], "end_vector": [4.253, -6.737, -7.885], "minor_axis": [0.584, -0.429, 0.689]},
      {"label": "E7", "chain_id": "A", "start": 81, "end": 89, "type": "E", "sheet_id": 1, "start_vector": [5.592, -12.977, -6.963], "end_vector": [-13.15, -6.078, 9.571], "minor_axis": [-0.622, -0.652, -0.434]},
      {"label": "E8", "chain_id": "A", "start": 92, "end": 99, "type": "E", "sheet_id": 1, "start_vector": [-10.668, -0.129, 7.501], "end_vector": [7.656, -14.934, -0.55], "minor_axis": [0.668, 0.562, 0.488]},
      {"label": "E9", "chain_id": "A", "start": 102, "end": 111, "type": "E", "sheet_id": 1, "start_vector": [8.361, -15.024, 3.406], "end_vector": [-10.193, 9.918, 8.741], "minor_axis": [0.792, 0.521, 0.32]},
      {"label": "E10", "chain_id": "A", "start": 114, "end": 121, "type": "E", "sheet_id": 1, "start_vector": [-8.609, 11.38, 4.983], "end_vector": [8.984, -6.076, 8.737], "minor_axis": [0.709, 0.702, -0.059]},
      {"label": "E11", "chain_id": "A", "start": 124, "end": 132, "type": "E", "sheet_id": 1, "start_vector": [10.63, -1.709, 12.58], "end_vector": [-7.466, 15.701, -1.202], "minor_axis": [0.737, 0.664, -0.129], "nested_sses": [{"label": null, "chain_id": "A", "start": 129, "end": 129, "type": "n", "sheet_id": -2, "comment": "A_C_NcCN_"}]}
    ],
    "beta_connectivity": [
      ["E0", "E3", -1],
      ["E0", "E11", -1],
      ["E3", "E4", -1],
      ["E4", "E5", -1],
      ["E6", "E7", -1],
      ["E7", "E8", -1],
      ["E8", "E9", -1],
      ["E9", "E10", -1],
      ["E10", "E11", -1]
    ],
    "hydrogen_bonds": [
      ["A", 6, "A", 3],
      ["A", 8, "A", 44],
      ["A", 10, "A", 42],
      ["A", 11, "A", 131],
      ["A", 12, "A", 40],
      ["A", 13, "A", 129],
      ["A", 14, "A", 129],
      ["A", 16, "A", 127],
      ["A", 21, "A", 17],
      ["A", 22, "A", 18],
      ["A", 22, "A", 19],
      ["A", 23, "A", 19],
      ["A", 24, "A", 20],
      ["A", 25, "A", 21],
      ["A", 25, "A", 22],
      ["A", 26, "A", 23],
      ["A", 27, "A", 22],
      ["A", 32, "A", 28],
      ["A", 32, "A", 29],
      ["A", 33, "A", 29],
      ["A", 34, "A", 30],
      ["A", 34, "A", 31],
      ["A", 35, "A", 31],
      ["A", 36, "A", 32],
      ["A", 37, "A", 33],
      ["A", 38, "A", 34],
      ["A", 38, "A", 35],
      ["A", 41, "A", 56],
      ["A", 42, "A", 10],
      ["A", 43, "A", 54],
      ["A", 44, "A", 8],
      ["A", 45, "A", 52],
      ["A", 47, "A", 50],
      ["A", 50, "A", 47],
      ["A", 51, "A", 66],
      ["A", 52, "A", 45],
      ["A", 53, "A", 64],
      ["A", 54, "A", 43],
      ["A", 55, "A", 62],
      ["A", 56, "A", 41],
      ["A", 62, "A", 55],
      ["A", 64, "A", 53],
      ["A", 66, "A", 51],
      ["A", 69, "A", 86],
      ["A", 70, "A", 67],
      ["A", 72, "A", 84],
      ["A", 74, "A", 82],
      ["A", 76, "A", 80],
      ["A", 79, "A", 76],
      ["A", 82, "A", 74],
      ["A", 82, "A", 80],
      ["A", 83, "A", 98],
      ["A", 84, "A", 72],
      ["A", 84, "A", 82],
      ["A", 85, "A", 96],
      ["A", 87, "A", 94],
      ["A", 89, "A", 92],
      ["A", 92, "A", 89],
      ["A", 93, "A", 108],
      ["A", 94, "A", 87],
      ["A", 94, "A", 92],
      ["A", 95, "A", 93],
      ["A", 95, "A", 106],
      ["A", 96, "A", 85],
      ["A", 97, "A", 104],
      ["A", 98, "A", 83],
      ["A", 99, "A", 102],
      ["A", 102, "A", 99],
      ["A", 104, "A", 97],
      ["A", 105, "A", 120],
      ["A", 106, "A", 95],
      ["A", 107, "A", 118],
      ["A", 108, "A", 93],
      ["A", 109, "A", 116],
      ["A", 111, "A", 114],
      ["A", 114, "A", 111],
      ["A", 115, "A", 130],
      ["A", 116, "A", 109],
      ["A", 117, "A", 128],
      ["A", 118, "A", 107],
      ["A", 119, "A", 126],
      ["A", 120, "A", 105],
      ["A", 121, "A", 124],
      ["A", 124, "A", 121],
      ["A", 126, "A", 119],
      ["A", 127, "A", 16],
      ["A", 128, "A", 117],
      ["A", 129, "A", 14],
      ["A", 130, "A", 115],
      ["A", 131, "A", 11],
      ["A", 133, "A", 9]
    ]
  }
}
