{
  "1gka_B_01": {
    "secondary_structure_elements": [
      {
        "label": "E1",
        "chain_id": "B",
        "start": 7,
        "end": 9,
        "type": "E",
        "sheet_id": 1,
        "start_vector": [
          5.506,
          -5.635,
          -16.697
        ],
        "end_vector": [
          4.064,
          -14.271,
          -15.957
        ],
        "domain": "1gka_B_01",
        "color": "s293",
        "color_hex": "#00C1FF",
        "rainbow": "s131",
        "rainbow_hex": "#3600FF"
      },
      {
        "label": "E5",
        "chain_id": "B",
        "start": 28,
        "end": 35,
        "type": "E",
        "sheet_id": 1,
        "start_vector": [
          -2.347,
          8.883,
          10.639
        ],
        "end_vector": [
          10.36,
          -2.021,
          -1.355
        ],
        "nested_sses": [
          {
            "label": null,
            "chain_id": "B",
            "start": 33,
            "end": 34,
            "type": "N",
            "sheet_id": -5,
            "comment": "A_NcCN_C_"
          }
        ],
        "domain": "1gka_B_01",
        "color": "s466",
        "color_hex": "#00FF34",
        "rainbow": "s233",
        "rainbow_hex": "#0065FF"
      },
      {
        "label": "E8",
        "chain_id": "B",
        "start": 45,
        "end": 54,
        "type": "E",
        "sheet_id": 1,
        "start_vector": [
          12.545,
          8.059,
          0.084
        ],
        "end_vector": [
          -14.869,
          10.455,
          7.116
        ],
        "nested_sses": [
          {
            "label": null,
            "chain_id": "B",
            "start": 45,
            "end": 48,
            "type": "M",
            "sheet_id": -8,
            "comment": "A_CNcCNcCN_CNcCN_"
          }
        ],
        "domain": "1gka_B_01",
        "color": "s346",
        "color_hex": "#00FFEB",
        "rainbow": "s322",
        "rainbow_hex": "#00EDFF"
      },
      {
        "label": "E9",
        "chain_id": "B",
        "start": 59,
        "end": 67,
        "type": "E",
        "sheet_id": 1,
        "start_vector": [
          -14.81,
          7.627,
          2.323
        ],
        "end_vector": [
          11.365,
          13.703,
          -2.734
        ],
        "nested_sses": [
          {
            "label": null,
            "chain_id": "B",
            "start": 65,
            "end": 67,
            "type": "m",
            "sheet_id": -8,
            "comment": "A_CNcCN_CNcCNcCN_"
          }
        ],
        "domain": "1gka_B_01",
        "color": "s639",
        "color_hex": "#D4FF00",
        "rainbow": "s377",
        "rainbow_hex": "#00FFBC"
      },
      {
        "label": "E10",
        "chain_id": "B",
        "start": 73,
        "end": 76,
        "type": "E",
        "sheet_id": 1,
        "start_vector": [
          11.145,
          16.784,
          -4.309
        ],
        "end_vector": [
          -0.684,
          13.557,
          -4.538
        ],
        "domain": "1gka_B_01",
        "color": "s933",
        "color_hex": "#FF0098",
        "rainbow": "s433",
        "rainbow_hex": "#00FF66"
      },
      {
        "label": "E12",
        "chain_id": "B",
        "start": 79,
        "end": 81,
        "type": "E",
        "sheet_id": 1,
        "start_vector": [
          -7.081,
          9.419,
          -4.219
        ],
        "end_vector": [
          -12.646,
          2.439,
          -1.678
        ],
        "domain": "1gka_B_01",
        "color": "s519",
        "color_hex": "#1DFF00",
        "rainbow": "s468",
        "rainbow_hex": "#00FF30"
      },
      {
        "label": "E13",
        "chain_id": "B",
        "start": 83,
        "end": 83,
        "type": "B",
        "sheet_id": 2,
        "start_vector": [
          -15.68,
          -0.391,
          -2.908
        ],
        "end_vector": [
          -17.7,
          -1.363,
          -3.819
        ],
        "domain": "1gka_B_01",
        "color": "s813",
        "color_hex": "#FF1F00",
        "rainbow": "s473",
        "rainbow_hex": "#00FF29"
      },
      {
        "label": "E14",
        "chain_id": "B",
        "start": 86,
        "end": 86,
        "type": "B",
        "sheet_id": 2,
        "start_vector": [
          -17.132,
          -5.658,
          -4.256
        ],
        "end_vector": [
          -16.252,
          -5.911,
          -1.904
        ],
        "domain": "1gka_B_01",
        "color": "s106",
        "color_hex": "#5C00FF",
        "rainbow": "s476",
        "rainbow_hex": "#00FF24"
      },
      {
        "label": "E15",
        "chain_id": "B",
        "start": 90,
        "end": 94,
        "type": "E",
        "sheet_id": 1,
        "start_vector": [
          -11.228,
          -4.819,
          -0.698
        ],
        "end_vector": [
          -7.134,
          7.189,
          -9.127
        ],
        "domain": "1gka_B_01",
        "color": "s399",
        "color_hex": "#00FF9A",
        "rainbow": "s505",
        "rainbow_hex": "#07FF00"
      },
      {
        "label": "E17",
        "chain_id": "B",
        "start": 101,
        "end": 108,
        "type": "E",
        "sheet_id": 1,
        "start_vector": [
          -7.152,
          -1.074,
          -11.043
        ],
        "end_vector": [
          -3.946,
          -7.699,
          9.427
        ],
        "nested_sses": [
          {
            "label": null,
            "chain_id": "B",
            "start": 106,
            "end": 107,
            "type": "N",
            "sheet_id": -16,
            "comment": "A_NcCN_C_"
          }
        ],
        "domain": "1gka_B_01",
        "color": "s986",
        "color_hex": "#FF00E9",
        "rainbow": "s570",
        "rainbow_hex": "#6BFF00"
      },
      {
        "label": "E21",
        "chain_id": "B",
        "start": 113,
        "end": 121,
        "type": "E",
        "sheet_id": 1,
        "start_vector": [
          1.035,
          -1.732,
          10.829
        ],
        "end_vector": [
          -4.166,
          -8.811,
          -16.153
        ],
        "nested_sses": [
          {
            "label": null,
            "chain_id": "B",
            "start": 115,
            "end": 115,
            "type": "n",
            "sheet_id": -16,
            "comment": "A_C_NcCN_"
          }
        ],
        "domain": "1gka_B_01",
        "color": "s159",
        "color_hex": "#0B00FF",
        "rainbow": "s631",
        "rainbow_hex": "#C8FF00"
      },
      {
        "label": "E23",
        "chain_id": "B",
        "start": 125,
        "end": 134,
        "type": "E",
        "sheet_id": 1,
        "start_vector": [
          0.658,
          -11.885,
          -18.792
        ],
        "end_vector": [
          4.207,
          2.584,
          8.798
        ],
        "nested_sses": [
          {
            "label": null,
            "chain_id": "B",
            "start": 132,
            "end": 132,
            "type": "n",
            "sheet_id": -5,
            "comment": "A_C_NcCN_"
          }
        ],
        "domain": "1gka_B_01",
        "color": "s746",
        "color_hex": "#FF8500",
        "rainbow": "s690",
        "rainbow_hex": "#FFDB00"
      },
      {
        "label": "H24",
        "chain_id": "B",
        "start": 142,
        "end": 154,
        "type": "h",
        "start_vector": [
          8.847,
          -3.053,
          12.07
        ],
        "end_vector": [
          1.376,
          -17.612,
          -0.179
        ],
        "nested_sses": [
          {
            "label": null,
            "chain_id": "B",
            "start": 142,
            "end": 154,
            "type": "H"
          },
          {
            "label": null,
            "chain_id": "B",
            "start": 152,
            "end": 154,
            "type": "G"
          }
        ],
        "domain": "1gka_B_01",
        "color": "s039",
        "color_hex": "#C300FF",
        "rainbow": "s743",
        "rainbow_hex": "#FF8A00"
      },
      {
        "label": "H25",
        "chain_id": "B",
        "start": 158,
        "end": 160,
        "type": "G",
        "start_vector": [
          9.111,
          -13.044,
          -2.388
        ],
        "end_vector": [
          11.202,
          -8.027,
          -3.376
        ],
        "nested_sses": [
          {
            "label": null,
            "chain_id": "B",
            "start": 158,
            "end": 160,
            "type": "G"
          }
        ],
        "domain": "1gka_B_01",
        "color": "s333",
        "color_hex": "#00FEFF",
        "rainbow": "s793",
        "rainbow_hex": "#FF3D00"
      },
      {
        "label": "E26",
        "chain_id": "B",
        "start": 162,
        "end": 163,
        "type": "E",
        "sheet_id": 1,
        "start_vector": [
          11.728,
          -4.569,
          -2.305
        ],
        "end_vector": [
          12.674,
          0.144,
          0.456
        ],
        "domain": "1gka_B_01",
        "color": "s626",
        "color_hex": "#C0FF00",
        "rainbow": "s840",
        "rainbow_hex": "#FF000A"
      },
      {
        "label": "E28",
        "chain_id": "B",
        "start": 165,
        "end": 165,
        "type": "B",
        "sheet_id": 1,
        "start_vector": [
          13.962,
          3.747,
          1.236
        ],
        "end_vector": [
          14.254,
          5.432,
          3.101
        ],
        "domain": "1gka_B_01",
        "color": "s213",
        "color_hex": "#0046FF",
        "rainbow": "s884",
        "rainbow_hex": "#FF004D"
      }
    ]
  }
}
