{
  "1gka_B_01": {
    "software": "SecStrAnnotator 2.2 [2022-01-02]",
    "args": "--onlyssa --verbose --batch /srv/var/jobs/Running/6c297d4c-2070-4f9d-90b3-e04d02f83d1f/job_data/cif_cealign /srv/var/jobs/Running/6c297d4c-2070-4f9d-90b3-e04d02f83d1f/job_data/cif_cealign/domain_batch.txt",
    "found": 16,
    "secondary_structure_elements": [
      {"label": "E0", "chain_id": "B", "start": 7, "end": 9, "type": "E", "sheet_id": 1, "start_vector": [5.506, -5.635, -16.697], "end_vector": [4.064, -14.271, -15.957], "minor_axis": [0.709, -0.058, 0.703]},
      {"label": "E1", "chain_id": "B", "start": 28, "end": 35, "type": "E", "sheet_id": 1, "start_vector": [-2.347, 8.883, 10.639], "end_vector": [10.36, -2.021, -1.355], "minor_axis": [-0.003, -0.741, 0.671], "nested_sses": [{"label": null, "chain_id": "B", "start": 33, "end": 34, "type": "N", "sheet_id": -5, "comment": "A_NcCN_C_"}]},
      {"label": "E2", "chain_id": "B", "start": 45, "end": 54, "type": "E", "sheet_id": 1, "start_vector": [12.545, 8.059, 0.084], "end_vector": [-14.869, 10.455, 7.116], "minor_axis": [0.203, -0.356, 0.912], "nested_sses": [{"label": null, "chain_id": "B", "start": 45, "end": 48, "type": "M", "sheet_id": -8, "comment": "A_CNcCNcCN_CNcCN_"}]},
      {"label": "E3", "chain_id": "B", "start": 59, "end": 67, "type": "E", "sheet_id": 1, "start_vector": [-14.81, 7.627, 2.323], "end_vector": [11.365, 13.703, -2.734], "minor_axis": [0.175, 0.065, 0.982], "nested_sses": [{"label": null, "chain_id": "B", "start": 65, "end": 67, "type": "m", "sheet_id": -8, "comment": "A_CNcCN_CNcCNcCN_"}]},
      {"label": "E4", "chain_id": "B", "start": 73, "end": 76, "type": "E", "sheet_id": 1, "start_vector": [11.145, 16.784, -4.309], "end_vector": [-0.684, 13.557, -4.538], "minor_axis": [0.201, -0.781, 0.591]},
      {"label": "E5", "chain_id": "B", "start": 79, "end": 81, "type": "E", "sheet_id": 1, "start_vector": [-7.081, 9.419, -4.219], "end_vector": [-12.646, 2.439, -1.678], "minor_axis": [-0.225, 0.487, 0.844]},
      {"label": "E6", "chain_id": "B", "start": 83, "end": 83, "type": "B", "sheet_id": 2, "start_vector": [-15.68, -0.391, -2.908], "end_vector": [-17.7, -1.363, -3.819], "minor_axis": [-0.187, 0.85, -0.493]},
      {"label": "E7", "chain_id": "B", "start": 86, "end": 86, "type": "B", "sheet_id": 2, "start_vector": [-17.132, -5.658, -4.256], "end_vector": [-16.252, -5.911, -1.904], "minor_axis": [-0.003, -0.994, -0.106]},
      {"label": "E8", "chain_id": "B", "start": 90, "end": 94, "type": "E", "sheet_id": 1, "start_vector": [-11.228, -4.819, -0.698], "end_vector": [-7.134, 7.189, -9.127], "minor_axis": [0.628, -0.579, -0.52]},
      {"label": "E9", "chain_id": "B", "start": 101, "end": 108, "type": "E", "sheet_id": 1, "start_vector": [-7.152, -1.074, -11.043], "end_vector": [-3.946, -7.699, 9.427], "minor_axis": [0.979, -0.094, -0.184], "nested_sses": [{"label": null, "chain_id": "B", "start": 106, "end": 107, "type": "N", "sheet_id": -16, "comment": "A_NcCN_C_"}]},
      {"label": "E10", "chain_id": "B", "start": 113, "end": 121, "type": "E", "sheet_id": 1, "start_vector": [1.035, -1.732, 10.829], "end_vector": [-4.166, -8.811, -16.153], "minor_axis": [0.911, 0.32, -0.26], "nested_sses": [{"label": null, "chain_id": "B", "start": 115, "end": 115, "type": "n", "sheet_id": -16, "comment": "A_C_NcCN_"}]},
      {"label": "E11", "chain_id": "B", "start": 125, "end": 134, "type": "E", "sheet_id": 1, "start_vector": [0.658, -11.885, -18.792], "end_vector": [4.207, 2.584, 8.798], "minor_axis": [0.936, 0.248, -0.251], "nested_sses": [{"label": null, "chain_id": "B", "start": 132, "end": 132, "type": "n", "sheet_id": -5, "comment": "A_C_NcCN_"}]},
      {"label": "H12", "chain_id": "B", "start": 142, "end": 154, "type": "h", "start_vector": [8.847, -3.053, 12.07], "end_vector": [1.376, -17.612, -0.179], "nested_sses": [{"label": null, "chain_id": "B", "start": 142, "end": 154, "type": "H"}, {"label": null, "chain_id": "B", "start": 152, "end": 154, "type": "G"}]},
      {"label": "H13", "chain_id": "B", "start": 158, "end": 160, "type": "G", "start_vector": [9.111, -13.044, -2.388], "end_vector": [11.202, -8.027, -3.376], "nested_sses": [{"label": null, "chain_id": "B", "start": 158, "end": 160, "type": "G"}]},
      {"label": "E14", "chain_id": "B", "start": 162, "end": 163, "type": "E", "sheet_id": 1, "start_vector": [11.728, -4.569, -2.305], "end_vector": [12.674, 0.144, 0.456], "minor_axis": [0.985, -0.131, -0.113]},
      {"label": "E15", "chain_id": "B", "start": 165, "end": 165, "type": "B", "sheet_id": 1, "start_vector": [13.962, 3.747, 1.236], "end_vector": [14.254, 5.432, 3.101], "minor_axis": [-0.098, -0.731, 0.676]}
    ],
    "beta_connectivity": [
      ["E0", "E11", -1],
      ["E1", "E2", -1],
      ["E1", "E11", -1],
      ["E1", "E14", -1],
      ["E2", "E3", -1],
      ["E2", "E15", 1],
      ["E3", "E4", -1],
      ["E3", "E5", -1],
      ["E5", "E8", -1],
      ["E6", "E7", -1],
      ["E8", "E9", -1],
      ["E9", "E10", -1],
      ["E10", "E11", -1]
    ],
    "hydrogen_bonds": [
      ["B", 7, "B", 4],
      ["B", 8, "B", 126],
      ["B", 10, "B", 124],
      ["B", 15, "B", 13],
      ["B", 18, "B", 105],
      ["B", 21, "B", 19],
      ["B", 23, "B", 21],
      ["B", 25, "B", 22],
      ["B", 26, "B", 22],
      ["B", 27, "B", 24],
      ["B", 28, "B", 51],
      ["B", 30, "B", 49],
      ["B", 31, "B", 134],
      ["B", 32, "B", 47],
      ["B", 33, "B", 31],
      ["B", 33, "B", 132],
      ["B", 34, "B", 132],
      ["B", 35, "B", 162],
      ["B", 36, "B", 130],
      ["B", 37, "B", 35],
      ["B", 41, "B", 38],
      ["B", 44, "B", 67],
      ["B", 45, "B", 67],
      ["B", 46, "B", 165],
      ["B", 48, "B", 65],
      ["B", 49, "B", 30],
      ["B", 50, "B", 63],
      ["B", 51, "B", 28],
      ["B", 52, "B", 50],
      ["B", 52, "B", 61],
      ["B", 53, "B", 51],
      ["B", 54, "B", 52],
      ["B", 54, "B", 59],
      ["B", 59, "B", 54],
      ["B", 60, "B", 80],
      ["B", 61, "B", 52],
      ["B", 62, "B", 78],
      ["B", 63, "B", 50],
      ["B", 64, "B", 76],
      ["B", 65, "B", 48],
      ["B", 66, "B", 74],
      ["B", 67, "B", 45],
      ["B", 68, "B", 72],
      ["B", 74, "B", 66],
      ["B", 74, "B", 72],
      ["B", 76, "B", 64],
      ["B", 79, "B", 94],
      ["B", 80, "B", 60],
      ["B", 81, "B", 92],
      ["B", 83, "B", 86],
      ["B", 86, "B", 83],
      ["B", 90, "B", 87],
      ["B", 91, "B", 89],
      ["B", 91, "B", 103],
      ["B", 92, "B", 81],
      ["B", 93, "B", 101],
      ["B", 94, "B", 79],
      ["B", 94, "B", 92],
      ["B", 95, "B", 93],
      ["B", 101, "B", 93],
      ["B", 103, "B", 91],
      ["B", 104, "B", 117],
      ["B", 105, "B", 89],
      ["B", 105, "B", 103],
      ["B", 106, "B", 104],
      ["B", 106, "B", 115],
      ["B", 107, "B", 115],
      ["B", 109, "B", 113],
      ["B", 110, "B", 113],
      ["B", 111, "B", 109],
      ["B", 114, "B", 133],
      ["B", 115, "B", 107],
      ["B", 116, "B", 114],
      ["B", 116, "B", 131],
      ["B", 117, "B", 104],
      ["B", 118, "B", 129],
      ["B", 120, "B", 127],
      ["B", 121, "B", 119],
      ["B", 122, "B", 125],
      ["B", 126, "B", 8],
      ["B", 127, "B", 120],
      ["B", 128, "B", 6],
      ["B", 129, "B", 118],
      ["B", 131, "B", 116],
      ["B", 132, "B", 34],
      ["B", 133, "B", 114],
      ["B", 134, "B", 31],
      ["B", 135, "B", 112],
      ["B", 138, "B", 136],
      ["B", 139, "B", 137],
      ["B", 145, "B", 141],
      ["B", 146, "B", 142],
      ["B", 147, "B", 143],
      ["B", 148, "B", 144],
      ["B", 149, "B", 145],
      ["B", 150, "B", 146],
      ["B", 151, "B", 147],
      ["B", 152, "B", 148],
      ["B", 153, "B", 149],
      ["B", 154, "B", 150],
      ["B", 154, "B", 151],
      ["B", 155, "B", 151],
      ["B", 155, "B", 152],
      ["B", 156, "B", 151],
      ["B", 157, "B", 155],
      ["B", 160, "B", 157],
      ["B", 161, "B", 158],
      ["B", 162, "B", 35],
      ["B", 164, "B", 33],
      ["B", 165, "B", 44],
      ["B", 170, "B", 167],
      ["B", 173, "B", 171]
    ]
  }
}
