{
  "1kxo_A_01": {
    "software": "SecStrAnnotator 2.2 [2022-01-02]",
    "args": "--onlyssa --verbose --batch /srv/var/jobs/Running/6c297d4c-2070-4f9d-90b3-e04d02f83d1f/job_data/cif_cealign /srv/var/jobs/Running/6c297d4c-2070-4f9d-90b3-e04d02f83d1f/job_data/cif_cealign/domain_batch.txt",
    "found": 16,
    "secondary_structure_elements": [
      {"label": "E0", "chain_id": "A", "start": 4, "end": 5, "type": "E", "sheet_id": 1, "start_vector": [6.774, -12.139, -15.65], "end_vector": [3.806, -16.202, -16.766], "minor_axis": [0.782, -0.453, -0.429]},
      {"label": "H1", "chain_id": "A", "start": 19, "end": 22, "type": "G", "start_vector": [-11.741, -0.239, 8.728], "end_vector": [-6.848, 6.106, 9.353], "nested_sses": [{"label": null, "chain_id": "A", "start": 19, "end": 21, "type": "G"}]},
      {"label": "E2", "chain_id": "A", "start": 24, "end": 31, "type": "E", "sheet_id": 2, "start_vector": [-2.542, 10.925, 10.352], "end_vector": [10.634, -2.133, -1.383], "minor_axis": [0.667, 0.004, 0.745], "nested_sses": [{"label": null, "chain_id": "A", "start": 29, "end": 30, "type": "N", "sheet_id": -4, "comment": "A_NcCN_C_"}]},
      {"label": "H3", "chain_id": "A", "start": 33, "end": 39, "type": "H", "start_vector": [9.485, -3.077, -7.609], "end_vector": [7.425, 6.523, -9.176], "nested_sses": [{"label": null, "chain_id": "A", "start": 33, "end": 39, "type": "H"}]},
      {"label": "E4", "chain_id": "A", "start": 41, "end": 49, "type": "E", "sheet_id": 2, "start_vector": [11.202, 7.824, -2.476], "end_vector": [-11.842, 11.524, 7.569], "minor_axis": [0.336, -0.318, 0.887], "nested_sses": [{"label": null, "chain_id": "A", "start": 41, "end": 44, "type": "M", "sheet_id": -7, "comment": "A_CNcCNcCN_CNcCN_"}]},
      {"label": "E5", "chain_id": "A", "start": 54, "end": 62, "type": "E", "sheet_id": 2, "start_vector": [-11.022, 10.042, 3.415], "end_vector": [11.571, 12.287, -7.406], "minor_axis": [0.407, -0.536, 0.739], "nested_sses": [{"label": null, "chain_id": "A", "start": 59, "end": 61, "type": "m", "sheet_id": -7, "comment": "A_CNcCN_CNcCNcCN_"}]},
      {"label": "E6", "chain_id": "A", "start": 65, "end": 75, "type": "E", "sheet_id": 2, "start_vector": [10.324, 17.985, -7.898], "end_vector": [-16.682, 3.196, -1.111], "minor_axis": [0.343, -0.829, -0.442]},
      {"label": "H7", "chain_id": "A", "start": 79, "end": 81, "type": "G", "start_vector": [-16.789, -5.626, 2.909], "end_vector": [-11.153, -6.218, 2.873], "nested_sses": [{"label": null, "chain_id": "A", "start": 79, "end": 81, "type": "G"}]},
      {"label": "E8", "chain_id": "A", "start": 83, "end": 89, "type": "E", "sheet_id": 2, "start_vector": [-11.466, -5.04, -1.181], "end_vector": [-4.639, 13.482, -11.19], "minor_axis": [-0.126, 0.507, 0.853]},
      {"label": "E9", "chain_id": "A", "start": 95, "end": 104, "type": "E", "sheet_id": 2, "start_vector": [-7.43, 4.973, -15.23], "end_vector": [-3.803, -10.064, 6.989], "minor_axis": [0.163, -0.805, -0.571], "nested_sses": [{"label": null, "chain_id": "A", "start": 102, "end": 103, "type": "N", "sheet_id": -13, "comment": "A_NcCN_C_"}]},
      {"label": "E10", "chain_id": "A", "start": 109, "end": 116, "type": "E", "sheet_id": 2, "start_vector": [-0.107, -1.494, 9.946], "end_vector": [-1.547, -8.464, -15.087], "minor_axis": [0.956, 0.265, -0.129], "nested_sses": [{"label": null, "chain_id": "A", "start": 111, "end": 111, "type": "n", "sheet_id": -13, "comment": "A_C_NcCN_"}]},
      {"label": "E11", "chain_id": "A", "start": 123, "end": 124, "type": "E", "sheet_id": 1, "start_vector": [3.026, -13.399, -19.484], "end_vector": [2.94, -9.679, -14.848], "minor_axis": [0.607, -0.615, 0.504]},
      {"label": "E12", "chain_id": "A", "start": 125, "end": 132, "type": "E", "sheet_id": 2, "start_vector": [3.817, -9.265, -13.993], "end_vector": [2.902, 2.674, 9.086], "minor_axis": [0.925, 0.35, -0.145], "nested_sses": [{"label": null, "chain_id": "A", "start": 130, "end": 130, "type": "n", "sheet_id": -4, "comment": "A_C_NcCN_"}]},
      {"label": "H13", "chain_id": "A", "start": 139, "end": 151, "type": "H", "start_vector": [6.519, -4.317, 16.448], "end_vector": [4.442, -17.154, 1.306], "nested_sses": [{"label": null, "chain_id": "A", "start": 139, "end": 148, "type": "H"}]},
      {"label": "H14", "chain_id": "A", "start": 157, "end": 159, "type": "G", "start_vector": [10.781, -12.205, -1.492], "end_vector": [12.792, -7.378, -1.434], "nested_sses": [{"label": null, "chain_id": "A", "start": 157, "end": 159, "type": "G"}]},
      {"label": "E15", "chain_id": "A", "start": 161, "end": 162, "type": "E", "sheet_id": 2, "start_vector": [12.262, -3.867, -0.748], "end_vector": [12.882, 0.629, 2.294], "minor_axis": [0.95, -0.254, 0.182]}
    ],
    "beta_connectivity": [
      ["E0", "E11", -1],
      ["E2", "E4", -1],
      ["E2", "E12", -1],
      ["E2", "E15", -1],
      ["E4", "E5", -1],
      ["E5", "E6", -1],
      ["E6", "E8", -1],
      ["E8", "E9", -1],
      ["E9", "E10", -1],
      ["E10", "E12", -1]
    ],
    "hydrogen_bonds": [
      ["A", 3, "A", 1],
      ["A", 4, "A", 124],
      ["A", 5, "A", 3],
      ["A", 6, "A", 122],
      ["A", 14, "A", 101],
      ["A", 17, "A", 80],
      ["A", 19, "A", 17],
      ["A", 21, "A", 18],
      ["A", 22, "A", 19],
      ["A", 23, "A", 21],
      ["A", 24, "A", 47],
      ["A", 26, "A", 45],
      ["A", 27, "A", 132],
      ["A", 28, "A", 43],
      ["A", 29, "A", 27],
      ["A", 29, "A", 130],
      ["A", 30, "A", 130],
      ["A", 31, "A", 161],
      ["A", 32, "A", 128],
      ["A", 35, "A", 32],
      ["A", 36, "A", 32],
      ["A", 37, "A", 33],
      ["A", 38, "A", 34],
      ["A", 39, "A", 35],
      ["A", 40, "A", 36],
      ["A", 41, "A", 61],
      ["A", 44, "A", 59],
      ["A", 45, "A", 26],
      ["A", 46, "A", 57],
      ["A", 47, "A", 24],
      ["A", 47, "A", 45],
      ["A", 48, "A", 55],
      ["A", 50, "A", 53],
      ["A", 53, "A", 51],
      ["A", 54, "A", 73],
      ["A", 55, "A", 48],
      ["A", 56, "A", 71],
      ["A", 57, "A", 46],
      ["A", 58, "A", 69],
      ["A", 59, "A", 44],
      ["A", 59, "A", 57],
      ["A", 60, "A", 67],
      ["A", 61, "A", 41],
      ["A", 62, "A", 60],
      ["A", 62, "A", 65],
      ["A", 63, "A", 61],
      ["A", 65, "A", 62],
      ["A", 67, "A", 60],
      ["A", 69, "A", 58],
      ["A", 70, "A", 89],
      ["A", 71, "A", 56],
      ["A", 72, "A", 87],
      ["A", 73, "A", 54],
      ["A", 74, "A", 85],
      ["A", 76, "A", 83],
      ["A", 81, "A", 78],
      ["A", 82, "A", 79],
      ["A", 84, "A", 82],
      ["A", 84, "A", 99],
      ["A", 85, "A", 74],
      ["A", 85, "A", 83],
      ["A", 86, "A", 97],
      ["A", 87, "A", 72],
      ["A", 88, "A", 95],
      ["A", 89, "A", 70],
      ["A", 95, "A", 88],
      ["A", 97, "A", 86],
      ["A", 99, "A", 84],
      ["A", 100, "A", 113],
      ["A", 101, "A", 82],
      ["A", 102, "A", 100],
      ["A", 102, "A", 111],
      ["A", 103, "A", 111],
      ["A", 105, "A", 109],
      ["A", 110, "A", 131],
      ["A", 111, "A", 103],
      ["A", 112, "A", 110],
      ["A", 112, "A", 129],
      ["A", 113, "A", 100],
      ["A", 114, "A", 127],
      ["A", 116, "A", 125],
      ["A", 123, "A", 121],
      ["A", 124, "A", 4],
      ["A", 125, "A", 116],
      ["A", 127, "A", 114],
      ["A", 129, "A", 112],
      ["A", 130, "A", 30],
      ["A", 131, "A", 110],
      ["A", 132, "A", 27],
      ["A", 133, "A", 108],
      ["A", 141, "A", 138],
      ["A", 142, "A", 138],
      ["A", 143, "A", 139],
      ["A", 144, "A", 140],
      ["A", 145, "A", 141],
      ["A", 146, "A", 142],
      ["A", 147, "A", 143],
      ["A", 148, "A", 144],
      ["A", 149, "A", 145],
      ["A", 150, "A", 147],
      ["A", 151, "A", 147],
      ["A", 156, "A", 154],
      ["A", 157, "A", 155],
      ["A", 159, "A", 156],
      ["A", 160, "A", 156],
      ["A", 160, "A", 157],
      ["A", 161, "A", 31],
      ["A", 163, "A", 29],
      ["A", 171, "A", 167]
    ]
  }
}
