{
  "1kxo_A_01": {
    "secondary_structure_elements": [
      {
        "label": "E1",
        "chain_id": "A",
        "start": 4,
        "end": 5,
        "type": "E",
        "sheet_id": 1,
        "start_vector": [
          6.774,
          -12.139,
          -15.65
        ],
        "end_vector": [
          3.806,
          -16.202,
          -16.766
        ],
        "minor_axis": [
          0.782,
          -0.453,
          -0.429
        ],
        "domain": "1kxo_A_01",
        "color": "s293",
        "color_hex": "#00C1FF",
        "rainbow": "s131",
        "rainbow_hex": "#3600FF"
      },
      {
        "label": "H4",
        "chain_id": "A",
        "start": 19,
        "end": 22,
        "type": "G",
        "start_vector": [
          -11.741,
          -0.239,
          8.728
        ],
        "end_vector": [
          -6.848,
          6.106,
          9.353
        ],
        "nested_sses": [
          {
            "label": null,
            "chain_id": "A",
            "start": 19,
            "end": 21,
            "type": "G"
          }
        ],
        "domain": "1kxo_A_01",
        "color": "s173",
        "color_hex": "#0009FF",
        "rainbow": "s180",
        "rainbow_hex": "#0014FF"
      },
      {
        "label": "E5",
        "chain_id": "A",
        "start": 24,
        "end": 31,
        "type": "E",
        "sheet_id": 2,
        "start_vector": [
          -2.542,
          10.925,
          10.352
        ],
        "end_vector": [
          10.634,
          -2.133,
          -1.383
        ],
        "minor_axis": [
          0.667,
          0.004,
          0.745
        ],
        "nested_sses": [
          {
            "label": null,
            "chain_id": "A",
            "start": 29,
            "end": 30,
            "type": "N",
            "sheet_id": -4,
            "comment": "A_NcCN_C_"
          }
        ],
        "domain": "1kxo_A_01",
        "color": "s466",
        "color_hex": "#00FF34",
        "rainbow": "s233",
        "rainbow_hex": "#0065FF"
      },
      {
        "label": "H6",
        "chain_id": "A",
        "start": 33,
        "end": 39,
        "type": "H",
        "start_vector": [
          9.485,
          -3.077,
          -7.609
        ],
        "end_vector": [
          7.425,
          6.523,
          -9.176
        ],
        "nested_sses": [
          {
            "label": null,
            "chain_id": "A",
            "start": 33,
            "end": 39,
            "type": "H"
          }
        ],
        "domain": "1kxo_A_01",
        "color": "s759",
        "color_hex": "#FF7100",
        "rainbow": "s269",
        "rainbow_hex": "#009CFF"
      },
      {
        "label": "E8",
        "chain_id": "A",
        "start": 41,
        "end": 49,
        "type": "E",
        "sheet_id": 2,
        "start_vector": [
          11.202,
          7.824,
          -2.476
        ],
        "end_vector": [
          -11.842,
          11.524,
          7.569
        ],
        "minor_axis": [
          0.336,
          -0.318,
          0.887
        ],
        "nested_sses": [
          {
            "label": null,
            "chain_id": "A",
            "start": 41,
            "end": 44,
            "type": "M",
            "sheet_id": -7,
            "comment": "A_CNcCNcCN_CNcCN_"
          }
        ],
        "domain": "1kxo_A_01",
        "color": "s346",
        "color_hex": "#00FFEB",
        "rainbow": "s322",
        "rainbow_hex": "#00EDFF"
      },
      {
        "label": "E9",
        "chain_id": "A",
        "start": 54,
        "end": 62,
        "type": "E",
        "sheet_id": 2,
        "start_vector": [
          -11.022,
          10.042,
          3.415
        ],
        "end_vector": [
          11.571,
          12.287,
          -7.406
        ],
        "minor_axis": [
          0.407,
          -0.536,
          0.739
        ],
        "nested_sses": [
          {
            "label": null,
            "chain_id": "A",
            "start": 59,
            "end": 61,
            "type": "m",
            "sheet_id": -7,
            "comment": "A_CNcCN_CNcCNcCN_"
          }
        ],
        "domain": "1kxo_A_01",
        "color": "s639",
        "color_hex": "#D4FF00",
        "rainbow": "s377",
        "rainbow_hex": "#00FFBC"
      },
      {
        "label": "E10",
        "chain_id": "A",
        "start": 65,
        "end": 75,
        "type": "E",
        "sheet_id": 2,
        "start_vector": [
          10.324,
          17.985,
          -7.898
        ],
        "end_vector": [
          -16.682,
          3.196,
          -1.111
        ],
        "minor_axis": [
          0.343,
          -0.829,
          -0.442
        ],
        "domain": "1kxo_A_01",
        "color": "s933",
        "color_hex": "#FF0098",
        "rainbow": "s433",
        "rainbow_hex": "#00FF66"
      },
      {
        "label": "H11",
        "chain_id": "A",
        "start": 79,
        "end": 81,
        "type": "G",
        "start_vector": [
          -16.789,
          -5.626,
          2.909
        ],
        "end_vector": [
          -11.153,
          -6.218,
          2.873
        ],
        "nested_sses": [
          {
            "label": null,
            "chain_id": "A",
            "start": 79,
            "end": 81,
            "type": "G"
          }
        ],
        "domain": "1kxo_A_01",
        "color": "s226",
        "color_hex": "#005AFF",
        "rainbow": "s462",
        "rainbow_hex": "#00FF3A"
      },
      {
        "label": "E15",
        "chain_id": "A",
        "start": 83,
        "end": 89,
        "type": "E",
        "sheet_id": 2,
        "start_vector": [
          -11.466,
          -5.04,
          -1.181
        ],
        "end_vector": [
          -4.639,
          13.482,
          -11.19
        ],
        "minor_axis": [
          -0.126,
          0.507,
          0.853
        ],
        "domain": "1kxo_A_01",
        "color": "s399",
        "color_hex": "#00FF9A",
        "rainbow": "s505",
        "rainbow_hex": "#07FF00"
      },
      {
        "label": "E17",
        "chain_id": "A",
        "start": 95,
        "end": 104,
        "type": "E",
        "sheet_id": 2,
        "start_vector": [
          -7.43,
          4.973,
          -15.23
        ],
        "end_vector": [
          -3.803,
          -10.064,
          6.989
        ],
        "minor_axis": [
          0.163,
          -0.805,
          -0.571
        ],
        "nested_sses": [
          {
            "label": null,
            "chain_id": "A",
            "start": 102,
            "end": 103,
            "type": "N",
            "sheet_id": -13,
            "comment": "A_NcCN_C_"
          }
        ],
        "domain": "1kxo_A_01",
        "color": "s986",
        "color_hex": "#FF00E9",
        "rainbow": "s570",
        "rainbow_hex": "#6BFF00"
      },
      {
        "label": "E21",
        "chain_id": "A",
        "start": 109,
        "end": 116,
        "type": "E",
        "sheet_id": 2,
        "start_vector": [
          -0.107,
          -1.494,
          9.946
        ],
        "end_vector": [
          -1.547,
          -8.464,
          -15.087
        ],
        "minor_axis": [
          0.956,
          0.265,
          -0.129
        ],
        "nested_sses": [
          {
            "label": null,
            "chain_id": "A",
            "start": 111,
            "end": 111,
            "type": "n",
            "sheet_id": -13,
            "comment": "A_C_NcCN_"
          }
        ],
        "domain": "1kxo_A_01",
        "color": "s159",
        "color_hex": "#0B00FF",
        "rainbow": "s631",
        "rainbow_hex": "#C8FF00"
      },
      {
        "label": "E22",
        "chain_id": "A",
        "start": 123,
        "end": 124,
        "type": "E",
        "sheet_id": 1,
        "start_vector": [
          3.026,
          -13.399,
          -19.484
        ],
        "end_vector": [
          2.94,
          -9.679,
          -14.848
        ],
        "minor_axis": [
          0.607,
          -0.615,
          0.504
        ],
        "domain": "1kxo_A_01",
        "color": "s453",
        "color_hex": "#00FF47",
        "rainbow": "s661",
        "rainbow_hex": "#F6FF00"
      },
      {
        "label": "E23",
        "chain_id": "A",
        "start": 125,
        "end": 132,
        "type": "E",
        "sheet_id": 2,
        "start_vector": [
          3.817,
          -9.265,
          -13.993
        ],
        "end_vector": [
          2.902,
          2.674,
          9.086
        ],
        "minor_axis": [
          0.925,
          0.35,
          -0.145
        ],
        "nested_sses": [
          {
            "label": null,
            "chain_id": "A",
            "start": 130,
            "end": 130,
            "type": "n",
            "sheet_id": -4,
            "comment": "A_C_NcCN_"
          }
        ],
        "domain": "1kxo_A_01",
        "color": "s746",
        "color_hex": "#FF8500",
        "rainbow": "s690",
        "rainbow_hex": "#FFDB00"
      },
      {
        "label": "H24",
        "chain_id": "A",
        "start": 139,
        "end": 151,
        "type": "H",
        "start_vector": [
          6.519,
          -4.317,
          16.448
        ],
        "end_vector": [
          4.442,
          -17.154,
          1.306
        ],
        "nested_sses": [
          {
            "label": null,
            "chain_id": "A",
            "start": 139,
            "end": 148,
            "type": "H"
          }
        ],
        "domain": "1kxo_A_01",
        "color": "s039",
        "color_hex": "#C300FF",
        "rainbow": "s743",
        "rainbow_hex": "#FF8A00"
      },
      {
        "label": "H25",
        "chain_id": "A",
        "start": 157,
        "end": 159,
        "type": "G",
        "start_vector": [
          10.781,
          -12.205,
          -1.492
        ],
        "end_vector": [
          12.792,
          -7.378,
          -1.434
        ],
        "nested_sses": [
          {
            "label": null,
            "chain_id": "A",
            "start": 157,
            "end": 159,
            "type": "G"
          }
        ],
        "domain": "1kxo_A_01",
        "color": "s333",
        "color_hex": "#00FEFF",
        "rainbow": "s793",
        "rainbow_hex": "#FF3D00"
      },
      {
        "label": "E26",
        "chain_id": "A",
        "start": 161,
        "end": 162,
        "type": "E",
        "sheet_id": 2,
        "start_vector": [
          12.262,
          -3.867,
          -0.748
        ],
        "end_vector": [
          12.882,
          0.629,
          2.294
        ],
        "minor_axis": [
          0.95,
          -0.254,
          0.182
        ],
        "domain": "1kxo_A_01",
        "color": "s626",
        "color_hex": "#C0FF00",
        "rainbow": "s840",
        "rainbow_hex": "#FF000A"
      }
    ]
  }
}
