{
  "1n0s_A_01": {
    "secondary_structure_elements": [
      {
        "label": "E1",
        "chain_id": "A",
        "start": 2,
        "end": 5,
        "type": "E",
        "sheet_id": 1,
        "start_vector": [
          6.98,
          -4.491,
          -11.761
        ],
        "end_vector": [
          3.824,
          -14.6,
          -16.888
        ],
        "domain": "1n0s_A_01",
        "color": "s293",
        "color_hex": "#00C1FF",
        "rainbow": "s131",
        "rainbow_hex": "#3600FF"
      },
      {
        "label": "H4",
        "chain_id": "A",
        "start": 19,
        "end": 22,
        "type": "G",
        "start_vector": [
          -12.517,
          0.779,
          9.826
        ],
        "end_vector": [
          -7.556,
          6.161,
          9.23
        ],
        "nested_sses": [
          {
            "label": null,
            "chain_id": "A",
            "start": 19,
            "end": 21,
            "type": "G"
          }
        ],
        "domain": "1n0s_A_01",
        "color": "s173",
        "color_hex": "#0009FF",
        "rainbow": "s180",
        "rainbow_hex": "#0014FF"
      },
      {
        "label": "E5",
        "chain_id": "A",
        "start": 24,
        "end": 31,
        "type": "E",
        "sheet_id": 1,
        "start_vector": [
          -2.415,
          10.697,
          10.641
        ],
        "end_vector": [
          10.531,
          -1.767,
          -0.831
        ],
        "nested_sses": [
          {
            "label": null,
            "chain_id": "A",
            "start": 29,
            "end": 30,
            "type": "N",
            "sheet_id": -4,
            "comment": "A_NcCN_C_"
          }
        ],
        "domain": "1n0s_A_01",
        "color": "s466",
        "color_hex": "#00FF34",
        "rainbow": "s233",
        "rainbow_hex": "#0065FF"
      },
      {
        "label": "E8",
        "chain_id": "A",
        "start": 43,
        "end": 50,
        "type": "E",
        "sheet_id": 1,
        "start_vector": [
          9.117,
          8.117,
          2.95
        ],
        "end_vector": [
          -15.172,
          12.46,
          3.52
        ],
        "domain": "1n0s_A_01",
        "color": "s346",
        "color_hex": "#00FFEB",
        "rainbow": "s322",
        "rainbow_hex": "#00EDFF"
      },
      {
        "label": "E9",
        "chain_id": "A",
        "start": 53,
        "end": 62,
        "type": "E",
        "sheet_id": 1,
        "start_vector": [
          -15.498,
          8.735,
          2.114
        ],
        "end_vector": [
          14.219,
          12.24,
          -4.893
        ],
        "domain": "1n0s_A_01",
        "color": "s639",
        "color_hex": "#D4FF00",
        "rainbow": "s377",
        "rainbow_hex": "#00FFBC"
      },
      {
        "label": "E10",
        "chain_id": "A",
        "start": 65,
        "end": 75,
        "type": "E",
        "sheet_id": 1,
        "start_vector": [
          11.91,
          18.409,
          -6.808
        ],
        "end_vector": [
          -16.908,
          1.708,
          -2.507
        ],
        "domain": "1n0s_A_01",
        "color": "s933",
        "color_hex": "#FF0098",
        "rainbow": "s433",
        "rainbow_hex": "#00FF66"
      },
      {
        "label": "E15",
        "chain_id": "A",
        "start": 83,
        "end": 90,
        "type": "E",
        "sheet_id": 1,
        "start_vector": [
          -10.998,
          -5.134,
          0.197
        ],
        "end_vector": [
          -7.655,
          14.653,
          -15.44
        ],
        "domain": "1n0s_A_01",
        "color": "s399",
        "color_hex": "#00FF9A",
        "rainbow": "s505",
        "rainbow_hex": "#07FF00"
      },
      {
        "label": "E17",
        "chain_id": "A",
        "start": 93,
        "end": 104,
        "type": "E",
        "sheet_id": 1,
        "start_vector": [
          -10.541,
          8.086,
          -20.272
        ],
        "end_vector": [
          -3.532,
          -9.409,
          7.99
        ],
        "nested_sses": [
          {
            "label": null,
            "chain_id": "A",
            "start": 102,
            "end": 103,
            "type": "N",
            "sheet_id": -11,
            "comment": "A_NcCN_C_"
          }
        ],
        "domain": "1n0s_A_01",
        "color": "s986",
        "color_hex": "#FF00E9",
        "rainbow": "s570",
        "rainbow_hex": "#6BFF00"
      },
      {
        "label": "E21",
        "chain_id": "A",
        "start": 109,
        "end": 118,
        "type": "E",
        "sheet_id": 1,
        "start_vector": [
          -0.441,
          -1.903,
          11.149
        ],
        "end_vector": [
          -2.433,
          -7.594,
          -20.565
        ],
        "nested_sses": [
          {
            "label": null,
            "chain_id": "A",
            "start": 111,
            "end": 111,
            "type": "n",
            "sheet_id": -11,
            "comment": "A_C_NcCN_"
          }
        ],
        "domain": "1n0s_A_01",
        "color": "s159",
        "color_hex": "#0B00FF",
        "rainbow": "s631",
        "rainbow_hex": "#C8FF00"
      },
      {
        "label": "E23",
        "chain_id": "A",
        "start": 123,
        "end": 132,
        "type": "E",
        "sheet_id": 1,
        "start_vector": [
          1.599,
          -11.5,
          -19.765
        ],
        "end_vector": [
          3.697,
          3.08,
          9.544
        ],
        "nested_sses": [
          {
            "label": null,
            "chain_id": "A",
            "start": 130,
            "end": 130,
            "type": "n",
            "sheet_id": -4,
            "comment": "A_C_NcCN_"
          }
        ],
        "domain": "1n0s_A_01",
        "color": "s746",
        "color_hex": "#FF8500",
        "rainbow": "s690",
        "rainbow_hex": "#FFDB00"
      },
      {
        "label": "H24",
        "chain_id": "A",
        "start": 139,
        "end": 151,
        "type": "H",
        "start_vector": [
          6.469,
          -4.353,
          17.208
        ],
        "end_vector": [
          5.432,
          -15.964,
          2.169
        ],
        "nested_sses": [
          {
            "label": null,
            "chain_id": "A",
            "start": 139,
            "end": 151,
            "type": "H"
          }
        ],
        "domain": "1n0s_A_01",
        "color": "s039",
        "color_hex": "#C300FF",
        "rainbow": "s743",
        "rainbow_hex": "#FF8A00"
      },
      {
        "label": "H25",
        "chain_id": "A",
        "start": 157,
        "end": 159,
        "type": "G",
        "start_vector": [
          10.511,
          -11.775,
          -3.025
        ],
        "end_vector": [
          12.744,
          -6.889,
          -2.592
        ],
        "nested_sses": [
          {
            "label": null,
            "chain_id": "A",
            "start": 157,
            "end": 159,
            "type": "G"
          }
        ],
        "domain": "1n0s_A_01",
        "color": "s333",
        "color_hex": "#00FEFF",
        "rainbow": "s793",
        "rainbow_hex": "#FF3D00"
      },
      {
        "label": "E26",
        "chain_id": "A",
        "start": 161,
        "end": 162,
        "type": "E",
        "sheet_id": 1,
        "start_vector": [
          12.253,
          -3.392,
          -1.586
        ],
        "end_vector": [
          13.227,
          0.84,
          2.025
        ],
        "domain": "1n0s_A_01",
        "color": "s626",
        "color_hex": "#C0FF00",
        "rainbow": "s840",
        "rainbow_hex": "#FF000A"
      },
      {
        "label": "H27",
        "chain_id": "A",
        "start": 167,
        "end": 170,
        "type": "H",
        "start_vector": [
          19.308,
          10.313,
          4.614
        ],
        "end_vector": [
          16.304,
          13.384,
          -0.065
        ],
        "nested_sses": [
          {
            "label": null,
            "chain_id": "A",
            "start": 167,
            "end": 170,
            "type": "H"
          }
        ],
        "domain": "1n0s_A_01",
        "color": "s919",
        "color_hex": "#FF0083",
        "rainbow": "s869",
        "rainbow_hex": "#FF0036"
      }
    ]
  }
}
