{
    "1n0s_A_01": {
        "software": "SecStrAnnotator 2.2 [2020-07-01]",
        "args": "--onlyssa --verbose /server_data/overprot_data/jobs/Running/da312bcd-aca6-4264-8133-053ab50438ac/job_data/cif_cealign/ 1n0s_A_01,A",
        "found": 14,
        "secondary_structure_elements": [
            { "label": "E0", "chain_id": "A", "start": 2, "end": 5, "type": "E", "sheet_id": 1, "start_vector": [ 6.98, -4.491, -11.761 ], "end_vector": [ 3.824, -14.6, -16.888 ] },
            { "label": "G1", "chain_id": "A", "start": 19, "end": 22, "type": "G", "start_vector": [ -12.517, 0.779, 9.826 ], "end_vector": [ -7.556, 6.161, 9.23 ], "nested_sses": [ { "label": null, "chain_id": "A", "start": 19, "end": 21, "type": "G" } ] },
            { "label": "E2", "chain_id": "A", "start": 24, "end": 31, "type": "E", "sheet_id": 1, "start_vector": [ -2.415, 10.697, 10.641 ], "end_vector": [ 10.531, -1.767, -0.831 ], "nested_sses": [ { "label": null, "chain_id": "A", "start": 29, "end": 30, "type": "N", "sheet_id": -4, "comment": "A_NcCN_C_" } ] },
            { "label": "E3", "chain_id": "A", "start": 43, "end": 50, "type": "E", "sheet_id": 1, "start_vector": [ 9.117, 8.117, 2.95 ], "end_vector": [ -15.172, 12.46, 3.52 ] },
            { "label": "E4", "chain_id": "A", "start": 53, "end": 62, "type": "E", "sheet_id": 1, "start_vector": [ -15.498, 8.735, 2.114 ], "end_vector": [ 14.219, 12.24, -4.893 ] },
            { "label": "E5", "chain_id": "A", "start": 65, "end": 75, "type": "E", "sheet_id": 1, "start_vector": [ 11.91, 18.409, -6.808 ], "end_vector": [ -16.908, 1.708, -2.507 ] },
            { "label": "E6", "chain_id": "A", "start": 83, "end": 90, "type": "E", "sheet_id": 1, "start_vector": [ -10.998, -5.134, 0.197 ], "end_vector": [ -7.655, 14.653, -15.44 ] },
            { "label": "E7", "chain_id": "A", "start": 93, "end": 104, "type": "E", "sheet_id": 1, "start_vector": [ -10.541, 8.086, -20.272 ], "end_vector": [ -3.532, -9.409, 7.99 ], "nested_sses": [ { "label": null, "chain_id": "A", "start": 102, "end": 103, "type": "N", "sheet_id": -11, "comment": "A_NcCN_C_" } ] },
            { "label": "E8", "chain_id": "A", "start": 109, "end": 118, "type": "E", "sheet_id": 1, "start_vector": [ -0.441, -1.903, 11.149 ], "end_vector": [ -2.433, -7.594, -20.565 ], "nested_sses": [ { "label": null, "chain_id": "A", "start": 111, "end": 111, "type": "n", "sheet_id": -11, "comment": "A_C_NcCN_" } ] },
            { "label": "E9", "chain_id": "A", "start": 123, "end": 132, "type": "E", "sheet_id": 1, "start_vector": [ 1.599, -11.5, -19.765 ], "end_vector": [ 3.697, 3.08, 9.544 ], "nested_sses": [ { "label": null, "chain_id": "A", "start": 130, "end": 130, "type": "n", "sheet_id": -4, "comment": "A_C_NcCN_" } ] },
            { "label": "H10", "chain_id": "A", "start": 139, "end": 151, "type": "H", "start_vector": [ 6.469, -4.353, 17.208 ], "end_vector": [ 5.432, -15.964, 2.169 ], "nested_sses": [ { "label": null, "chain_id": "A", "start": 139, "end": 151, "type": "H" } ] },
            { "label": "G11", "chain_id": "A", "start": 157, "end": 159, "type": "G", "start_vector": [ 10.511, -11.775, -3.025 ], "end_vector": [ 12.744, -6.889, -2.592 ], "nested_sses": [ { "label": null, "chain_id": "A", "start": 157, "end": 159, "type": "G" } ] },
            { "label": "E12", "chain_id": "A", "start": 161, "end": 162, "type": "E", "sheet_id": 1, "start_vector": [ 12.253, -3.392, -1.586 ], "end_vector": [ 13.227, 0.84, 2.025 ] },
            { "label": "H13", "chain_id": "A", "start": 167, "end": 170, "type": "H", "start_vector": [ 19.308, 10.313, 4.614 ], "end_vector": [ 16.304, 13.384, -0.065 ], "nested_sses": [ { "label": null, "chain_id": "A", "start": 167, "end": 170, "type": "H" } ] }
        ],
        "beta_connectivity": [
            [ "E0", "E9", -1 ],
            [ "E2", "E3", -1 ],
            [ "E2", "E9", -1 ],
            [ "E2", "E12", -1 ],
            [ "E3", "E4", -1 ],
            [ "E4", "E5", -1 ],
            [ "E5", "E6", -1 ],
            [ "E6", "E7", -1 ],
            [ "E7", "E8", -1 ],
            [ "E8", "E9", -1 ]
        ],
        "hydrogen_bonds": [
            [ "A", 2, "A", 126 ],
            [ "A", 4, "A", 124 ],
            [ "A", 6, "A", 122 ],
            [ "A", 14, "A", 101 ],
            [ "A", 17, "A", 80 ],
            [ "A", 19, "A", 17 ],
            [ "A", 21, "A", 18 ],
            [ "A", 22, "A", 19 ],
            [ "A", 23, "A", 21 ],
            [ "A", 24, "A", 47 ],
            [ "A", 26, "A", 45 ],
            [ "A", 27, "A", 132 ],
            [ "A", 28, "A", 43 ],
            [ "A", 29, "A", 27 ],
            [ "A", 29, "A", 130 ],
            [ "A", 30, "A", 130 ],
            [ "A", 31, "A", 161 ],
            [ "A", 32, "A", 128 ],
            [ "A", 37, "A", 34 ],
            [ "A", 38, "A", 35 ],
            [ "A", 39, "A", 37 ],
            [ "A", 41, "A", 61 ],
            [ "A", 44, "A", 59 ],
            [ "A", 45, "A", 26 ],
            [ "A", 46, "A", 57 ],
            [ "A", 47, "A", 24 ],
            [ "A", 48, "A", 55 ],
            [ "A", 50, "A", 53 ],
            [ "A", 53, "A", 50 ],
            [ "A", 54, "A", 73 ],
            [ "A", 55, "A", 48 ],
            [ "A", 56, "A", 71 ],
            [ "A", 57, "A", 46 ],
            [ "A", 57, "A", 55 ],
            [ "A", 58, "A", 56 ],
            [ "A", 58, "A", 69 ],
            [ "A", 59, "A", 44 ],
            [ "A", 60, "A", 67 ],
            [ "A", 61, "A", 42 ],
            [ "A", 62, "A", 60 ],
            [ "A", 62, "A", 65 ],
            [ "A", 65, "A", 62 ],
            [ "A", 67, "A", 60 ],
            [ "A", 69, "A", 58 ],
            [ "A", 71, "A", 56 ],
            [ "A", 72, "A", 87 ],
            [ "A", 73, "A", 54 ],
            [ "A", 74, "A", 85 ],
            [ "A", 76, "A", 83 ],
            [ "A", 77, "A", 83 ],
            [ "A", 81, "A", 78 ],
            [ "A", 82, "A", 14 ],
            [ "A", 82, "A", 80 ],
            [ "A", 83, "A", 81 ],
            [ "A", 84, "A", 99 ],
            [ "A", 85, "A", 74 ],
            [ "A", 86, "A", 97 ],
            [ "A", 87, "A", 72 ],
            [ "A", 88, "A", 95 ],
            [ "A", 90, "A", 93 ],
            [ "A", 93, "A", 90 ],
            [ "A", 94, "A", 92 ],
            [ "A", 95, "A", 88 ],
            [ "A", 97, "A", 86 ],
            [ "A", 99, "A", 84 ],
            [ "A", 100, "A", 113 ],
            [ "A", 101, "A", 82 ],
            [ "A", 102, "A", 100 ],
            [ "A", 102, "A", 111 ],
            [ "A", 103, "A", 111 ],
            [ "A", 105, "A", 109 ],
            [ "A", 106, "A", 109 ],
            [ "A", 110, "A", 131 ],
            [ "A", 111, "A", 103 ],
            [ "A", 112, "A", 110 ],
            [ "A", 112, "A", 129 ],
            [ "A", 113, "A", 100 ],
            [ "A", 114, "A", 127 ],
            [ "A", 115, "A", 98 ],
            [ "A", 116, "A", 125 ],
            [ "A", 118, "A", 123 ],
            [ "A", 119, "A", 117 ],
            [ "A", 123, "A", 118 ],
            [ "A", 123, "A", 121 ],
            [ "A", 124, "A", 4 ],
            [ "A", 125, "A", 116 ],
            [ "A", 126, "A", 2 ],
            [ "A", 126, "A", 124 ],
            [ "A", 127, "A", 114 ],
            [ "A", 129, "A", 112 ],
            [ "A", 130, "A", 30 ],
            [ "A", 131, "A", 110 ],
            [ "A", 132, "A", 27 ],
            [ "A", 133, "A", 108 ],
            [ "A", 141, "A", 138 ],
            [ "A", 142, "A", 138 ],
            [ "A", 143, "A", 139 ],
            [ "A", 144, "A", 140 ],
            [ "A", 145, "A", 141 ],
            [ "A", 146, "A", 142 ],
            [ "A", 147, "A", 143 ],
            [ "A", 148, "A", 144 ],
            [ "A", 149, "A", 145 ],
            [ "A", 150, "A", 146 ],
            [ "A", 150, "A", 147 ],
            [ "A", 151, "A", 147 ],
            [ "A", 152, "A", 148 ],
            [ "A", 157, "A", 155 ],
            [ "A", 159, "A", 156 ],
            [ "A", 160, "A", 157 ],
            [ "A", 161, "A", 31 ],
            [ "A", 162, "A", 160 ],
            [ "A", 163, "A", 29 ],
            [ "A", 164, "A", 41 ],
            [ "A", 165, "A", 41 ],
            [ "A", 170, "A", 166 ],
            [ "A", 171, "A", 167 ],
            [ "A", 171, "A", 168 ],
            [ "A", 173, "A", 64 ]
        ]
    }
}
