{
  "1qwd_A_01": {
    "secondary_structure_elements": [
      {
        "label": "E1",
        "chain_id": "A",
        "start": 11,
        "end": 11,
        "type": "B",
        "sheet_id": 1,
        "start_vector": [
          -2.862,
          -10.476,
          13.744
        ],
        "end_vector": [
          -4.777,
          -10.107,
          12.291
        ],
        "domain": "1qwd_A_01",
        "color": "s293",
        "color_hex": "#00C1FF",
        "rainbow": "s131",
        "rainbow_hex": "#3600FF"
      },
      {
        "label": "E2",
        "chain_id": "A",
        "start": 14,
        "end": 17,
        "type": "E",
        "sheet_id": 2,
        "start_vector": [
          -8.854,
          -13.57,
          7.466
        ],
        "end_vector": [
          -10.877,
          -14.23,
          -3.784
        ],
        "domain": "1qwd_A_01",
        "color": "s586",
        "color_hex": "#83FF00",
        "rainbow": "s147",
        "rainbow_hex": "#1E00FF"
      },
      {
        "label": "E3",
        "chain_id": "A",
        "start": 28,
        "end": 31,
        "type": "E",
        "sheet_id": 2,
        "start_vector": [
          -5.554,
          -14.084,
          -2.937
        ],
        "end_vector": [
          -9.929,
          -8.613,
          5.422
        ],
        "domain": "1qwd_A_01",
        "color": "s879",
        "color_hex": "#FF0045",
        "rainbow": "s152",
        "rainbow_hex": "#1600FF"
      },
      {
        "label": "H4",
        "chain_id": "A",
        "start": 36,
        "end": 39,
        "type": "h",
        "start_vector": [
          -12.874,
          1.554,
          9.411
        ],
        "end_vector": [
          -7.073,
          5.176,
          9.537
        ],
        "nested_sses": [
          {
            "label": null,
            "chain_id": "A",
            "start": 36,
            "end": 39,
            "type": "G"
          },
          {
            "label": null,
            "chain_id": "A",
            "start": 36,
            "end": 39,
            "type": "H"
          }
        ],
        "domain": "1qwd_A_01",
        "color": "s173",
        "color_hex": "#0009FF",
        "rainbow": "s180",
        "rainbow_hex": "#0014FF"
      },
      {
        "label": "E5",
        "chain_id": "A",
        "start": 41,
        "end": 48,
        "type": "E",
        "sheet_id": 1,
        "start_vector": [
          -2.612,
          9.463,
          10.073
        ],
        "end_vector": [
          10.391,
          -1.832,
          -1.7
        ],
        "nested_sses": [
          {
            "label": null,
            "chain_id": "A",
            "start": 46,
            "end": 47,
            "type": "N",
            "sheet_id": -5,
            "comment": "A_NcCN_C_"
          }
        ],
        "domain": "1qwd_A_01",
        "color": "s466",
        "color_hex": "#00FF34",
        "rainbow": "s233",
        "rainbow_hex": "#0065FF"
      },
      {
        "label": "H6",
        "chain_id": "A",
        "start": 52,
        "end": 54,
        "type": "G",
        "start_vector": [
          5.032,
          2.158,
          -10.698
        ],
        "end_vector": [
          7.897,
          6.207,
          -10.052
        ],
        "nested_sses": [
          {
            "label": null,
            "chain_id": "A",
            "start": 52,
            "end": 54,
            "type": "G"
          }
        ],
        "domain": "1qwd_A_01",
        "color": "s759",
        "color_hex": "#FF7100",
        "rainbow": "s269",
        "rainbow_hex": "#009CFF"
      },
      {
        "label": "E8",
        "chain_id": "A",
        "start": 58,
        "end": 66,
        "type": "E",
        "sheet_id": 1,
        "start_vector": [
          12.42,
          7.775,
          -0.745
        ],
        "end_vector": [
          -12.942,
          10.338,
          5.576
        ],
        "nested_sses": [
          {
            "label": null,
            "chain_id": "A",
            "start": 58,
            "end": 61,
            "type": "M",
            "sheet_id": -8,
            "comment": "A_CNcCNcCN_CNcCN_"
          }
        ],
        "domain": "1qwd_A_01",
        "color": "s346",
        "color_hex": "#00FFEB",
        "rainbow": "s322",
        "rainbow_hex": "#00EDFF"
      },
      {
        "label": "E9",
        "chain_id": "A",
        "start": 72,
        "end": 80,
        "type": "E",
        "sheet_id": 1,
        "start_vector": [
          -12.182,
          9.066,
          0.838
        ],
        "end_vector": [
          14.747,
          13.375,
          -3.999
        ],
        "nested_sses": [
          {
            "label": null,
            "chain_id": "A",
            "start": 77,
            "end": 79,
            "type": "m",
            "sheet_id": -8,
            "comment": "A_CNcCN_CNcCNcCN_"
          }
        ],
        "domain": "1qwd_A_01",
        "color": "s639",
        "color_hex": "#D4FF00",
        "rainbow": "s377",
        "rainbow_hex": "#00FFBC"
      },
      {
        "label": "E10",
        "chain_id": "A",
        "start": 85,
        "end": 95,
        "type": "E",
        "sheet_id": 1,
        "start_vector": [
          12.392,
          20.069,
          -4.84
        ],
        "end_vector": [
          -16.708,
          2.167,
          -3.811
        ],
        "domain": "1qwd_A_01",
        "color": "s933",
        "color_hex": "#FF0098",
        "rainbow": "s433",
        "rainbow_hex": "#00FF66"
      },
      {
        "label": "E15",
        "chain_id": "A",
        "start": 103,
        "end": 109,
        "type": "E",
        "sheet_id": 1,
        "start_vector": [
          -12.185,
          -3.75,
          -0.604
        ],
        "end_vector": [
          -2.541,
          8.841,
          -12.068
        ],
        "nested_sses": [
          {
            "label": null,
            "chain_id": "A",
            "start": 108,
            "end": 109,
            "type": "N",
            "sheet_id": -13,
            "comment": "A_NcCN_C_"
          }
        ],
        "domain": "1qwd_A_01",
        "color": "s399",
        "color_hex": "#00FF9A",
        "rainbow": "s505",
        "rainbow_hex": "#07FF00"
      },
      {
        "label": "E17",
        "chain_id": "A",
        "start": 112,
        "end": 122,
        "type": "E",
        "sheet_id": 1,
        "start_vector": [
          -7.049,
          3.116,
          -15.501
        ],
        "end_vector": [
          -3.509,
          -9.218,
          11.08
        ],
        "nested_sses": [
          {
            "label": null,
            "chain_id": "A",
            "start": 112,
            "end": 112,
            "type": "n",
            "sheet_id": -13,
            "comment": "A_C_NcCN_"
          },
          {
            "label": null,
            "chain_id": "A",
            "start": 119,
            "end": 120,
            "type": "N",
            "sheet_id": -16,
            "comment": "A_NcCN_C_"
          }
        ],
        "domain": "1qwd_A_01",
        "color": "s986",
        "color_hex": "#FF00E9",
        "rainbow": "s570",
        "rainbow_hex": "#6BFF00"
      },
      {
        "label": "E21",
        "chain_id": "A",
        "start": 127,
        "end": 131,
        "type": "E",
        "sheet_id": 1,
        "start_vector": [
          0.97,
          -2.309,
          10.931
        ],
        "end_vector": [
          -1.431,
          -5.721,
          -4.174
        ],
        "nested_sses": [
          {
            "label": null,
            "chain_id": "A",
            "start": 129,
            "end": 129,
            "type": "n",
            "sheet_id": -16,
            "comment": "A_C_NcCN_"
          }
        ],
        "domain": "1qwd_A_01",
        "color": "s159",
        "color_hex": "#0B00FF",
        "rainbow": "s631",
        "rainbow_hex": "#C8FF00"
      },
      {
        "label": "E23",
        "chain_id": "A",
        "start": 138,
        "end": 142,
        "type": "E",
        "sheet_id": 1,
        "start_vector": [
          3.397,
          -5.126,
          -4.785
        ],
        "end_vector": [
          3.579,
          1.882,
          9.35
        ],
        "nested_sses": [
          {
            "label": null,
            "chain_id": "A",
            "start": 140,
            "end": 140,
            "type": "n",
            "sheet_id": -5,
            "comment": "A_C_NcCN_"
          }
        ],
        "domain": "1qwd_A_01",
        "color": "s746",
        "color_hex": "#FF8500",
        "rainbow": "s690",
        "rainbow_hex": "#FFDB00"
      },
      {
        "label": "H24",
        "chain_id": "A",
        "start": 149,
        "end": 162,
        "type": "H",
        "start_vector": [
          10.696,
          -6.303,
          13.901
        ],
        "end_vector": [
          1.527,
          -16.88,
          -2.223
        ],
        "nested_sses": [
          {
            "label": null,
            "chain_id": "A",
            "start": 149,
            "end": 161,
            "type": "H"
          }
        ],
        "domain": "1qwd_A_01",
        "color": "s039",
        "color_hex": "#C300FF",
        "rainbow": "s743",
        "rainbow_hex": "#FF8A00"
      },
      {
        "label": "H25",
        "chain_id": "A",
        "start": 166,
        "end": 168,
        "type": "G",
        "start_vector": [
          9.965,
          -12.077,
          -4.092
        ],
        "end_vector": [
          12.017,
          -6.919,
          -3.653
        ],
        "nested_sses": [
          {
            "label": null,
            "chain_id": "A",
            "start": 166,
            "end": 168,
            "type": "G"
          }
        ],
        "domain": "1qwd_A_01",
        "color": "s333",
        "color_hex": "#00FEFF",
        "rainbow": "s793",
        "rainbow_hex": "#FF3D00"
      },
      {
        "label": "E26",
        "chain_id": "A",
        "start": 170,
        "end": 171,
        "type": "E",
        "sheet_id": 1,
        "start_vector": [
          11.973,
          -3.546,
          -2.62
        ],
        "end_vector": [
          12.949,
          0.718,
          0.474
        ],
        "domain": "1qwd_A_01",
        "color": "s626",
        "color_hex": "#C0FF00",
        "rainbow": "s840",
        "rainbow_hex": "#FF000A"
      }
    ]
  }
}
