{
    "1qwd_A_01": {
        "software": "SecStrAnnotator 2.2 [2020-07-01]",
        "args": "--onlyssa --verbose /server_data/overprot_data/jobs/Running/da312bcd-aca6-4264-8133-053ab50438ac/job_data/cif_cealign/ 1qwd_A_01,A",
        "found": 16,
        "secondary_structure_elements": [
            { "label": "B0", "chain_id": "A", "start": 11, "end": 11, "type": "B", "sheet_id": 1, "start_vector": [ -2.862, -10.476, 13.744 ], "end_vector": [ -4.777, -10.107, 12.291 ] },
            { "label": "E1", "chain_id": "A", "start": 14, "end": 17, "type": "E", "sheet_id": 2, "start_vector": [ -8.854, -13.57, 7.466 ], "end_vector": [ -10.877, -14.23, -3.784 ] },
            { "label": "E2", "chain_id": "A", "start": 28, "end": 31, "type": "E", "sheet_id": 2, "start_vector": [ -5.554, -14.084, -2.937 ], "end_vector": [ -9.929, -8.613, 5.422 ] },
            { "label": "h3", "chain_id": "A", "start": 36, "end": 39, "type": "h", "start_vector": [ -12.874, 1.554, 9.411 ], "end_vector": [ -7.073, 5.176, 9.537 ], "nested_sses": [ { "label": null, "chain_id": "A", "start": 36, "end": 39, "type": "G" }, { "label": null, "chain_id": "A", "start": 36, "end": 39, "type": "H" } ] },
            { "label": "E4", "chain_id": "A", "start": 41, "end": 48, "type": "E", "sheet_id": 1, "start_vector": [ -2.612, 9.463, 10.073 ], "end_vector": [ 10.391, -1.832, -1.7 ], "nested_sses": [ { "label": null, "chain_id": "A", "start": 46, "end": 47, "type": "N", "sheet_id": -5, "comment": "A_NcCN_C_" } ] },
            { "label": "G5", "chain_id": "A", "start": 52, "end": 54, "type": "G", "start_vector": [ 5.032, 2.158, -10.698 ], "end_vector": [ 7.897, 6.207, -10.052 ], "nested_sses": [ { "label": null, "chain_id": "A", "start": 52, "end": 54, "type": "G" } ] },
            { "label": "E6", "chain_id": "A", "start": 58, "end": 66, "type": "E", "sheet_id": 1, "start_vector": [ 12.42, 7.775, -0.745 ], "end_vector": [ -12.942, 10.338, 5.576 ], "nested_sses": [ { "label": null, "chain_id": "A", "start": 58, "end": 61, "type": "M", "sheet_id": -8, "comment": "A_CNcCNcCN_CNcCN_" } ] },
            { "label": "E7", "chain_id": "A", "start": 72, "end": 80, "type": "E", "sheet_id": 1, "start_vector": [ -12.182, 9.066, 0.838 ], "end_vector": [ 14.747, 13.375, -3.999 ], "nested_sses": [ { "label": null, "chain_id": "A", "start": 77, "end": 79, "type": "m", "sheet_id": -8, "comment": "A_CNcCN_CNcCNcCN_" } ] },
            { "label": "E8", "chain_id": "A", "start": 85, "end": 95, "type": "E", "sheet_id": 1, "start_vector": [ 12.392, 20.069, -4.84 ], "end_vector": [ -16.708, 2.167, -3.811 ] },
            { "label": "E9", "chain_id": "A", "start": 103, "end": 109, "type": "E", "sheet_id": 1, "start_vector": [ -12.185, -3.75, -0.604 ], "end_vector": [ -2.541, 8.841, -12.068 ], "nested_sses": [ { "label": null, "chain_id": "A", "start": 108, "end": 109, "type": "N", "sheet_id": -13, "comment": "A_NcCN_C_" } ] },
            { "label": "E10", "chain_id": "A", "start": 112, "end": 122, "type": "E", "sheet_id": 1, "start_vector": [ -7.049, 3.116, -15.501 ], "end_vector": [ -3.509, -9.218, 11.08 ], "nested_sses": [ { "label": null, "chain_id": "A", "start": 112, "end": 112, "type": "n", "sheet_id": -13, "comment": "A_C_NcCN_" }, { "label": null, "chain_id": "A", "start": 119, "end": 120, "type": "N", "sheet_id": -16, "comment": "A_NcCN_C_" } ] },
            { "label": "E11", "chain_id": "A", "start": 127, "end": 131, "type": "E", "sheet_id": 1, "start_vector": [ 0.97, -2.309, 10.931 ], "end_vector": [ -1.431, -5.721, -4.174 ], "nested_sses": [ { "label": null, "chain_id": "A", "start": 129, "end": 129, "type": "n", "sheet_id": -16, "comment": "A_C_NcCN_" } ] },
            { "label": "E12", "chain_id": "A", "start": 138, "end": 142, "type": "E", "sheet_id": 1, "start_vector": [ 3.397, -5.126, -4.785 ], "end_vector": [ 3.579, 1.882, 9.35 ], "nested_sses": [ { "label": null, "chain_id": "A", "start": 140, "end": 140, "type": "n", "sheet_id": -5, "comment": "A_C_NcCN_" } ] },
            { "label": "H13", "chain_id": "A", "start": 149, "end": 162, "type": "H", "start_vector": [ 10.696, -6.303, 13.901 ], "end_vector": [ 1.527, -16.88, -2.223 ], "nested_sses": [ { "label": null, "chain_id": "A", "start": 149, "end": 161, "type": "H" } ] },
            { "label": "G14", "chain_id": "A", "start": 166, "end": 168, "type": "G", "start_vector": [ 9.965, -12.077, -4.092 ], "end_vector": [ 12.017, -6.919, -3.653 ], "nested_sses": [ { "label": null, "chain_id": "A", "start": 166, "end": 168, "type": "G" } ] },
            { "label": "E15", "chain_id": "A", "start": 170, "end": 171, "type": "E", "sheet_id": 1, "start_vector": [ 11.973, -3.546, -2.62 ], "end_vector": [ 12.949, 0.718, 0.474 ] }
        ],
        "beta_connectivity": [
            [ "B0", "E10", -1 ],
            [ "E1", "E2", -1 ],
            [ "E4", "E6", -1 ],
            [ "E4", "E12", -1 ],
            [ "E4", "E15", -1 ],
            [ "E6", "E7", -1 ],
            [ "E7", "E8", -1 ],
            [ "E8", "E9", -1 ],
            [ "E9", "E10", -1 ],
            [ "E10", "E11", -1 ],
            [ "E11", "E12", -1 ]
        ],
        "hydrogen_bonds": [
            [ "A", 12, "A", 121 ],
            [ "A", 15, "A", 30 ],
            [ "A", 17, "A", 28 ],
            [ "A", 22, "A", 19 ],
            [ "A", 23, "A", 19 ],
            [ "A", 27, "A", 24 ],
            [ "A", 28, "A", 17 ],
            [ "A", 30, "A", 15 ],
            [ "A", 30, "A", 28 ],
            [ "A", 31, "A", 118 ],
            [ "A", 32, "A", 13 ],
            [ "A", 33, "A", 13 ],
            [ "A", 34, "A", 100 ],
            [ "A", 38, "A", 35 ],
            [ "A", 39, "A", 35 ],
            [ "A", 39, "A", 36 ],
            [ "A", 40, "A", 36 ],
            [ "A", 40, "A", 37 ],
            [ "A", 41, "A", 64 ],
            [ "A", 43, "A", 62 ],
            [ "A", 44, "A", 142 ],
            [ "A", 45, "A", 60 ],
            [ "A", 46, "A", 44 ],
            [ "A", 46, "A", 140 ],
            [ "A", 47, "A", 140 ],
            [ "A", 48, "A", 170 ],
            [ "A", 49, "A", 138 ],
            [ "A", 51, "A", 49 ],
            [ "A", 54, "A", 51 ],
            [ "A", 55, "A", 52 ],
            [ "A", 57, "A", 54 ],
            [ "A", 58, "A", 79 ],
            [ "A", 59, "A", 173 ],
            [ "A", 61, "A", 77 ],
            [ "A", 62, "A", 43 ],
            [ "A", 63, "A", 75 ],
            [ "A", 64, "A", 41 ],
            [ "A", 65, "A", 73 ],
            [ "A", 67, "A", 71 ],
            [ "A", 70, "A", 67 ],
            [ "A", 72, "A", 93 ],
            [ "A", 73, "A", 65 ],
            [ "A", 74, "A", 91 ],
            [ "A", 75, "A", 63 ],
            [ "A", 76, "A", 74 ],
            [ "A", 76, "A", 89 ],
            [ "A", 77, "A", 61 ],
            [ "A", 78, "A", 87 ],
            [ "A", 79, "A", 58 ],
            [ "A", 80, "A", 85 ],
            [ "A", 83, "A", 80 ],
            [ "A", 84, "A", 80 ],
            [ "A", 85, "A", 80 ],
            [ "A", 87, "A", 78 ],
            [ "A", 89, "A", 76 ],
            [ "A", 91, "A", 74 ],
            [ "A", 93, "A", 72 ],
            [ "A", 94, "A", 105 ],
            [ "A", 96, "A", 103 ],
            [ "A", 97, "A", 103 ],
            [ "A", 101, "A", 98 ],
            [ "A", 102, "A", 31 ],
            [ "A", 102, "A", 100 ],
            [ "A", 103, "A", 101 ],
            [ "A", 104, "A", 116 ],
            [ "A", 105, "A", 94 ],
            [ "A", 106, "A", 114 ],
            [ "A", 107, "A", 92 ],
            [ "A", 108, "A", 106 ],
            [ "A", 108, "A", 112 ],
            [ "A", 109, "A", 112 ],
            [ "A", 112, "A", 109 ],
            [ "A", 113, "A", 111 ],
            [ "A", 114, "A", 106 ],
            [ "A", 116, "A", 104 ],
            [ "A", 117, "A", 131 ],
            [ "A", 118, "A", 102 ],
            [ "A", 119, "A", 117 ],
            [ "A", 119, "A", 129 ],
            [ "A", 120, "A", 129 ],
            [ "A", 122, "A", 127 ],
            [ "A", 123, "A", 10 ],
            [ "A", 125, "A", 122 ],
            [ "A", 128, "A", 141 ],
            [ "A", 129, "A", 120 ],
            [ "A", 130, "A", 139 ],
            [ "A", 131, "A", 117 ],
            [ "A", 132, "A", 134 ],
            [ "A", 132, "A", 137 ],
            [ "A", 137, "A", 134 ],
            [ "A", 139, "A", 130 ],
            [ "A", 140, "A", 47 ],
            [ "A", 141, "A", 128 ],
            [ "A", 142, "A", 44 ],
            [ "A", 143, "A", 126 ],
            [ "A", 152, "A", 148 ],
            [ "A", 153, "A", 149 ],
            [ "A", 154, "A", 150 ],
            [ "A", 155, "A", 151 ],
            [ "A", 156, "A", 152 ],
            [ "A", 157, "A", 153 ],
            [ "A", 158, "A", 154 ],
            [ "A", 159, "A", 155 ],
            [ "A", 160, "A", 156 ],
            [ "A", 161, "A", 157 ],
            [ "A", 162, "A", 158 ],
            [ "A", 163, "A", 160 ],
            [ "A", 164, "A", 159 ],
            [ "A", 166, "A", 164 ],
            [ "A", 168, "A", 165 ],
            [ "A", 169, "A", 166 ],
            [ "A", 170, "A", 48 ],
            [ "A", 171, "A", 169 ],
            [ "A", 172, "A", 46 ],
            [ "A", 172, "A", 170 ]
        ]
    }
}
