{
  "1t0v_A_01": {
    "secondary_structure_elements": [
      {
        "label": "E1",
        "chain_id": "A",
        "start": 3,
        "end": 4,
        "type": "E",
        "sheet_id": 1,
        "start_vector": [
          6.346,
          -10.407,
          -13.476
        ],
        "end_vector": [
          1.8,
          -13.817,
          -15.366
        ],
        "domain": "1t0v_A_01",
        "color": "s293",
        "color_hex": "#00C1FF",
        "rainbow": "s131",
        "rainbow_hex": "#3600FF"
      },
      {
        "label": "E5",
        "chain_id": "A",
        "start": 27,
        "end": 28,
        "type": "E",
        "sheet_id": 2,
        "start_vector": [
          3.941,
          5.991,
          5.823
        ],
        "end_vector": [
          7.256,
          2.343,
          3.902
        ],
        "domain": "1t0v_A_01",
        "color": "s466",
        "color_hex": "#00FF34",
        "rainbow": "s233",
        "rainbow_hex": "#0065FF"
      },
      {
        "label": "E8",
        "chain_id": "A",
        "start": 46,
        "end": 49,
        "type": "E",
        "sheet_id": 3,
        "start_vector": [
          -1.913,
          11.361,
          4.708
        ],
        "end_vector": [
          -13.841,
          10.385,
          4.66
        ],
        "domain": "1t0v_A_01",
        "color": "s346",
        "color_hex": "#00FFEB",
        "rainbow": "s322",
        "rainbow_hex": "#00EDFF"
      },
      {
        "label": "E9",
        "chain_id": "A",
        "start": 54,
        "end": 61,
        "type": "E",
        "sheet_id": 3,
        "start_vector": [
          -12.402,
          8.716,
          1.86
        ],
        "end_vector": [
          10.787,
          14.384,
          -4.007
        ],
        "domain": "1t0v_A_01",
        "color": "s639",
        "color_hex": "#D4FF00",
        "rainbow": "s377",
        "rainbow_hex": "#00FFBC"
      },
      {
        "label": "E10",
        "chain_id": "A",
        "start": 66,
        "end": 70,
        "type": "E",
        "sheet_id": 3,
        "start_vector": [
          10.345,
          15.949,
          -7.611
        ],
        "end_vector": [
          -4.303,
          9.948,
          -5.12
        ],
        "domain": "1t0v_A_01",
        "color": "s933",
        "color_hex": "#FF0098",
        "rainbow": "s433",
        "rainbow_hex": "#00FF66"
      },
      {
        "label": "E12",
        "chain_id": "A",
        "start": 73,
        "end": 75,
        "type": "E",
        "sheet_id": 3,
        "start_vector": [
          -9.889,
          5.962,
          -1.705
        ],
        "end_vector": [
          -15.22,
          -1.034,
          -3.02
        ],
        "domain": "1t0v_A_01",
        "color": "s519",
        "color_hex": "#1DFF00",
        "rainbow": "s468",
        "rainbow_hex": "#00FF30"
      },
      {
        "label": "E15",
        "chain_id": "A",
        "start": 84,
        "end": 90,
        "type": "E",
        "sheet_id": 3,
        "start_vector": [
          -11.11,
          -2.346,
          -2.23
        ],
        "end_vector": [
          -4.301,
          13.836,
          -14.547
        ],
        "domain": "1t0v_A_01",
        "color": "s399",
        "color_hex": "#00FF9A",
        "rainbow": "s505",
        "rainbow_hex": "#07FF00"
      },
      {
        "label": "E17",
        "chain_id": "A",
        "start": 93,
        "end": 99,
        "type": "E",
        "sheet_id": 3,
        "start_vector": [
          -8.848,
          11.833,
          -18.35
        ],
        "end_vector": [
          -7.484,
          -4.625,
          -4.946
        ],
        "domain": "1t0v_A_01",
        "color": "s986",
        "color_hex": "#FF00E9",
        "rainbow": "s570",
        "rainbow_hex": "#6BFF00"
      },
      {
        "label": "E18",
        "chain_id": "A",
        "start": 100,
        "end": 100,
        "type": "B",
        "sheet_id": 4,
        "start_vector": [
          -6.303,
          -4.929,
          -3.95
        ],
        "end_vector": [
          -5.829,
          -5.974,
          -1.803
        ],
        "domain": "1t0v_A_01",
        "color": "s279",
        "color_hex": "#00ABFF",
        "rainbow": "s598",
        "rainbow_hex": "#95FF00"
      },
      {
        "label": "E19",
        "chain_id": "A",
        "start": 110,
        "end": 110,
        "type": "B",
        "sheet_id": 2,
        "start_vector": [
          0.931,
          -1.971,
          6.926
        ],
        "end_vector": [
          0.312,
          -3.098,
          4.86
        ],
        "domain": "1t0v_A_01",
        "color": "s573",
        "color_hex": "#6FFF00",
        "rainbow": "s601",
        "rainbow_hex": "#9AFF00"
      },
      {
        "label": "E20",
        "chain_id": "A",
        "start": 113,
        "end": 113,
        "type": "B",
        "sheet_id": 4,
        "start_vector": [
          -1.771,
          -5.943,
          -2.291
        ],
        "end_vector": [
          -2.116,
          -6.007,
          -4.725
        ],
        "domain": "1t0v_A_01",
        "color": "s866",
        "color_hex": "#FF0031",
        "rainbow": "s604",
        "rainbow_hex": "#9FFF00"
      },
      {
        "label": "E21",
        "chain_id": "A",
        "start": 115,
        "end": 117,
        "type": "E",
        "sheet_id": 1,
        "start_vector": [
          -1.669,
          -5.6,
          -9.21
        ],
        "end_vector": [
          -2.482,
          -5.886,
          -18
        ],
        "domain": "1t0v_A_01",
        "color": "s159",
        "color_hex": "#0B00FF",
        "rainbow": "s631",
        "rainbow_hex": "#C8FF00"
      },
      {
        "label": "E22",
        "chain_id": "A",
        "start": 124,
        "end": 126,
        "type": "E",
        "sheet_id": 1,
        "start_vector": [
          0.19,
          -9.754,
          -17.465
        ],
        "end_vector": [
          3.058,
          -5.735,
          -9.708
        ],
        "domain": "1t0v_A_01",
        "color": "s453",
        "color_hex": "#00FF47",
        "rainbow": "s661",
        "rainbow_hex": "#F6FF00"
      },
      {
        "label": "E23",
        "chain_id": "A",
        "start": 131,
        "end": 132,
        "type": "E",
        "sheet_id": 2,
        "start_vector": [
          3.654,
          0.13,
          3.511
        ],
        "end_vector": [
          3.567,
          3.038,
          8.682
        ],
        "domain": "1t0v_A_01",
        "color": "s746",
        "color_hex": "#FF8500",
        "rainbow": "s690",
        "rainbow_hex": "#FFDB00"
      },
      {
        "label": "H24",
        "chain_id": "A",
        "start": 140,
        "end": 151,
        "type": "h",
        "start_vector": [
          4.773,
          -3.701,
          16.145
        ],
        "end_vector": [
          5.256,
          -16.135,
          3.303
        ],
        "nested_sses": [
          {
            "label": null,
            "chain_id": "A",
            "start": 139,
            "end": 141,
            "type": "G"
          },
          {
            "label": null,
            "chain_id": "A",
            "start": 140,
            "end": 150,
            "type": "H"
          }
        ],
        "domain": "1t0v_A_01",
        "color": "s039",
        "color_hex": "#C300FF",
        "rainbow": "s743",
        "rainbow_hex": "#FF8A00"
      },
      {
        "label": "H27",
        "chain_id": "A",
        "start": 167,
        "end": 171,
        "type": "H",
        "start_vector": [
          19.263,
          10.473,
          2.011
        ],
        "end_vector": [
          16.058,
          15.753,
          -2.352
        ],
        "nested_sses": [
          {
            "label": null,
            "chain_id": "A",
            "start": 166,
            "end": 170,
            "type": "H"
          }
        ],
        "domain": "1t0v_A_01",
        "color": "s919",
        "color_hex": "#FF0083",
        "rainbow": "s869",
        "rainbow_hex": "#FF0036"
      },
      {
        "label": "E29",
        "chain_id": "A",
        "start": 172,
        "end": 172,
        "type": "B",
        "sheet_id": 5,
        "start_vector": [
          17.403,
          17.9,
          -2.953
        ],
        "end_vector": [
          18.449,
          18.866,
          -4.926
        ],
        "domain": "1t0v_A_01",
        "color": "s506",
        "color_hex": "#09FF00",
        "rainbow": "s895",
        "rainbow_hex": "#FF005E"
      },
      {
        "label": "E30",
        "chain_id": "A",
        "start": 175,
        "end": 175,
        "type": "B",
        "sheet_id": 5,
        "start_vector": [
          17.743,
          23.131,
          -5.021
        ],
        "end_vector": [
          15.745,
          23.176,
          -3.615
        ],
        "domain": "1t0v_A_01",
        "color": "s799",
        "color_hex": "#FF3400",
        "rainbow": "s898",
        "rainbow_hex": "#FF0062"
      }
    ]
  }
}
