{
    "1t0v_A_01": {
        "software": "SecStrAnnotator 2.2 [2020-07-01]",
        "args": "--onlyssa --verbose /server_data/overprot_data/jobs/Running/da312bcd-aca6-4264-8133-053ab50438ac/job_data/cif_cealign/ 1t0v_A_01,A",
        "found": 18,
        "secondary_structure_elements": [
            { "label": "E0", "chain_id": "A", "start": 3, "end": 4, "type": "E", "sheet_id": 1, "start_vector": [ 6.346, -10.407, -13.476 ], "end_vector": [ 1.8, -13.817, -15.366 ] },
            { "label": "E1", "chain_id": "A", "start": 27, "end": 28, "type": "E", "sheet_id": 2, "start_vector": [ 3.941, 5.991, 5.823 ], "end_vector": [ 7.256, 2.343, 3.902 ] },
            { "label": "E2", "chain_id": "A", "start": 46, "end": 49, "type": "E", "sheet_id": 3, "start_vector": [ -1.913, 11.361, 4.708 ], "end_vector": [ -13.841, 10.385, 4.66 ] },
            { "label": "E3", "chain_id": "A", "start": 54, "end": 61, "type": "E", "sheet_id": 3, "start_vector": [ -12.402, 8.716, 1.86 ], "end_vector": [ 10.787, 14.384, -4.007 ] },
            { "label": "E4", "chain_id": "A", "start": 66, "end": 70, "type": "E", "sheet_id": 3, "start_vector": [ 10.345, 15.949, -7.611 ], "end_vector": [ -4.303, 9.948, -5.12 ] },
            { "label": "E5", "chain_id": "A", "start": 73, "end": 75, "type": "E", "sheet_id": 3, "start_vector": [ -9.889, 5.962, -1.705 ], "end_vector": [ -15.22, -1.034, -3.02 ] },
            { "label": "E6", "chain_id": "A", "start": 84, "end": 90, "type": "E", "sheet_id": 3, "start_vector": [ -11.11, -2.346, -2.23 ], "end_vector": [ -4.301, 13.836, -14.547 ] },
            { "label": "E7", "chain_id": "A", "start": 93, "end": 99, "type": "E", "sheet_id": 3, "start_vector": [ -8.848, 11.833, -18.35 ], "end_vector": [ -7.484, -4.625, -4.946 ] },
            { "label": "B8", "chain_id": "A", "start": 100, "end": 100, "type": "B", "sheet_id": 4, "start_vector": [ -6.303, -4.929, -3.95 ], "end_vector": [ -5.829, -5.974, -1.803 ] },
            { "label": "B9", "chain_id": "A", "start": 110, "end": 110, "type": "B", "sheet_id": 2, "start_vector": [ 0.931, -1.971, 6.926 ], "end_vector": [ 0.312, -3.098, 4.86 ] },
            { "label": "B10", "chain_id": "A", "start": 113, "end": 113, "type": "B", "sheet_id": 4, "start_vector": [ -1.771, -5.943, -2.291 ], "end_vector": [ -2.116, -6.007, -4.725 ] },
            { "label": "E11", "chain_id": "A", "start": 115, "end": 117, "type": "E", "sheet_id": 1, "start_vector": [ -1.669, -5.6, -9.21 ], "end_vector": [ -2.482, -5.886, -18 ] },
            { "label": "E12", "chain_id": "A", "start": 124, "end": 126, "type": "E", "sheet_id": 1, "start_vector": [ 0.19, -9.754, -17.465 ], "end_vector": [ 3.058, -5.735, -9.708 ] },
            { "label": "E13", "chain_id": "A", "start": 131, "end": 132, "type": "E", "sheet_id": 2, "start_vector": [ 3.654, 0.13, 3.511 ], "end_vector": [ 3.567, 3.038, 8.682 ] },
            { "label": "h14", "chain_id": "A", "start": 140, "end": 151, "type": "h", "start_vector": [ 4.773, -3.701, 16.145 ], "end_vector": [ 5.256, -16.135, 3.303 ], "nested_sses": [ { "label": null, "chain_id": "A", "start": 139, "end": 141, "type": "G" }, { "label": null, "chain_id": "A", "start": 140, "end": 150, "type": "H" } ] },
            { "label": "H15", "chain_id": "A", "start": 167, "end": 171, "type": "H", "start_vector": [ 19.263, 10.473, 2.011 ], "end_vector": [ 16.058, 15.753, -2.352 ], "nested_sses": [ { "label": null, "chain_id": "A", "start": 166, "end": 170, "type": "H" } ] },
            { "label": "B16", "chain_id": "A", "start": 172, "end": 172, "type": "B", "sheet_id": 5, "start_vector": [ 17.403, 17.9, -2.953 ], "end_vector": [ 18.449, 18.866, -4.926 ] },
            { "label": "B17", "chain_id": "A", "start": 175, "end": 175, "type": "B", "sheet_id": 5, "start_vector": [ 17.743, 23.131, -5.021 ], "end_vector": [ 15.745, 23.176, -3.615 ] }
        ],
        "beta_connectivity": [
            [ "E0", "E12", -1 ],
            [ "E1", "E13", -1 ],
            [ "E2", "E3", -1 ],
            [ "E3", "E4", -1 ],
            [ "E3", "E5", -1 ],
            [ "E5", "E6", -1 ],
            [ "E6", "E7", -1 ],
            [ "B8", "B10", -1 ],
            [ "B9", "E13", -1 ],
            [ "E11", "E12", -1 ],
            [ "B16", "B17", -1 ]
        ],
        "hydrogen_bonds": [
            [ "A", 4, "A", 124 ],
            [ "A", 11, "A", 9 ],
            [ "A", 14, "A", 101 ],
            [ "A", 17, "A", 80 ],
            [ "A", 22, "A", 18 ],
            [ "A", 23, "A", 21 ],
            [ "A", 26, "A", 24 ],
            [ "A", 26, "A", 45 ],
            [ "A", 27, "A", 132 ],
            [ "A", 29, "A", 130 ],
            [ "A", 31, "A", 29 ],
            [ "A", 31, "A", 161 ],
            [ "A", 42, "A", 40 ],
            [ "A", 44, "A", 59 ],
            [ "A", 46, "A", 57 ],
            [ "A", 48, "A", 46 ],
            [ "A", 48, "A", 55 ],
            [ "A", 50, "A", 53 ],
            [ "A", 53, "A", 51 ],
            [ "A", 54, "A", 73 ],
            [ "A", 55, "A", 48 ],
            [ "A", 57, "A", 46 ],
            [ "A", 58, "A", 56 ],
            [ "A", 58, "A", 69 ],
            [ "A", 60, "A", 67 ],
            [ "A", 62, "A", 60 ],
            [ "A", 62, "A", 65 ],
            [ "A", 63, "A", 39 ],
            [ "A", 63, "A", 61 ],
            [ "A", 64, "A", 169 ],
            [ "A", 67, "A", 60 ],
            [ "A", 69, "A", 58 ],
            [ "A", 71, "A", 56 ],
            [ "A", 73, "A", 54 ],
            [ "A", 74, "A", 72 ],
            [ "A", 74, "A", 85 ],
            [ "A", 76, "A", 83 ],
            [ "A", 77, "A", 83 ],
            [ "A", 82, "A", 14 ],
            [ "A", 84, "A", 99 ],
            [ "A", 85, "A", 74 ],
            [ "A", 85, "A", 83 ],
            [ "A", 86, "A", 97 ],
            [ "A", 87, "A", 72 ],
            [ "A", 87, "A", 85 ],
            [ "A", 88, "A", 86 ],
            [ "A", 88, "A", 95 ],
            [ "A", 89, "A", 87 ],
            [ "A", 90, "A", 93 ],
            [ "A", 93, "A", 90 ],
            [ "A", 95, "A", 88 ],
            [ "A", 97, "A", 86 ],
            [ "A", 97, "A", 95 ],
            [ "A", 99, "A", 84 ],
            [ "A", 99, "A", 97 ],
            [ "A", 100, "A", 98 ],
            [ "A", 100, "A", 113 ],
            [ "A", 101, "A", 99 ],
            [ "A", 102, "A", 100 ],
            [ "A", 105, "A", 109 ],
            [ "A", 106, "A", 109 ],
            [ "A", 107, "A", 109 ],
            [ "A", 110, "A", 131 ],
            [ "A", 113, "A", 100 ],
            [ "A", 116, "A", 125 ],
            [ "A", 118, "A", 123 ],
            [ "A", 119, "A", 117 ],
            [ "A", 122, "A", 118 ],
            [ "A", 123, "A", 121 ],
            [ "A", 124, "A", 4 ],
            [ "A", 125, "A", 116 ],
            [ "A", 126, "A", 2 ],
            [ "A", 127, "A", 114 ],
            [ "A", 131, "A", 110 ],
            [ "A", 132, "A", 27 ],
            [ "A", 134, "A", 108 ],
            [ "A", 141, "A", 138 ],
            [ "A", 142, "A", 139 ],
            [ "A", 143, "A", 139 ],
            [ "A", 144, "A", 140 ],
            [ "A", 145, "A", 141 ],
            [ "A", 146, "A", 142 ],
            [ "A", 147, "A", 143 ],
            [ "A", 148, "A", 144 ],
            [ "A", 149, "A", 145 ],
            [ "A", 150, "A", 146 ],
            [ "A", 151, "A", 147 ],
            [ "A", 152, "A", 149 ],
            [ "A", 156, "A", 154 ],
            [ "A", 157, "A", 155 ],
            [ "A", 159, "A", 156 ],
            [ "A", 160, "A", 156 ],
            [ "A", 169, "A", 165 ],
            [ "A", 169, "A", 166 ],
            [ "A", 170, "A", 166 ],
            [ "A", 171, "A", 167 ],
            [ "A", 172, "A", 175 ],
            [ "A", 174, "A", 172 ],
            [ "A", 175, "A", 172 ]
        ]
    }
}
