{
  "2aco_A_01": {
    "secondary_structure_elements": [
      {
        "label": "E1",
        "chain_id": "A",
        "start": 7,
        "end": 7,
        "type": "B",
        "sheet_id": 1,
        "start_vector": [
          -3.096,
          -10.647,
          13.878
        ],
        "end_vector": [
          -4.922,
          -10.193,
          12.325
        ],
        "domain": "2aco_A_01",
        "color": "s293",
        "color_hex": "#00C1FF",
        "rainbow": "s131",
        "rainbow_hex": "#3600FF"
      },
      {
        "label": "E2",
        "chain_id": "A",
        "start": 10,
        "end": 13,
        "type": "E",
        "sheet_id": 2,
        "start_vector": [
          -8.879,
          -13.649,
          7.468
        ],
        "end_vector": [
          -10.914,
          -14.245,
          -3.783
        ],
        "domain": "2aco_A_01",
        "color": "s586",
        "color_hex": "#83FF00",
        "rainbow": "s147",
        "rainbow_hex": "#1E00FF"
      },
      {
        "label": "E3",
        "chain_id": "A",
        "start": 24,
        "end": 27,
        "type": "E",
        "sheet_id": 2,
        "start_vector": [
          -5.541,
          -14.139,
          -2.874
        ],
        "end_vector": [
          -9.942,
          -8.651,
          5.423
        ],
        "domain": "2aco_A_01",
        "color": "s879",
        "color_hex": "#FF0045",
        "rainbow": "s152",
        "rainbow_hex": "#1600FF"
      },
      {
        "label": "H4",
        "chain_id": "A",
        "start": 32,
        "end": 35,
        "type": "G",
        "start_vector": [
          -12.945,
          1.479,
          9.512
        ],
        "end_vector": [
          -7.065,
          5.206,
          9.585
        ],
        "nested_sses": [
          {
            "label": null,
            "chain_id": "A",
            "start": 32,
            "end": 35,
            "type": "G"
          }
        ],
        "domain": "2aco_A_01",
        "color": "s173",
        "color_hex": "#0009FF",
        "rainbow": "s180",
        "rainbow_hex": "#0014FF"
      },
      {
        "label": "E5",
        "chain_id": "A",
        "start": 37,
        "end": 44,
        "type": "E",
        "sheet_id": 1,
        "start_vector": [
          -2.597,
          9.456,
          10.115
        ],
        "end_vector": [
          10.33,
          -1.832,
          -1.708
        ],
        "nested_sses": [
          {
            "label": null,
            "chain_id": "A",
            "start": 42,
            "end": 43,
            "type": "N",
            "sheet_id": -5,
            "comment": "A_NcCN_C_"
          }
        ],
        "domain": "2aco_A_01",
        "color": "s466",
        "color_hex": "#00FF34",
        "rainbow": "s233",
        "rainbow_hex": "#0065FF"
      },
      {
        "label": "H6",
        "chain_id": "A",
        "start": 48,
        "end": 50,
        "type": "G",
        "start_vector": [
          4.993,
          2.209,
          -10.733
        ],
        "end_vector": [
          7.822,
          6.252,
          -10.085
        ],
        "nested_sses": [
          {
            "label": null,
            "chain_id": "A",
            "start": 48,
            "end": 50,
            "type": "G"
          }
        ],
        "domain": "2aco_A_01",
        "color": "s759",
        "color_hex": "#FF7100",
        "rainbow": "s269",
        "rainbow_hex": "#009CFF"
      },
      {
        "label": "E8",
        "chain_id": "A",
        "start": 54,
        "end": 62,
        "type": "E",
        "sheet_id": 1,
        "start_vector": [
          12.427,
          7.766,
          -0.765
        ],
        "end_vector": [
          -12.92,
          10.341,
          5.518
        ],
        "nested_sses": [
          {
            "label": null,
            "chain_id": "A",
            "start": 54,
            "end": 57,
            "type": "M",
            "sheet_id": -8,
            "comment": "A_CNcCNcCN_CNcCN_"
          }
        ],
        "domain": "2aco_A_01",
        "color": "s346",
        "color_hex": "#00FFEB",
        "rainbow": "s322",
        "rainbow_hex": "#00EDFF"
      },
      {
        "label": "E9",
        "chain_id": "A",
        "start": 68,
        "end": 76,
        "type": "E",
        "sheet_id": 1,
        "start_vector": [
          -12.121,
          9.13,
          0.858
        ],
        "end_vector": [
          14.749,
          13.421,
          -3.977
        ],
        "nested_sses": [
          {
            "label": null,
            "chain_id": "A",
            "start": 73,
            "end": 75,
            "type": "m",
            "sheet_id": -8,
            "comment": "A_CNcCN_CNcCNcCN_"
          }
        ],
        "domain": "2aco_A_01",
        "color": "s639",
        "color_hex": "#D4FF00",
        "rainbow": "s377",
        "rainbow_hex": "#00FFBC"
      },
      {
        "label": "E10",
        "chain_id": "A",
        "start": 81,
        "end": 91,
        "type": "E",
        "sheet_id": 1,
        "start_vector": [
          12.418,
          20.057,
          -4.818
        ],
        "end_vector": [
          -16.729,
          2.151,
          -3.877
        ],
        "domain": "2aco_A_01",
        "color": "s933",
        "color_hex": "#FF0098",
        "rainbow": "s433",
        "rainbow_hex": "#00FF66"
      },
      {
        "label": "E15",
        "chain_id": "A",
        "start": 99,
        "end": 105,
        "type": "E",
        "sheet_id": 1,
        "start_vector": [
          -12.182,
          -3.76,
          -0.634
        ],
        "end_vector": [
          -2.544,
          8.809,
          -12.045
        ],
        "nested_sses": [
          {
            "label": null,
            "chain_id": "A",
            "start": 104,
            "end": 105,
            "type": "N",
            "sheet_id": -13,
            "comment": "A_NcCN_C_"
          }
        ],
        "domain": "2aco_A_01",
        "color": "s399",
        "color_hex": "#00FF9A",
        "rainbow": "s505",
        "rainbow_hex": "#07FF00"
      },
      {
        "label": "E17",
        "chain_id": "A",
        "start": 108,
        "end": 118,
        "type": "E",
        "sheet_id": 1,
        "start_vector": [
          -7.065,
          3.129,
          -15.421
        ],
        "end_vector": [
          -3.475,
          -9.301,
          11.097
        ],
        "nested_sses": [
          {
            "label": null,
            "chain_id": "A",
            "start": 108,
            "end": 108,
            "type": "n",
            "sheet_id": -13,
            "comment": "A_C_NcCN_"
          },
          {
            "label": null,
            "chain_id": "A",
            "start": 115,
            "end": 116,
            "type": "N",
            "sheet_id": -16,
            "comment": "A_NcCN_C_"
          }
        ],
        "domain": "2aco_A_01",
        "color": "s986",
        "color_hex": "#FF00E9",
        "rainbow": "s570",
        "rainbow_hex": "#6BFF00"
      },
      {
        "label": "E21",
        "chain_id": "A",
        "start": 123,
        "end": 127,
        "type": "E",
        "sheet_id": 1,
        "start_vector": [
          1.051,
          -2.403,
          10.919
        ],
        "end_vector": [
          -1.463,
          -5.756,
          -4.125
        ],
        "nested_sses": [
          {
            "label": null,
            "chain_id": "A",
            "start": 125,
            "end": 125,
            "type": "n",
            "sheet_id": -16,
            "comment": "A_C_NcCN_"
          }
        ],
        "domain": "2aco_A_01",
        "color": "s159",
        "color_hex": "#0B00FF",
        "rainbow": "s631",
        "rainbow_hex": "#C8FF00"
      },
      {
        "label": "E23",
        "chain_id": "A",
        "start": 134,
        "end": 138,
        "type": "E",
        "sheet_id": 1,
        "start_vector": [
          3.35,
          -5.113,
          -4.735
        ],
        "end_vector": [
          3.561,
          1.901,
          9.391
        ],
        "nested_sses": [
          {
            "label": null,
            "chain_id": "A",
            "start": 136,
            "end": 136,
            "type": "n",
            "sheet_id": -5,
            "comment": "A_C_NcCN_"
          }
        ],
        "domain": "2aco_A_01",
        "color": "s746",
        "color_hex": "#FF8500",
        "rainbow": "s690",
        "rainbow_hex": "#FFDB00"
      },
      {
        "label": "H24",
        "chain_id": "A",
        "start": 145,
        "end": 158,
        "type": "H",
        "start_vector": [
          10.716,
          -6.259,
          13.855
        ],
        "end_vector": [
          1.449,
          -16.904,
          -2.153
        ],
        "nested_sses": [
          {
            "label": null,
            "chain_id": "A",
            "start": 145,
            "end": 157,
            "type": "H"
          }
        ],
        "domain": "2aco_A_01",
        "color": "s039",
        "color_hex": "#C300FF",
        "rainbow": "s743",
        "rainbow_hex": "#FF8A00"
      },
      {
        "label": "H25",
        "chain_id": "A",
        "start": 162,
        "end": 164,
        "type": "G",
        "start_vector": [
          10.009,
          -12.06,
          -4.07
        ],
        "end_vector": [
          12.001,
          -6.825,
          -3.661
        ],
        "nested_sses": [
          {
            "label": null,
            "chain_id": "A",
            "start": 162,
            "end": 164,
            "type": "G"
          }
        ],
        "domain": "2aco_A_01",
        "color": "s333",
        "color_hex": "#00FEFF",
        "rainbow": "s793",
        "rainbow_hex": "#FF3D00"
      },
      {
        "label": "E26",
        "chain_id": "A",
        "start": 166,
        "end": 167,
        "type": "E",
        "sheet_id": 1,
        "start_vector": [
          11.936,
          -3.54,
          -2.643
        ],
        "end_vector": [
          12.941,
          0.729,
          0.449
        ],
        "domain": "2aco_A_01",
        "color": "s626",
        "color_hex": "#C0FF00",
        "rainbow": "s840",
        "rainbow_hex": "#FF000A"
      }
    ]
  }
}
