{
    "2aco_A_01": {
        "software": "SecStrAnnotator 2.2 [2020-07-01]",
        "args": "--onlyssa --verbose /server_data/overprot_data/jobs/Running/da312bcd-aca6-4264-8133-053ab50438ac/job_data/cif_cealign/ 2aco_A_01,A",
        "found": 16,
        "secondary_structure_elements": [
            { "label": "B0", "chain_id": "A", "start": 7, "end": 7, "type": "B", "sheet_id": 1, "start_vector": [ -3.096, -10.647, 13.878 ], "end_vector": [ -4.922, -10.193, 12.325 ] },
            { "label": "E1", "chain_id": "A", "start": 10, "end": 13, "type": "E", "sheet_id": 2, "start_vector": [ -8.879, -13.649, 7.468 ], "end_vector": [ -10.914, -14.245, -3.783 ] },
            { "label": "E2", "chain_id": "A", "start": 24, "end": 27, "type": "E", "sheet_id": 2, "start_vector": [ -5.541, -14.139, -2.874 ], "end_vector": [ -9.942, -8.651, 5.423 ] },
            { "label": "G3", "chain_id": "A", "start": 32, "end": 35, "type": "G", "start_vector": [ -12.945, 1.479, 9.512 ], "end_vector": [ -7.065, 5.206, 9.585 ], "nested_sses": [ { "label": null, "chain_id": "A", "start": 32, "end": 35, "type": "G" } ] },
            { "label": "E4", "chain_id": "A", "start": 37, "end": 44, "type": "E", "sheet_id": 1, "start_vector": [ -2.597, 9.456, 10.115 ], "end_vector": [ 10.33, -1.832, -1.708 ], "nested_sses": [ { "label": null, "chain_id": "A", "start": 42, "end": 43, "type": "N", "sheet_id": -5, "comment": "A_NcCN_C_" } ] },
            { "label": "G5", "chain_id": "A", "start": 48, "end": 50, "type": "G", "start_vector": [ 4.993, 2.209, -10.733 ], "end_vector": [ 7.822, 6.252, -10.085 ], "nested_sses": [ { "label": null, "chain_id": "A", "start": 48, "end": 50, "type": "G" } ] },
            { "label": "E6", "chain_id": "A", "start": 54, "end": 62, "type": "E", "sheet_id": 1, "start_vector": [ 12.427, 7.766, -0.765 ], "end_vector": [ -12.92, 10.341, 5.518 ], "nested_sses": [ { "label": null, "chain_id": "A", "start": 54, "end": 57, "type": "M", "sheet_id": -8, "comment": "A_CNcCNcCN_CNcCN_" } ] },
            { "label": "E7", "chain_id": "A", "start": 68, "end": 76, "type": "E", "sheet_id": 1, "start_vector": [ -12.121, 9.13, 0.858 ], "end_vector": [ 14.749, 13.421, -3.977 ], "nested_sses": [ { "label": null, "chain_id": "A", "start": 73, "end": 75, "type": "m", "sheet_id": -8, "comment": "A_CNcCN_CNcCNcCN_" } ] },
            { "label": "E8", "chain_id": "A", "start": 81, "end": 91, "type": "E", "sheet_id": 1, "start_vector": [ 12.418, 20.057, -4.818 ], "end_vector": [ -16.729, 2.151, -3.877 ] },
            { "label": "E9", "chain_id": "A", "start": 99, "end": 105, "type": "E", "sheet_id": 1, "start_vector": [ -12.182, -3.76, -0.634 ], "end_vector": [ -2.544, 8.809, -12.045 ], "nested_sses": [ { "label": null, "chain_id": "A", "start": 104, "end": 105, "type": "N", "sheet_id": -13, "comment": "A_NcCN_C_" } ] },
            { "label": "E10", "chain_id": "A", "start": 108, "end": 118, "type": "E", "sheet_id": 1, "start_vector": [ -7.065, 3.129, -15.421 ], "end_vector": [ -3.475, -9.301, 11.097 ], "nested_sses": [ { "label": null, "chain_id": "A", "start": 108, "end": 108, "type": "n", "sheet_id": -13, "comment": "A_C_NcCN_" }, { "label": null, "chain_id": "A", "start": 115, "end": 116, "type": "N", "sheet_id": -16, "comment": "A_NcCN_C_" } ] },
            { "label": "E11", "chain_id": "A", "start": 123, "end": 127, "type": "E", "sheet_id": 1, "start_vector": [ 1.051, -2.403, 10.919 ], "end_vector": [ -1.463, -5.756, -4.125 ], "nested_sses": [ { "label": null, "chain_id": "A", "start": 125, "end": 125, "type": "n", "sheet_id": -16, "comment": "A_C_NcCN_" } ] },
            { "label": "E12", "chain_id": "A", "start": 134, "end": 138, "type": "E", "sheet_id": 1, "start_vector": [ 3.35, -5.113, -4.735 ], "end_vector": [ 3.561, 1.901, 9.391 ], "nested_sses": [ { "label": null, "chain_id": "A", "start": 136, "end": 136, "type": "n", "sheet_id": -5, "comment": "A_C_NcCN_" } ] },
            { "label": "H13", "chain_id": "A", "start": 145, "end": 158, "type": "H", "start_vector": [ 10.716, -6.259, 13.855 ], "end_vector": [ 1.449, -16.904, -2.153 ], "nested_sses": [ { "label": null, "chain_id": "A", "start": 145, "end": 157, "type": "H" } ] },
            { "label": "G14", "chain_id": "A", "start": 162, "end": 164, "type": "G", "start_vector": [ 10.009, -12.06, -4.07 ], "end_vector": [ 12.001, -6.825, -3.661 ], "nested_sses": [ { "label": null, "chain_id": "A", "start": 162, "end": 164, "type": "G" } ] },
            { "label": "E15", "chain_id": "A", "start": 166, "end": 167, "type": "E", "sheet_id": 1, "start_vector": [ 11.936, -3.54, -2.643 ], "end_vector": [ 12.941, 0.729, 0.449 ] }
        ],
        "beta_connectivity": [
            [ "B0", "E10", -1 ],
            [ "E1", "E2", -1 ],
            [ "E4", "E6", -1 ],
            [ "E4", "E12", -1 ],
            [ "E4", "E15", -1 ],
            [ "E6", "E7", -1 ],
            [ "E7", "E8", -1 ],
            [ "E8", "E9", -1 ],
            [ "E9", "E10", -1 ],
            [ "E10", "E11", -1 ],
            [ "E11", "E12", -1 ]
        ],
        "hydrogen_bonds": [
            [ "A", 8, "A", 117 ],
            [ "A", 11, "A", 26 ],
            [ "A", 13, "A", 24 ],
            [ "A", 18, "A", 15 ],
            [ "A", 19, "A", 15 ],
            [ "A", 23, "A", 20 ],
            [ "A", 24, "A", 13 ],
            [ "A", 26, "A", 11 ],
            [ "A", 26, "A", 24 ],
            [ "A", 27, "A", 114 ],
            [ "A", 28, "A", 9 ],
            [ "A", 29, "A", 9 ],
            [ "A", 30, "A", 96 ],
            [ "A", 34, "A", 31 ],
            [ "A", 35, "A", 32 ],
            [ "A", 36, "A", 33 ],
            [ "A", 37, "A", 60 ],
            [ "A", 39, "A", 58 ],
            [ "A", 40, "A", 138 ],
            [ "A", 41, "A", 56 ],
            [ "A", 42, "A", 40 ],
            [ "A", 42, "A", 136 ],
            [ "A", 43, "A", 136 ],
            [ "A", 44, "A", 166 ],
            [ "A", 45, "A", 134 ],
            [ "A", 47, "A", 45 ],
            [ "A", 50, "A", 47 ],
            [ "A", 51, "A", 48 ],
            [ "A", 53, "A", 50 ],
            [ "A", 54, "A", 75 ],
            [ "A", 55, "A", 169 ],
            [ "A", 57, "A", 73 ],
            [ "A", 58, "A", 39 ],
            [ "A", 59, "A", 71 ],
            [ "A", 60, "A", 37 ],
            [ "A", 61, "A", 69 ],
            [ "A", 63, "A", 67 ],
            [ "A", 66, "A", 63 ],
            [ "A", 68, "A", 89 ],
            [ "A", 69, "A", 61 ],
            [ "A", 70, "A", 87 ],
            [ "A", 71, "A", 59 ],
            [ "A", 72, "A", 70 ],
            [ "A", 72, "A", 85 ],
            [ "A", 73, "A", 57 ],
            [ "A", 74, "A", 83 ],
            [ "A", 75, "A", 54 ],
            [ "A", 76, "A", 81 ],
            [ "A", 79, "A", 76 ],
            [ "A", 80, "A", 76 ],
            [ "A", 81, "A", 76 ],
            [ "A", 83, "A", 74 ],
            [ "A", 85, "A", 72 ],
            [ "A", 87, "A", 70 ],
            [ "A", 89, "A", 68 ],
            [ "A", 90, "A", 101 ],
            [ "A", 92, "A", 99 ],
            [ "A", 93, "A", 99 ],
            [ "A", 97, "A", 94 ],
            [ "A", 98, "A", 27 ],
            [ "A", 98, "A", 96 ],
            [ "A", 99, "A", 97 ],
            [ "A", 100, "A", 112 ],
            [ "A", 101, "A", 90 ],
            [ "A", 102, "A", 110 ],
            [ "A", 103, "A", 88 ],
            [ "A", 104, "A", 102 ],
            [ "A", 104, "A", 108 ],
            [ "A", 105, "A", 108 ],
            [ "A", 108, "A", 105 ],
            [ "A", 109, "A", 107 ],
            [ "A", 110, "A", 102 ],
            [ "A", 112, "A", 100 ],
            [ "A", 113, "A", 127 ],
            [ "A", 114, "A", 98 ],
            [ "A", 115, "A", 113 ],
            [ "A", 115, "A", 125 ],
            [ "A", 116, "A", 125 ],
            [ "A", 118, "A", 123 ],
            [ "A", 119, "A", 6 ],
            [ "A", 121, "A", 118 ],
            [ "A", 124, "A", 137 ],
            [ "A", 125, "A", 116 ],
            [ "A", 126, "A", 135 ],
            [ "A", 127, "A", 113 ],
            [ "A", 128, "A", 130 ],
            [ "A", 128, "A", 133 ],
            [ "A", 133, "A", 130 ],
            [ "A", 135, "A", 126 ],
            [ "A", 136, "A", 43 ],
            [ "A", 137, "A", 124 ],
            [ "A", 137, "A", 135 ],
            [ "A", 138, "A", 40 ],
            [ "A", 139, "A", 122 ],
            [ "A", 148, "A", 144 ],
            [ "A", 149, "A", 145 ],
            [ "A", 150, "A", 146 ],
            [ "A", 151, "A", 147 ],
            [ "A", 152, "A", 148 ],
            [ "A", 153, "A", 149 ],
            [ "A", 154, "A", 150 ],
            [ "A", 155, "A", 151 ],
            [ "A", 156, "A", 152 ],
            [ "A", 157, "A", 153 ],
            [ "A", 158, "A", 154 ],
            [ "A", 159, "A", 156 ],
            [ "A", 160, "A", 155 ],
            [ "A", 162, "A", 160 ],
            [ "A", 164, "A", 161 ],
            [ "A", 165, "A", 162 ],
            [ "A", 166, "A", 44 ],
            [ "A", 167, "A", 165 ],
            [ "A", 168, "A", 42 ],
            [ "A", 168, "A", 166 ],
            [ "A", 173, "A", 170 ]
        ]
    }
}
