{
    "2hzq_A_01": {
        "software": "SecStrAnnotator 2.2 [2020-07-01]",
        "args": "--onlyssa --verbose /server_data/overprot_data/jobs/Running/da312bcd-aca6-4264-8133-053ab50438ac/job_data/cif_cealign/ 2hzq_A_01,A",
        "found": 12,
        "secondary_structure_elements": [
            { "label": "E0", "chain_id": "A", "start": 2, "end": 3, "type": "E", "sheet_id": 1, "start_vector": [ 4.404, -12.218, -14.553 ], "end_vector": [ 0.859, -16.398, -15.16 ] },
            { "label": "G1", "chain_id": "A", "start": 17, "end": 20, "type": "G", "start_vector": [ -13.063, 1.07, 9.581 ], "end_vector": [ -7.521, 5.533, 9.773 ], "nested_sses": [ { "label": null, "chain_id": "A", "start": 17, "end": 19, "type": "G" } ] },
            { "label": "E2", "chain_id": "A", "start": 22, "end": 29, "type": "E", "sheet_id": 1, "start_vector": [ -2.519, 9.912, 9.946 ], "end_vector": [ 10.514, -2.09, -1.024 ], "nested_sses": [ { "label": null, "chain_id": "A", "start": 27, "end": 28, "type": "N", "sheet_id": -4, "comment": "A_NcCN_C_" } ] },
            { "label": "E3", "chain_id": "A", "start": 38, "end": 46, "type": "E", "sheet_id": 1, "start_vector": [ 12.778, 8.961, -0.245 ], "end_vector": [ -12.972, 10.017, 5.849 ], "nested_sses": [ { "label": null, "chain_id": "A", "start": 38, "end": 41, "type": "M", "sheet_id": -7, "comment": "A_CNcCNcCN_CNcCN_" } ] },
            { "label": "E4", "chain_id": "A", "start": 52, "end": 59, "type": "E", "sheet_id": 1, "start_vector": [ -12.259, 8.788, 0.174 ], "end_vector": [ 12.09, 13.879, -2.498 ], "nested_sses": [ { "label": null, "chain_id": "A", "start": 57, "end": 59, "type": "m", "sheet_id": -7, "comment": "A_CNcCN_CNcCNcCN_" } ] },
            { "label": "E5", "chain_id": "A", "start": 65, "end": 74, "type": "E", "sheet_id": 1, "start_vector": [ 9.15, 19.275, -5.029 ], "end_vector": [ -16.243, 1.411, -4.295 ] },
            { "label": "E6", "chain_id": "A", "start": 82, "end": 86, "type": "E", "sheet_id": 1, "start_vector": [ -11.653, -4.613, -0.279 ], "end_vector": [ -6.627, 6.932, -9.571 ] },
            { "label": "E7", "chain_id": "A", "start": 94, "end": 101, "type": "E", "sheet_id": 1, "start_vector": [ -7.347, -1.354, -10.644 ], "end_vector": [ -3.551, -6.567, 10.025 ], "nested_sses": [ { "label": null, "chain_id": "A", "start": 99, "end": 100, "type": "N", "sheet_id": -13, "comment": "A_NcCN_C_" } ] },
            { "label": "E8", "chain_id": "A", "start": 106, "end": 114, "type": "E", "sheet_id": 1, "start_vector": [ 0.909, -1.231, 11.359 ], "end_vector": [ -4.046, -8.578, -16.766 ], "nested_sses": [ { "label": null, "chain_id": "A", "start": 108, "end": 108, "type": "n", "sheet_id": -13, "comment": "A_C_NcCN_" } ] },
            { "label": "E9", "chain_id": "A", "start": 119, "end": 128, "type": "E", "sheet_id": 1, "start_vector": [ -0.014, -13.354, -18.632 ], "end_vector": [ 4.531, 3.117, 9.157 ], "nested_sses": [ { "label": null, "chain_id": "A", "start": 126, "end": 126, "type": "n", "sheet_id": -4, "comment": "A_C_NcCN_" } ] },
            { "label": "h10", "chain_id": "A", "start": 135, "end": 148, "type": "h", "start_vector": [ 10.166, -6.047, 13.308 ], "end_vector": [ 0.857, -17.561, -2.572 ], "nested_sses": [ { "label": null, "chain_id": "A", "start": 135, "end": 147, "type": "H" }, { "label": null, "chain_id": "A", "start": 146, "end": 148, "type": "G" } ] },
            { "label": "E11", "chain_id": "A", "start": 156, "end": 157, "type": "E", "sheet_id": 1, "start_vector": [ 12.19, -3.853, -2.18 ], "end_vector": [ 12.939, 0.672, 0.925 ] }
        ],
        "beta_connectivity": [
            [ "E0", "E9", -1 ],
            [ "E2", "E3", -1 ],
            [ "E2", "E9", -1 ],
            [ "E2", "E11", -1 ],
            [ "E3", "E4", -1 ],
            [ "E4", "E5", -1 ],
            [ "E5", "E6", -1 ],
            [ "E6", "E7", -1 ],
            [ "E7", "E8", -1 ],
            [ "E8", "E9", -1 ]
        ],
        "hydrogen_bonds": [
            [ "A", 2, "A", 120 ],
            [ "A", 4, "A", 118 ],
            [ "A", 12, "A", 98 ],
            [ "A", 15, "A", 12 ],
            [ "A", 17, "A", 15 ],
            [ "A", 19, "A", 16 ],
            [ "A", 20, "A", 17 ],
            [ "A", 22, "A", 44 ],
            [ "A", 24, "A", 42 ],
            [ "A", 25, "A", 128 ],
            [ "A", 26, "A", 40 ],
            [ "A", 27, "A", 25 ],
            [ "A", 27, "A", 126 ],
            [ "A", 28, "A", 126 ],
            [ "A", 29, "A", 156 ],
            [ "A", 30, "A", 124 ],
            [ "A", 38, "A", 59 ],
            [ "A", 39, "A", 159 ],
            [ "A", 41, "A", 57 ],
            [ "A", 42, "A", 24 ],
            [ "A", 43, "A", 55 ],
            [ "A", 44, "A", 22 ],
            [ "A", 44, "A", 42 ],
            [ "A", 45, "A", 53 ],
            [ "A", 47, "A", 51 ],
            [ "A", 50, "A", 47 ],
            [ "A", 52, "A", 72 ],
            [ "A", 53, "A", 45 ],
            [ "A", 54, "A", 70 ],
            [ "A", 55, "A", 43 ],
            [ "A", 56, "A", 54 ],
            [ "A", 56, "A", 68 ],
            [ "A", 57, "A", 41 ],
            [ "A", 58, "A", 66 ],
            [ "A", 59, "A", 38 ],
            [ "A", 60, "A", 64 ],
            [ "A", 63, "A", 60 ],
            [ "A", 66, "A", 58 ],
            [ "A", 68, "A", 56 ],
            [ "A", 70, "A", 54 ],
            [ "A", 71, "A", 86 ],
            [ "A", 72, "A", 52 ],
            [ "A", 73, "A", 84 ],
            [ "A", 75, "A", 82 ],
            [ "A", 76, "A", 82 ],
            [ "A", 82, "A", 79 ],
            [ "A", 83, "A", 81 ],
            [ "A", 83, "A", 96 ],
            [ "A", 84, "A", 73 ],
            [ "A", 85, "A", 94 ],
            [ "A", 86, "A", 71 ],
            [ "A", 91, "A", 88 ],
            [ "A", 94, "A", 85 ],
            [ "A", 96, "A", 83 ],
            [ "A", 97, "A", 110 ],
            [ "A", 98, "A", 81 ],
            [ "A", 98, "A", 96 ],
            [ "A", 99, "A", 97 ],
            [ "A", 99, "A", 108 ],
            [ "A", 100, "A", 108 ],
            [ "A", 102, "A", 106 ],
            [ "A", 103, "A", 106 ],
            [ "A", 104, "A", 102 ],
            [ "A", 107, "A", 127 ],
            [ "A", 108, "A", 100 ],
            [ "A", 109, "A", 107 ],
            [ "A", 109, "A", 125 ],
            [ "A", 110, "A", 97 ],
            [ "A", 111, "A", 123 ],
            [ "A", 113, "A", 121 ],
            [ "A", 115, "A", 119 ],
            [ "A", 119, "A", 116 ],
            [ "A", 120, "A", 2 ],
            [ "A", 121, "A", 113 ],
            [ "A", 123, "A", 111 ],
            [ "A", 125, "A", 109 ],
            [ "A", 126, "A", 28 ],
            [ "A", 127, "A", 107 ],
            [ "A", 127, "A", 125 ],
            [ "A", 128, "A", 25 ],
            [ "A", 129, "A", 105 ],
            [ "A", 137, "A", 134 ],
            [ "A", 138, "A", 134 ],
            [ "A", 139, "A", 135 ],
            [ "A", 140, "A", 136 ],
            [ "A", 141, "A", 137 ],
            [ "A", 142, "A", 138 ],
            [ "A", 143, "A", 139 ],
            [ "A", 144, "A", 140 ],
            [ "A", 145, "A", 141 ],
            [ "A", 146, "A", 142 ],
            [ "A", 147, "A", 143 ],
            [ "A", 148, "A", 144 ],
            [ "A", 148, "A", 145 ],
            [ "A", 149, "A", 146 ],
            [ "A", 150, "A", 145 ],
            [ "A", 151, "A", 149 ],
            [ "A", 155, "A", 152 ],
            [ "A", 156, "A", 29 ],
            [ "A", 158, "A", 27 ],
            [ "A", 158, "A", 156 ],
            [ "A", 160, "A", 158 ],
            [ "A", 163, "A", 161 ],
            [ "A", 166, "A", 164 ]
        ]
    }
}
