{
  "2hzq_A_01": {
    "secondary_structure_elements": [
      {
        "label": "E1",
        "chain_id": "A",
        "start": 2,
        "end": 3,
        "type": "E",
        "sheet_id": 1,
        "start_vector": [
          4.404,
          -12.218,
          -14.553
        ],
        "end_vector": [
          0.859,
          -16.398,
          -15.16
        ],
        "minor_axis": [
          0.591,
          -0.582,
          0.559
        ],
        "domain": "2hzq_A_01",
        "color": "s293",
        "color_hex": "#00C1FF",
        "rainbow": "s131",
        "rainbow_hex": "#3600FF"
      },
      {
        "label": "H4",
        "chain_id": "A",
        "start": 17,
        "end": 20,
        "type": "G",
        "start_vector": [
          -13.063,
          1.07,
          9.581
        ],
        "end_vector": [
          -7.521,
          5.533,
          9.773
        ],
        "nested_sses": [
          {
            "label": null,
            "chain_id": "A",
            "start": 17,
            "end": 19,
            "type": "G"
          }
        ],
        "domain": "2hzq_A_01",
        "color": "s173",
        "color_hex": "#0009FF",
        "rainbow": "s180",
        "rainbow_hex": "#0014FF"
      },
      {
        "label": "E5",
        "chain_id": "A",
        "start": 22,
        "end": 29,
        "type": "E",
        "sheet_id": 1,
        "start_vector": [
          -2.519,
          9.912,
          9.946
        ],
        "end_vector": [
          10.514,
          -2.09,
          -1.024
        ],
        "minor_axis": [
          0.776,
          0.527,
          0.346
        ],
        "nested_sses": [
          {
            "label": null,
            "chain_id": "A",
            "start": 27,
            "end": 28,
            "type": "N",
            "sheet_id": -4,
            "comment": "A_NcCN_C_"
          }
        ],
        "domain": "2hzq_A_01",
        "color": "s466",
        "color_hex": "#00FF34",
        "rainbow": "s233",
        "rainbow_hex": "#0065FF"
      },
      {
        "label": "E8",
        "chain_id": "A",
        "start": 38,
        "end": 46,
        "type": "E",
        "sheet_id": 1,
        "start_vector": [
          12.778,
          8.961,
          -0.245
        ],
        "end_vector": [
          -12.972,
          10.017,
          5.849
        ],
        "minor_axis": [
          0.216,
          -0.225,
          0.95
        ],
        "nested_sses": [
          {
            "label": null,
            "chain_id": "A",
            "start": 38,
            "end": 41,
            "type": "M",
            "sheet_id": -7,
            "comment": "A_CNcCNcCN_CNcCN_"
          }
        ],
        "domain": "2hzq_A_01",
        "color": "s346",
        "color_hex": "#00FFEB",
        "rainbow": "s322",
        "rainbow_hex": "#00EDFF"
      },
      {
        "label": "E9",
        "chain_id": "A",
        "start": 52,
        "end": 59,
        "type": "E",
        "sheet_id": 1,
        "start_vector": [
          -12.259,
          8.788,
          0.174
        ],
        "end_vector": [
          12.09,
          13.879,
          -2.498
        ],
        "minor_axis": [
          0.176,
          -0.358,
          0.917
        ],
        "nested_sses": [
          {
            "label": null,
            "chain_id": "A",
            "start": 57,
            "end": 59,
            "type": "m",
            "sheet_id": -7,
            "comment": "A_CNcCN_CNcCNcCN_"
          }
        ],
        "domain": "2hzq_A_01",
        "color": "s639",
        "color_hex": "#D4FF00",
        "rainbow": "s377",
        "rainbow_hex": "#00FFBC"
      },
      {
        "label": "E10",
        "chain_id": "A",
        "start": 65,
        "end": 74,
        "type": "E",
        "sheet_id": 1,
        "start_vector": [
          9.15,
          19.275,
          -5.029
        ],
        "end_vector": [
          -16.243,
          1.411,
          -4.295
        ],
        "minor_axis": [
          0.377,
          -0.504,
          0.777
        ],
        "domain": "2hzq_A_01",
        "color": "s933",
        "color_hex": "#FF0098",
        "rainbow": "s433",
        "rainbow_hex": "#00FF66"
      },
      {
        "label": "E15",
        "chain_id": "A",
        "start": 82,
        "end": 86,
        "type": "E",
        "sheet_id": 1,
        "start_vector": [
          -11.653,
          -4.613,
          -0.279
        ],
        "end_vector": [
          -6.627,
          6.932,
          -9.571
        ],
        "minor_axis": [
          0.603,
          -0.643,
          -0.473
        ],
        "domain": "2hzq_A_01",
        "color": "s399",
        "color_hex": "#00FF9A",
        "rainbow": "s505",
        "rainbow_hex": "#07FF00"
      },
      {
        "label": "E17",
        "chain_id": "A",
        "start": 94,
        "end": 101,
        "type": "E",
        "sheet_id": 1,
        "start_vector": [
          -7.347,
          -1.354,
          -10.644
        ],
        "end_vector": [
          -3.551,
          -6.567,
          10.025
        ],
        "minor_axis": [
          0.981,
          -0.042,
          -0.191
        ],
        "nested_sses": [
          {
            "label": null,
            "chain_id": "A",
            "start": 99,
            "end": 100,
            "type": "N",
            "sheet_id": -13,
            "comment": "A_NcCN_C_"
          }
        ],
        "domain": "2hzq_A_01",
        "color": "s986",
        "color_hex": "#FF00E9",
        "rainbow": "s570",
        "rainbow_hex": "#6BFF00"
      },
      {
        "label": "E21",
        "chain_id": "A",
        "start": 106,
        "end": 114,
        "type": "E",
        "sheet_id": 1,
        "start_vector": [
          0.909,
          -1.231,
          11.359
        ],
        "end_vector": [
          -4.046,
          -8.578,
          -16.766
        ],
        "minor_axis": [
          0.981,
          0.057,
          -0.188
        ],
        "nested_sses": [
          {
            "label": null,
            "chain_id": "A",
            "start": 108,
            "end": 108,
            "type": "n",
            "sheet_id": -13,
            "comment": "A_C_NcCN_"
          }
        ],
        "domain": "2hzq_A_01",
        "color": "s159",
        "color_hex": "#0B00FF",
        "rainbow": "s631",
        "rainbow_hex": "#C8FF00"
      },
      {
        "label": "E23",
        "chain_id": "A",
        "start": 119,
        "end": 128,
        "type": "E",
        "sheet_id": 1,
        "start_vector": [
          -0.014,
          -13.354,
          -18.632
        ],
        "end_vector": [
          4.531,
          3.117,
          9.157
        ],
        "minor_axis": [
          0.977,
          0.072,
          -0.202
        ],
        "nested_sses": [
          {
            "label": null,
            "chain_id": "A",
            "start": 126,
            "end": 126,
            "type": "n",
            "sheet_id": -4,
            "comment": "A_C_NcCN_"
          }
        ],
        "domain": "2hzq_A_01",
        "color": "s746",
        "color_hex": "#FF8500",
        "rainbow": "s690",
        "rainbow_hex": "#FFDB00"
      },
      {
        "label": "H24",
        "chain_id": "A",
        "start": 135,
        "end": 148,
        "type": "h",
        "start_vector": [
          10.166,
          -6.047,
          13.308
        ],
        "end_vector": [
          0.857,
          -17.561,
          -2.572
        ],
        "nested_sses": [
          {
            "label": null,
            "chain_id": "A",
            "start": 135,
            "end": 147,
            "type": "H"
          },
          {
            "label": null,
            "chain_id": "A",
            "start": 146,
            "end": 148,
            "type": "G"
          }
        ],
        "domain": "2hzq_A_01",
        "color": "s039",
        "color_hex": "#C300FF",
        "rainbow": "s743",
        "rainbow_hex": "#FF8A00"
      },
      {
        "label": "E26",
        "chain_id": "A",
        "start": 156,
        "end": 157,
        "type": "E",
        "sheet_id": 1,
        "start_vector": [
          12.19,
          -3.853,
          -2.18
        ],
        "end_vector": [
          12.939,
          0.672,
          0.925
        ],
        "minor_axis": [
          0.991,
          -0.109,
          -0.08
        ],
        "domain": "2hzq_A_01",
        "color": "s626",
        "color_hex": "#C0FF00",
        "rainbow": "s840",
        "rainbow_hex": "#FF000A"
      }
    ]
  }
}
