{
    "3mbt_A_01": {
        "software": "SecStrAnnotator 2.2 [2020-07-01]",
        "args": "--onlyssa --verbose /server_data/overprot_data/jobs/Running/da312bcd-aca6-4264-8133-053ab50438ac/job_data/cif_cealign/ 3mbt_A_01,A",
        "found": 12,
        "secondary_structure_elements": [
            { "label": "G0", "chain_id": "A", "start": 18, "end": 21, "type": "G", "start_vector": [ -12.851, 2.484, 9.537 ], "end_vector": [ -6.848, 5.684, 9.584 ], "nested_sses": [ { "label": null, "chain_id": "A", "start": 18, "end": 20, "type": "G" } ] },
            { "label": "E1", "chain_id": "A", "start": 23, "end": 30, "type": "E", "sheet_id": 1, "start_vector": [ -2.386, 9.903, 10.067 ], "end_vector": [ 10.405, -2.103, -1.428 ], "nested_sses": [ { "label": null, "chain_id": "A", "start": 28, "end": 29, "type": "N", "sheet_id": -2, "comment": "A_NcCN_C_" } ] },
            { "label": "E2", "chain_id": "A", "start": 40, "end": 48, "type": "E", "sheet_id": 1, "start_vector": [ 12.802, 7.636, -0.861 ], "end_vector": [ -12.614, 10.465, 5.393 ], "nested_sses": [ { "label": null, "chain_id": "A", "start": 40, "end": 43, "type": "M", "sheet_id": -6, "comment": "A_CNcCNcCN_CNcCN_" } ] },
            { "label": "E3", "chain_id": "A", "start": 54, "end": 62, "type": "E", "sheet_id": 1, "start_vector": [ -12.029, 8.868, 0.326 ], "end_vector": [ 14.999, 12.886, -3.697 ], "nested_sses": [ { "label": null, "chain_id": "A", "start": 59, "end": 61, "type": "m", "sheet_id": -6, "comment": "A_CNcCN_CNcCNcCN_" } ] },
            { "label": "E4", "chain_id": "A", "start": 67, "end": 77, "type": "E", "sheet_id": 1, "start_vector": [ 12.6, 19.606, -5.819 ], "end_vector": [ -16.693, 1.826, -3.927 ] },
            { "label": "E5", "chain_id": "A", "start": 85, "end": 89, "type": "E", "sheet_id": 1, "start_vector": [ -12.008, -4.565, -0.423 ], "end_vector": [ -5.795, 6.208, -9.313 ] },
            { "label": "E6", "chain_id": "A", "start": 95, "end": 103, "type": "E", "sheet_id": 1, "start_vector": [ -8.117, 1.301, -13.478 ], "end_vector": [ -3.052, -8.413, 9.27 ], "nested_sses": [ { "label": null, "chain_id": "A", "start": 101, "end": 102, "type": "N", "sheet_id": -13, "comment": "A_NcCN_C_" } ] },
            { "label": "E7", "chain_id": "A", "start": 109, "end": 113, "type": "E", "sheet_id": 1, "start_vector": [ 1.112, -2.142, 11.146 ], "end_vector": [ -1.478, -5.414, -3.809 ], "nested_sses": [ { "label": null, "chain_id": "A", "start": 111, "end": 111, "type": "n", "sheet_id": -13, "comment": "A_C_NcCN_" } ] },
            { "label": "E8", "chain_id": "A", "start": 120, "end": 124, "type": "E", "sheet_id": 1, "start_vector": [ 3.327, -5.076, -4.528 ], "end_vector": [ 3.619, 2.06, 9.615 ], "nested_sses": [ { "label": null, "chain_id": "A", "start": 122, "end": 122, "type": "n", "sheet_id": -2, "comment": "A_C_NcCN_" } ] },
            { "label": "H9", "chain_id": "A", "start": 131, "end": 144, "type": "H", "start_vector": [ 10.847, -6.641, 13.579 ], "end_vector": [ 0.808, -16.622, -1.897 ], "nested_sses": [ { "label": null, "chain_id": "A", "start": 131, "end": 134, "type": "H" }, { "label": null, "chain_id": "A", "start": 134, "end": 143, "type": "H" } ] },
            { "label": "G10", "chain_id": "A", "start": 148, "end": 150, "type": "G", "start_vector": [ 9.552, -12.158, -3.913 ], "end_vector": [ 11.887, -7.134, -3.424 ], "nested_sses": [ { "label": null, "chain_id": "A", "start": 148, "end": 150, "type": "G" } ] },
            { "label": "B11", "chain_id": "A", "start": 152, "end": 152, "type": "B", "sheet_id": 1, "start_vector": [ 11.856, -3.396, -3.081 ], "end_vector": [ 12.51, -1.738, -1.493 ] }
        ],
        "beta_connectivity": [
            [ "E1", "E2", -1 ],
            [ "E1", "E8", -1 ],
            [ "E1", "B11", -1 ],
            [ "E2", "E3", -1 ],
            [ "E3", "E4", -1 ],
            [ "E4", "E5", -1 ],
            [ "E5", "E6", -1 ],
            [ "E6", "E7", -1 ],
            [ "E7", "E8", -1 ]
        ],
        "hydrogen_bonds": [
            [ "A", 13, "A", 100 ],
            [ "A", 16, "A", 82 ],
            [ "A", 18, "A", 16 ],
            [ "A", 20, "A", 17 ],
            [ "A", 21, "A", 18 ],
            [ "A", 22, "A", 18 ],
            [ "A", 23, "A", 46 ],
            [ "A", 25, "A", 44 ],
            [ "A", 26, "A", 124 ],
            [ "A", 27, "A", 42 ],
            [ "A", 28, "A", 26 ],
            [ "A", 28, "A", 122 ],
            [ "A", 29, "A", 122 ],
            [ "A", 30, "A", 152 ],
            [ "A", 31, "A", 120 ],
            [ "A", 33, "A", 31 ],
            [ "A", 36, "A", 33 ],
            [ "A", 39, "A", 36 ],
            [ "A", 40, "A", 61 ],
            [ "A", 41, "A", 155 ],
            [ "A", 43, "A", 59 ],
            [ "A", 44, "A", 25 ],
            [ "A", 46, "A", 23 ],
            [ "A", 47, "A", 55 ],
            [ "A", 49, "A", 53 ],
            [ "A", 52, "A", 49 ],
            [ "A", 54, "A", 75 ],
            [ "A", 55, "A", 47 ],
            [ "A", 56, "A", 73 ],
            [ "A", 57, "A", 45 ],
            [ "A", 58, "A", 71 ],
            [ "A", 59, "A", 43 ],
            [ "A", 59, "A", 57 ],
            [ "A", 60, "A", 69 ],
            [ "A", 61, "A", 40 ],
            [ "A", 62, "A", 67 ],
            [ "A", 67, "A", 62 ],
            [ "A", 69, "A", 60 ],
            [ "A", 71, "A", 58 ],
            [ "A", 73, "A", 56 ],
            [ "A", 75, "A", 54 ],
            [ "A", 76, "A", 87 ],
            [ "A", 78, "A", 85 ],
            [ "A", 79, "A", 85 ],
            [ "A", 83, "A", 80 ],
            [ "A", 84, "A", 13 ],
            [ "A", 85, "A", 83 ],
            [ "A", 86, "A", 98 ],
            [ "A", 87, "A", 76 ],
            [ "A", 88, "A", 96 ],
            [ "A", 89, "A", 74 ],
            [ "A", 90, "A", 94 ],
            [ "A", 94, "A", 92 ],
            [ "A", 96, "A", 88 ],
            [ "A", 98, "A", 86 ],
            [ "A", 99, "A", 113 ],
            [ "A", 100, "A", 84 ],
            [ "A", 101, "A", 99 ],
            [ "A", 101, "A", 111 ],
            [ "A", 102, "A", 111 ],
            [ "A", 104, "A", 109 ],
            [ "A", 107, "A", 104 ],
            [ "A", 110, "A", 123 ],
            [ "A", 111, "A", 102 ],
            [ "A", 112, "A", 121 ],
            [ "A", 113, "A", 99 ],
            [ "A", 114, "A", 116 ],
            [ "A", 114, "A", 119 ],
            [ "A", 119, "A", 116 ],
            [ "A", 120, "A", 118 ],
            [ "A", 121, "A", 112 ],
            [ "A", 122, "A", 29 ],
            [ "A", 123, "A", 110 ],
            [ "A", 124, "A", 26 ],
            [ "A", 125, "A", 108 ],
            [ "A", 134, "A", 130 ],
            [ "A", 135, "A", 131 ],
            [ "A", 136, "A", 131 ],
            [ "A", 137, "A", 133 ],
            [ "A", 138, "A", 134 ],
            [ "A", 139, "A", 135 ],
            [ "A", 140, "A", 136 ],
            [ "A", 141, "A", 137 ],
            [ "A", 142, "A", 138 ],
            [ "A", 143, "A", 139 ],
            [ "A", 144, "A", 140 ],
            [ "A", 145, "A", 142 ],
            [ "A", 146, "A", 141 ],
            [ "A", 148, "A", 146 ],
            [ "A", 150, "A", 147 ],
            [ "A", 151, "A", 148 ],
            [ "A", 152, "A", 30 ],
            [ "A", 153, "A", 151 ],
            [ "A", 154, "A", 152 ]
        ]
    }
}
