{
  "3mbt_A_01": {
    "secondary_structure_elements": [
      {
        "label": "H4",
        "chain_id": "A",
        "start": 18,
        "end": 21,
        "type": "G",
        "start_vector": [
          -12.851,
          2.484,
          9.537
        ],
        "end_vector": [
          -6.848,
          5.684,
          9.584
        ],
        "nested_sses": [
          {
            "label": null,
            "chain_id": "A",
            "start": 18,
            "end": 20,
            "type": "G"
          }
        ],
        "domain": "3mbt_A_01",
        "color": "s173",
        "color_hex": "#0009FF",
        "rainbow": "s180",
        "rainbow_hex": "#0014FF"
      },
      {
        "label": "E5",
        "chain_id": "A",
        "start": 23,
        "end": 30,
        "type": "E",
        "sheet_id": 1,
        "start_vector": [
          -2.386,
          9.903,
          10.067
        ],
        "end_vector": [
          10.405,
          -2.103,
          -1.428
        ],
        "nested_sses": [
          {
            "label": null,
            "chain_id": "A",
            "start": 28,
            "end": 29,
            "type": "N",
            "sheet_id": -2,
            "comment": "A_NcCN_C_"
          }
        ],
        "domain": "3mbt_A_01",
        "color": "s466",
        "color_hex": "#00FF34",
        "rainbow": "s233",
        "rainbow_hex": "#0065FF"
      },
      {
        "label": "E8",
        "chain_id": "A",
        "start": 40,
        "end": 48,
        "type": "E",
        "sheet_id": 1,
        "start_vector": [
          12.802,
          7.636,
          -0.861
        ],
        "end_vector": [
          -12.614,
          10.465,
          5.393
        ],
        "nested_sses": [
          {
            "label": null,
            "chain_id": "A",
            "start": 40,
            "end": 43,
            "type": "M",
            "sheet_id": -6,
            "comment": "A_CNcCNcCN_CNcCN_"
          }
        ],
        "domain": "3mbt_A_01",
        "color": "s346",
        "color_hex": "#00FFEB",
        "rainbow": "s322",
        "rainbow_hex": "#00EDFF"
      },
      {
        "label": "E9",
        "chain_id": "A",
        "start": 54,
        "end": 62,
        "type": "E",
        "sheet_id": 1,
        "start_vector": [
          -12.029,
          8.868,
          0.326
        ],
        "end_vector": [
          14.999,
          12.886,
          -3.697
        ],
        "nested_sses": [
          {
            "label": null,
            "chain_id": "A",
            "start": 59,
            "end": 61,
            "type": "m",
            "sheet_id": -6,
            "comment": "A_CNcCN_CNcCNcCN_"
          }
        ],
        "domain": "3mbt_A_01",
        "color": "s639",
        "color_hex": "#D4FF00",
        "rainbow": "s377",
        "rainbow_hex": "#00FFBC"
      },
      {
        "label": "E10",
        "chain_id": "A",
        "start": 67,
        "end": 77,
        "type": "E",
        "sheet_id": 1,
        "start_vector": [
          12.6,
          19.606,
          -5.819
        ],
        "end_vector": [
          -16.693,
          1.826,
          -3.927
        ],
        "domain": "3mbt_A_01",
        "color": "s933",
        "color_hex": "#FF0098",
        "rainbow": "s433",
        "rainbow_hex": "#00FF66"
      },
      {
        "label": "E15",
        "chain_id": "A",
        "start": 85,
        "end": 89,
        "type": "E",
        "sheet_id": 1,
        "start_vector": [
          -12.008,
          -4.565,
          -0.423
        ],
        "end_vector": [
          -5.795,
          6.208,
          -9.313
        ],
        "domain": "3mbt_A_01",
        "color": "s399",
        "color_hex": "#00FF9A",
        "rainbow": "s505",
        "rainbow_hex": "#07FF00"
      },
      {
        "label": "E17",
        "chain_id": "A",
        "start": 95,
        "end": 103,
        "type": "E",
        "sheet_id": 1,
        "start_vector": [
          -8.117,
          1.301,
          -13.478
        ],
        "end_vector": [
          -3.052,
          -8.413,
          9.27
        ],
        "nested_sses": [
          {
            "label": null,
            "chain_id": "A",
            "start": 101,
            "end": 102,
            "type": "N",
            "sheet_id": -13,
            "comment": "A_NcCN_C_"
          }
        ],
        "domain": "3mbt_A_01",
        "color": "s986",
        "color_hex": "#FF00E9",
        "rainbow": "s570",
        "rainbow_hex": "#6BFF00"
      },
      {
        "label": "E21",
        "chain_id": "A",
        "start": 109,
        "end": 113,
        "type": "E",
        "sheet_id": 1,
        "start_vector": [
          1.112,
          -2.142,
          11.146
        ],
        "end_vector": [
          -1.478,
          -5.414,
          -3.809
        ],
        "nested_sses": [
          {
            "label": null,
            "chain_id": "A",
            "start": 111,
            "end": 111,
            "type": "n",
            "sheet_id": -13,
            "comment": "A_C_NcCN_"
          }
        ],
        "domain": "3mbt_A_01",
        "color": "s159",
        "color_hex": "#0B00FF",
        "rainbow": "s631",
        "rainbow_hex": "#C8FF00"
      },
      {
        "label": "E23",
        "chain_id": "A",
        "start": 120,
        "end": 124,
        "type": "E",
        "sheet_id": 1,
        "start_vector": [
          3.327,
          -5.076,
          -4.528
        ],
        "end_vector": [
          3.619,
          2.06,
          9.615
        ],
        "nested_sses": [
          {
            "label": null,
            "chain_id": "A",
            "start": 122,
            "end": 122,
            "type": "n",
            "sheet_id": -2,
            "comment": "A_C_NcCN_"
          }
        ],
        "domain": "3mbt_A_01",
        "color": "s746",
        "color_hex": "#FF8500",
        "rainbow": "s690",
        "rainbow_hex": "#FFDB00"
      },
      {
        "label": "H24",
        "chain_id": "A",
        "start": 131,
        "end": 144,
        "type": "H",
        "start_vector": [
          10.847,
          -6.641,
          13.579
        ],
        "end_vector": [
          0.808,
          -16.622,
          -1.897
        ],
        "nested_sses": [
          {
            "label": null,
            "chain_id": "A",
            "start": 131,
            "end": 134,
            "type": "H"
          },
          {
            "label": null,
            "chain_id": "A",
            "start": 134,
            "end": 143,
            "type": "H"
          }
        ],
        "domain": "3mbt_A_01",
        "color": "s039",
        "color_hex": "#C300FF",
        "rainbow": "s743",
        "rainbow_hex": "#FF8A00"
      },
      {
        "label": "H25",
        "chain_id": "A",
        "start": 148,
        "end": 150,
        "type": "G",
        "start_vector": [
          9.552,
          -12.158,
          -3.913
        ],
        "end_vector": [
          11.887,
          -7.134,
          -3.424
        ],
        "nested_sses": [
          {
            "label": null,
            "chain_id": "A",
            "start": 148,
            "end": 150,
            "type": "G"
          }
        ],
        "domain": "3mbt_A_01",
        "color": "s333",
        "color_hex": "#00FEFF",
        "rainbow": "s793",
        "rainbow_hex": "#FF3D00"
      },
      {
        "label": "E26",
        "chain_id": "A",
        "start": 152,
        "end": 152,
        "type": "B",
        "sheet_id": 1,
        "start_vector": [
          11.856,
          -3.396,
          -3.081
        ],
        "end_vector": [
          12.51,
          -1.738,
          -1.493
        ],
        "domain": "3mbt_A_01",
        "color": "s626",
        "color_hex": "#C0FF00",
        "rainbow": "s840",
        "rainbow_hex": "#FF000A"
      }
    ]
  }
}
