{
  "4gh7_A_01": {
    "software": "SecStrAnnotator 2.2 [2022-01-02]",
    "args": "--onlyssa --verbose --batch /srv/var/jobs/Running/6c297d4c-2070-4f9d-90b3-e04d02f83d1f/job_data/cif_cealign /srv/var/jobs/Running/6c297d4c-2070-4f9d-90b3-e04d02f83d1f/job_data/cif_cealign/domain_batch.txt",
    "found": 16,
    "secondary_structure_elements": [
      {"label": "H0", "chain_id": "A", "start": 13, "end": 16, "type": "G", "start_vector": [-6.761, -15.161, -6.589], "end_vector": [-5.28, -13.77, 0.012], "nested_sses": [{"label": null, "chain_id": "A", "start": 13, "end": 15, "type": "G"}]},
      {"label": "H1", "chain_id": "A", "start": 24, "end": 27, "type": "H", "start_vector": [-13.169, 2.463, 9.745], "end_vector": [-7.312, 5.75, 9.933], "nested_sses": [{"label": null, "chain_id": "A", "start": 24, "end": 27, "type": "H"}]},
      {"label": "E2", "chain_id": "A", "start": 29, "end": 38, "type": "E", "sheet_id": 1, "start_vector": [-0.936, 9.16, 10.838], "end_vector": [10.852, -6.056, -5.281], "minor_axis": [0.82, 0.029, 0.572], "nested_sses": [{"label": null, "chain_id": "A", "start": 34, "end": 35, "type": "N", "sheet_id": -3, "comment": "A_NcCN_C_"}]},
      {"label": "E3", "chain_id": "A", "start": 50, "end": 50, "type": "B", "sheet_id": 2, "start_vector": [14.708, 6.018, -0.863], "end_vector": [12.858, 6.581, 0.651], "minor_axis": [0.543, -0.313, 0.779]},
      {"label": "E4", "chain_id": "A", "start": 53, "end": 58, "type": "E", "sheet_id": 1, "start_vector": [5.672, 7.963, 2.435], "end_vector": [-12.653, 10.72, 4.557], "minor_axis": [0.03, -0.477, 0.878]},
      {"label": "E5", "chain_id": "A", "start": 64, "end": 72, "type": "E", "sheet_id": 1, "start_vector": [-11.667, 8.494, 1.281], "end_vector": [13.827, 14.033, -4.092], "minor_axis": [0.271, -0.393, 0.879]},
      {"label": "E6", "chain_id": "A", "start": 75, "end": 85, "type": "E", "sheet_id": 1, "start_vector": [11.908, 20.233, -4.945], "end_vector": [-16.671, 2.4, -3.972], "minor_axis": [0.311, -0.453, 0.835]},
      {"label": "E7", "chain_id": "A", "start": 91, "end": 94, "type": "E", "sheet_id": 1, "start_vector": [-11.29, -3.118, 0.363], "end_vector": [-11.154, 4.86, -9.171], "minor_axis": [0.582, -0.628, -0.517]},
      {"label": "H8", "chain_id": "A", "start": 97, "end": 100, "type": "G", "start_vector": [-13.51, 6.148, -13.783], "end_vector": [-9.072, 7.72, -19.561], "nested_sses": [{"label": null, "chain_id": "A", "start": 97, "end": 99, "type": "G"}]},
      {"label": "E9", "chain_id": "A", "start": 103, "end": 113, "type": "E", "sheet_id": 1, "start_vector": [-8.113, 0.462, -19.275], "end_vector": [-5.066, -6.25, 10.791], "minor_axis": [0.995, 0.028, -0.095], "nested_sses": [{"label": null, "chain_id": "A", "start": 104, "end": 105, "type": "N", "sheet_id": -11, "comment": "A_NcCN_C_"}, {"label": null, "chain_id": "A", "start": 111, "end": 112, "type": "N", "sheet_id": -13, "comment": "A_NcCN_C_"}]},
      {"label": "E10", "chain_id": "A", "start": 118, "end": 127, "type": "E", "sheet_id": 1, "start_vector": [-0.076, -3.281, 12.134], "end_vector": [-3.986, -2.778, -19.08], "minor_axis": [0.987, -0.099, -0.125], "nested_sses": [{"label": null, "chain_id": "A", "start": 120, "end": 120, "type": "n", "sheet_id": -13, "comment": "A_C_NcCN_"}, {"label": null, "chain_id": "A", "start": 126, "end": 126, "type": "n", "sheet_id": -11, "comment": "A_C_NcCN_"}]},
      {"label": "E11", "chain_id": "A", "start": 130, "end": 139, "type": "E", "sheet_id": 1, "start_vector": [-0.419, -7.125, -19.076], "end_vector": [4.259, 0.598, 10.474], "minor_axis": [0.966, -0.243, -0.089], "nested_sses": [{"label": null, "chain_id": "A", "start": 137, "end": 137, "type": "n", "sheet_id": -3, "comment": "A_C_NcCN_"}]},
      {"label": "H12", "chain_id": "A", "start": 146, "end": 159, "type": "h", "start_vector": [9.848, -7.02, 13.681], "end_vector": [3.593, -15.62, -5.082], "nested_sses": [{"label": null, "chain_id": "A", "start": 146, "end": 158, "type": "H"}, {"label": null, "chain_id": "A", "start": 157, "end": 159, "type": "G"}]},
      {"label": "H13", "chain_id": "A", "start": 163, "end": 165, "type": "G", "start_vector": [13.162, -12.176, -5.307], "end_vector": [12.817, -7.099, -3.619], "nested_sses": [{"label": null, "chain_id": "A", "start": 163, "end": 165, "type": "G"}]},
      {"label": "E14", "chain_id": "A", "start": 166, "end": 167, "type": "E", "sheet_id": 1, "start_vector": [11.667, -6.817, -3.831], "end_vector": [12.556, -2.788, 0.344], "minor_axis": [0.943, -0.315, 0.104]},
      {"label": "E15", "chain_id": "A", "start": 170, "end": 170, "type": "B", "sheet_id": 2, "start_vector": [14.971, 3.513, 2.963], "end_vector": [14.934, 5.303, 4.669], "minor_axis": [-0.261, -0.669, 0.696]}
    ],
    "beta_connectivity": [
      ["E2", "E4", -1],
      ["E2", "E11", -1],
      ["E2", "E14", -1],
      ["E3", "E15", 1],
      ["E4", "E5", -1],
      ["E5", "E6", -1],
      ["E6", "E7", -1],
      ["E7", "E9", -1],
      ["E9", "E10", -1],
      ["E10", "E11", -1]
    ],
    "hydrogen_bonds": [
      ["A", 8, "A", 39],
      ["A", 15, "A", 12],
      ["A", 16, "A", 13],
      ["A", 19, "A", 110],
      ["A", 22, "A", 19],
      ["A", 24, "A", 22],
      ["A", 26, "A", 23],
      ["A", 27, "A", 23],
      ["A", 28, "A", 24],
      ["A", 29, "A", 56],
      ["A", 31, "A", 54],
      ["A", 32, "A", 139],
      ["A", 33, "A", 52],
      ["A", 34, "A", 32],
      ["A", 34, "A", 137],
      ["A", 35, "A", 137],
      ["A", 36, "A", 167],
      ["A", 37, "A", 135],
      ["A", 38, "A", 165],
      ["A", 39, "A", 133],
      ["A", 43, "A", 41],
      ["A", 44, "A", 42],
      ["A", 45, "A", 43],
      ["A", 51, "A", 170],
      ["A", 53, "A", 69],
      ["A", 54, "A", 31],
      ["A", 55, "A", 67],
      ["A", 56, "A", 29],
      ["A", 56, "A", 54],
      ["A", 57, "A", 55],
      ["A", 57, "A", 65],
      ["A", 58, "A", 56],
      ["A", 59, "A", 63],
      ["A", 62, "A", 59],
      ["A", 64, "A", 83],
      ["A", 65, "A", 57],
      ["A", 66, "A", 64],
      ["A", 66, "A", 81],
      ["A", 67, "A", 55],
      ["A", 67, "A", 65],
      ["A", 68, "A", 66],
      ["A", 68, "A", 79],
      ["A", 69, "A", 53],
      ["A", 70, "A", 77],
      ["A", 72, "A", 70],
      ["A", 72, "A", 75],
      ["A", 75, "A", 72],
      ["A", 77, "A", 70],
      ["A", 77, "A", 75],
      ["A", 79, "A", 68],
      ["A", 81, "A", 66],
      ["A", 83, "A", 64],
      ["A", 83, "A", 81],
      ["A", 84, "A", 82],
      ["A", 84, "A", 93],
      ["A", 86, "A", 91],
      ["A", 91, "A", 88],
      ["A", 92, "A", 108],
      ["A", 93, "A", 84],
      ["A", 95, "A", 82],
      ["A", 97, "A", 94],
      ["A", 99, "A", 96],
      ["A", 100, "A", 97],
      ["A", 103, "A", 100],
      ["A", 104, "A", 102],
      ["A", 104, "A", 126],
      ["A", 105, "A", 126],
      ["A", 107, "A", 124],
      ["A", 108, "A", 92],
      ["A", 109, "A", 122],
      ["A", 110, "A", 90],
      ["A", 111, "A", 109],
      ["A", 111, "A", 120],
      ["A", 112, "A", 120],
      ["A", 114, "A", 118],
      ["A", 115, "A", 118],
      ["A", 116, "A", 114],
      ["A", 119, "A", 138],
      ["A", 120, "A", 112],
      ["A", 121, "A", 136],
      ["A", 122, "A", 109],
      ["A", 123, "A", 134],
      ["A", 124, "A", 107],
      ["A", 125, "A", 132],
      ["A", 126, "A", 105],
      ["A", 127, "A", 125],
      ["A", 127, "A", 130],
      ["A", 128, "A", 102],
      ["A", 130, "A", 127],
      ["A", 132, "A", 125],
      ["A", 132, "A", 130],
      ["A", 134, "A", 123],
      ["A", 135, "A", 37],
      ["A", 136, "A", 121],
      ["A", 137, "A", 35],
      ["A", 138, "A", 119],
      ["A", 138, "A", 136],
      ["A", 139, "A", 32],
      ["A", 140, "A", 117],
      ["A", 149, "A", 145],
      ["A", 150, "A", 146],
      ["A", 151, "A", 147],
      ["A", 152, "A", 148],
      ["A", 153, "A", 149],
      ["A", 154, "A", 150],
      ["A", 155, "A", 151],
      ["A", 156, "A", 152],
      ["A", 157, "A", 153],
      ["A", 158, "A", 154],
      ["A", 159, "A", 155],
      ["A", 159, "A", 156],
      ["A", 160, "A", 157],
      ["A", 161, "A", 156],
      ["A", 165, "A", 162],
      ["A", 166, "A", 163],
      ["A", 167, "A", 36],
      ["A", 170, "A", 49],
      ["A", 176, "A", 174],
      ["A", 177, "A", 173]
    ]
  }
}
