{
  "4gh7_A_01": {
    "secondary_structure_elements": [
      {
        "label": "H0",
        "chain_id": "A",
        "start": 13,
        "end": 16,
        "type": "G",
        "start_vector": [
          -6.761,
          -15.161,
          -6.589
        ],
        "end_vector": [
          -5.28,
          -13.77,
          0.012
        ],
        "nested_sses": [
          {
            "label": null,
            "chain_id": "A",
            "start": 13,
            "end": 15,
            "type": "G"
          }
        ],
        "domain": "4gh7_A_01",
        "color": "s000",
        "color_hex": "#FF00FF",
        "rainbow": "s109",
        "rainbow_hex": "#5800FF"
      },
      {
        "label": "H4",
        "chain_id": "A",
        "start": 24,
        "end": 27,
        "type": "H",
        "start_vector": [
          -13.169,
          2.463,
          9.745
        ],
        "end_vector": [
          -7.312,
          5.75,
          9.933
        ],
        "nested_sses": [
          {
            "label": null,
            "chain_id": "A",
            "start": 24,
            "end": 27,
            "type": "H"
          }
        ],
        "domain": "4gh7_A_01",
        "color": "s173",
        "color_hex": "#0009FF",
        "rainbow": "s180",
        "rainbow_hex": "#0014FF"
      },
      {
        "label": "E5",
        "chain_id": "A",
        "start": 29,
        "end": 38,
        "type": "E",
        "sheet_id": 1,
        "start_vector": [
          -0.936,
          9.16,
          10.838
        ],
        "end_vector": [
          10.852,
          -6.056,
          -5.281
        ],
        "minor_axis": [
          0.82,
          0.029,
          0.572
        ],
        "nested_sses": [
          {
            "label": null,
            "chain_id": "A",
            "start": 34,
            "end": 35,
            "type": "N",
            "sheet_id": -3,
            "comment": "A_NcCN_C_"
          }
        ],
        "domain": "4gh7_A_01",
        "color": "s466",
        "color_hex": "#00FF34",
        "rainbow": "s233",
        "rainbow_hex": "#0065FF"
      },
      {
        "label": "E7",
        "chain_id": "A",
        "start": 50,
        "end": 50,
        "type": "B",
        "sheet_id": 2,
        "start_vector": [
          14.708,
          6.018,
          -0.863
        ],
        "end_vector": [
          12.858,
          6.581,
          0.651
        ],
        "minor_axis": [
          0.543,
          -0.313,
          0.779
        ],
        "domain": "4gh7_A_01",
        "color": "s053",
        "color_hex": "#AD00FF",
        "rainbow": "s286",
        "rainbow_hex": "#00B6FF"
      },
      {
        "label": "E8",
        "chain_id": "A",
        "start": 53,
        "end": 58,
        "type": "E",
        "sheet_id": 1,
        "start_vector": [
          5.672,
          7.963,
          2.435
        ],
        "end_vector": [
          -12.653,
          10.72,
          4.557
        ],
        "minor_axis": [
          0.03,
          -0.477,
          0.878
        ],
        "domain": "4gh7_A_01",
        "color": "s346",
        "color_hex": "#00FFEB",
        "rainbow": "s322",
        "rainbow_hex": "#00EDFF"
      },
      {
        "label": "E9",
        "chain_id": "A",
        "start": 64,
        "end": 72,
        "type": "E",
        "sheet_id": 1,
        "start_vector": [
          -11.667,
          8.494,
          1.281
        ],
        "end_vector": [
          13.827,
          14.033,
          -4.092
        ],
        "minor_axis": [
          0.271,
          -0.393,
          0.879
        ],
        "domain": "4gh7_A_01",
        "color": "s639",
        "color_hex": "#D4FF00",
        "rainbow": "s377",
        "rainbow_hex": "#00FFBC"
      },
      {
        "label": "E10",
        "chain_id": "A",
        "start": 75,
        "end": 85,
        "type": "E",
        "sheet_id": 1,
        "start_vector": [
          11.908,
          20.233,
          -4.945
        ],
        "end_vector": [
          -16.671,
          2.4,
          -3.972
        ],
        "minor_axis": [
          0.311,
          -0.453,
          0.835
        ],
        "domain": "4gh7_A_01",
        "color": "s933",
        "color_hex": "#FF0098",
        "rainbow": "s433",
        "rainbow_hex": "#00FF66"
      },
      {
        "label": "E15",
        "chain_id": "A",
        "start": 91,
        "end": 94,
        "type": "E",
        "sheet_id": 1,
        "start_vector": [
          -11.29,
          -3.118,
          0.363
        ],
        "end_vector": [
          -11.154,
          4.86,
          -9.171
        ],
        "minor_axis": [
          0.582,
          -0.628,
          -0.517
        ],
        "domain": "4gh7_A_01",
        "color": "s399",
        "color_hex": "#00FF9A",
        "rainbow": "s505",
        "rainbow_hex": "#07FF00"
      },
      {
        "label": "H16",
        "chain_id": "A",
        "start": 97,
        "end": 100,
        "type": "G",
        "start_vector": [
          -13.51,
          6.148,
          -13.783
        ],
        "end_vector": [
          -9.072,
          7.72,
          -19.561
        ],
        "nested_sses": [
          {
            "label": null,
            "chain_id": "A",
            "start": 97,
            "end": 99,
            "type": "G"
          }
        ],
        "domain": "4gh7_A_01",
        "color": "s693",
        "color_hex": "#FFD600",
        "rainbow": "s538",
        "rainbow_hex": "#3AFF00"
      },
      {
        "label": "E17",
        "chain_id": "A",
        "start": 103,
        "end": 113,
        "type": "E",
        "sheet_id": 1,
        "start_vector": [
          -8.113,
          0.462,
          -19.275
        ],
        "end_vector": [
          -5.066,
          -6.25,
          10.791
        ],
        "minor_axis": [
          0.995,
          0.028,
          -0.095
        ],
        "nested_sses": [
          {
            "label": null,
            "chain_id": "A",
            "start": 104,
            "end": 105,
            "type": "N",
            "sheet_id": -11,
            "comment": "A_NcCN_C_"
          },
          {
            "label": null,
            "chain_id": "A",
            "start": 111,
            "end": 112,
            "type": "N",
            "sheet_id": -13,
            "comment": "A_NcCN_C_"
          }
        ],
        "domain": "4gh7_A_01",
        "color": "s986",
        "color_hex": "#FF00E9",
        "rainbow": "s570",
        "rainbow_hex": "#6BFF00"
      },
      {
        "label": "E21",
        "chain_id": "A",
        "start": 118,
        "end": 127,
        "type": "E",
        "sheet_id": 1,
        "start_vector": [
          -0.076,
          -3.281,
          12.134
        ],
        "end_vector": [
          -3.986,
          -2.778,
          -19.08
        ],
        "minor_axis": [
          0.987,
          -0.099,
          -0.125
        ],
        "nested_sses": [
          {
            "label": null,
            "chain_id": "A",
            "start": 120,
            "end": 120,
            "type": "n",
            "sheet_id": -13,
            "comment": "A_C_NcCN_"
          },
          {
            "label": null,
            "chain_id": "A",
            "start": 126,
            "end": 126,
            "type": "n",
            "sheet_id": -11,
            "comment": "A_C_NcCN_"
          }
        ],
        "domain": "4gh7_A_01",
        "color": "s159",
        "color_hex": "#0B00FF",
        "rainbow": "s631",
        "rainbow_hex": "#C8FF00"
      },
      {
        "label": "E23",
        "chain_id": "A",
        "start": 130,
        "end": 139,
        "type": "E",
        "sheet_id": 1,
        "start_vector": [
          -0.419,
          -7.125,
          -19.076
        ],
        "end_vector": [
          4.259,
          0.598,
          10.474
        ],
        "minor_axis": [
          0.966,
          -0.243,
          -0.089
        ],
        "nested_sses": [
          {
            "label": null,
            "chain_id": "A",
            "start": 137,
            "end": 137,
            "type": "n",
            "sheet_id": -3,
            "comment": "A_C_NcCN_"
          }
        ],
        "domain": "4gh7_A_01",
        "color": "s746",
        "color_hex": "#FF8500",
        "rainbow": "s690",
        "rainbow_hex": "#FFDB00"
      },
      {
        "label": "H24",
        "chain_id": "A",
        "start": 146,
        "end": 159,
        "type": "h",
        "start_vector": [
          9.848,
          -7.02,
          13.681
        ],
        "end_vector": [
          3.593,
          -15.62,
          -5.082
        ],
        "nested_sses": [
          {
            "label": null,
            "chain_id": "A",
            "start": 146,
            "end": 158,
            "type": "H"
          },
          {
            "label": null,
            "chain_id": "A",
            "start": 157,
            "end": 159,
            "type": "G"
          }
        ],
        "domain": "4gh7_A_01",
        "color": "s039",
        "color_hex": "#C300FF",
        "rainbow": "s743",
        "rainbow_hex": "#FF8A00"
      },
      {
        "label": "H25",
        "chain_id": "A",
        "start": 163,
        "end": 165,
        "type": "G",
        "start_vector": [
          13.162,
          -12.176,
          -5.307
        ],
        "end_vector": [
          12.817,
          -7.099,
          -3.619
        ],
        "nested_sses": [
          {
            "label": null,
            "chain_id": "A",
            "start": 163,
            "end": 165,
            "type": "G"
          }
        ],
        "domain": "4gh7_A_01",
        "color": "s333",
        "color_hex": "#00FEFF",
        "rainbow": "s793",
        "rainbow_hex": "#FF3D00"
      },
      {
        "label": "E26",
        "chain_id": "A",
        "start": 166,
        "end": 167,
        "type": "E",
        "sheet_id": 1,
        "start_vector": [
          11.667,
          -6.817,
          -3.831
        ],
        "end_vector": [
          12.556,
          -2.788,
          0.344
        ],
        "minor_axis": [
          0.943,
          -0.315,
          0.104
        ],
        "domain": "4gh7_A_01",
        "color": "s626",
        "color_hex": "#C0FF00",
        "rainbow": "s840",
        "rainbow_hex": "#FF000A"
      },
      {
        "label": "E28",
        "chain_id": "A",
        "start": 170,
        "end": 170,
        "type": "B",
        "sheet_id": 2,
        "start_vector": [
          14.971,
          3.513,
          2.963
        ],
        "end_vector": [
          14.934,
          5.303,
          4.669
        ],
        "minor_axis": [
          -0.261,
          -0.669,
          0.696
        ],
        "domain": "4gh7_A_01",
        "color": "s213",
        "color_hex": "#0046FF",
        "rainbow": "s884",
        "rainbow_hex": "#FF004D"
      }
    ]
  }
}
