{
  "4iaw_A_01": {
    "secondary_structure_elements": [
      {
        "label": "H0",
        "chain_id": "A",
        "start": 13,
        "end": 16,
        "type": "G",
        "start_vector": [
          -6.606,
          -15.546,
          -6.196
        ],
        "end_vector": [
          -5.086,
          -14.058,
          0.188
        ],
        "nested_sses": [
          {
            "label": null,
            "chain_id": "A",
            "start": 13,
            "end": 15,
            "type": "G"
          }
        ],
        "domain": "4iaw_A_01",
        "color": "s000",
        "color_hex": "#FF00FF",
        "rainbow": "s109",
        "rainbow_hex": "#5800FF"
      },
      {
        "label": "H4",
        "chain_id": "A",
        "start": 24,
        "end": 27,
        "type": "H",
        "start_vector": [
          -13.213,
          2.263,
          9.741
        ],
        "end_vector": [
          -7.481,
          5.545,
          10.13
        ],
        "nested_sses": [
          {
            "label": null,
            "chain_id": "A",
            "start": 24,
            "end": 27,
            "type": "H"
          }
        ],
        "domain": "4iaw_A_01",
        "color": "s173",
        "color_hex": "#0009FF",
        "rainbow": "s180",
        "rainbow_hex": "#0014FF"
      },
      {
        "label": "E5",
        "chain_id": "A",
        "start": 29,
        "end": 38,
        "type": "E",
        "sheet_id": 1,
        "start_vector": [
          -0.956,
          9.246,
          10.672
        ],
        "end_vector": [
          10.399,
          -6.251,
          -5.261
        ],
        "nested_sses": [
          {
            "label": null,
            "chain_id": "A",
            "start": 34,
            "end": 35,
            "type": "N",
            "sheet_id": -3,
            "comment": "A_NcCN_C_"
          }
        ],
        "domain": "4iaw_A_01",
        "color": "s466",
        "color_hex": "#00FF34",
        "rainbow": "s233",
        "rainbow_hex": "#0065FF"
      },
      {
        "label": "H6",
        "chain_id": "A",
        "start": 46,
        "end": 49,
        "type": "G",
        "start_vector": [
          18.558,
          6.289,
          -7.714
        ],
        "end_vector": [
          13.619,
          5.836,
          -1.736
        ],
        "nested_sses": [
          {
            "label": null,
            "chain_id": "A",
            "start": 46,
            "end": 49,
            "type": "G"
          }
        ],
        "domain": "4iaw_A_01",
        "color": "s759",
        "color_hex": "#FF7100",
        "rainbow": "s269",
        "rainbow_hex": "#009CFF"
      },
      {
        "label": "E7",
        "chain_id": "A",
        "start": 50,
        "end": 50,
        "type": "B",
        "sheet_id": 2,
        "start_vector": [
          14.417,
          6.058,
          -1.163
        ],
        "end_vector": [
          12.491,
          6.614,
          0.303
        ],
        "domain": "4iaw_A_01",
        "color": "s053",
        "color_hex": "#AD00FF",
        "rainbow": "s286",
        "rainbow_hex": "#00B6FF"
      },
      {
        "label": "E8",
        "chain_id": "A",
        "start": 53,
        "end": 58,
        "type": "E",
        "sheet_id": 1,
        "start_vector": [
          5.638,
          8.353,
          2.553
        ],
        "end_vector": [
          -12.654,
          10.832,
          4.707
        ],
        "domain": "4iaw_A_01",
        "color": "s346",
        "color_hex": "#00FFEB",
        "rainbow": "s322",
        "rainbow_hex": "#00EDFF"
      },
      {
        "label": "E9",
        "chain_id": "A",
        "start": 64,
        "end": 72,
        "type": "E",
        "sheet_id": 1,
        "start_vector": [
          -11.587,
          8.638,
          1.447
        ],
        "end_vector": [
          13.972,
          13.875,
          -4.234
        ],
        "domain": "4iaw_A_01",
        "color": "s639",
        "color_hex": "#D4FF00",
        "rainbow": "s377",
        "rainbow_hex": "#00FFBC"
      },
      {
        "label": "E10",
        "chain_id": "A",
        "start": 75,
        "end": 85,
        "type": "E",
        "sheet_id": 1,
        "start_vector": [
          11.973,
          19.824,
          -5.213
        ],
        "end_vector": [
          -16.564,
          2.485,
          -3.569
        ],
        "domain": "4iaw_A_01",
        "color": "s933",
        "color_hex": "#FF0098",
        "rainbow": "s433",
        "rainbow_hex": "#00FF66"
      },
      {
        "label": "E15",
        "chain_id": "A",
        "start": 91,
        "end": 94,
        "type": "E",
        "sheet_id": 1,
        "start_vector": [
          -11.459,
          -3.181,
          0.213
        ],
        "end_vector": [
          -10.986,
          4.979,
          -9.123
        ],
        "domain": "4iaw_A_01",
        "color": "s399",
        "color_hex": "#00FF9A",
        "rainbow": "s505",
        "rainbow_hex": "#07FF00"
      },
      {
        "label": "H16",
        "chain_id": "A",
        "start": 97,
        "end": 100,
        "type": "G",
        "start_vector": [
          -12.05,
          8.21,
          -13.913
        ],
        "end_vector": [
          -6.16,
          9.223,
          -17.938
        ],
        "nested_sses": [
          {
            "label": null,
            "chain_id": "A",
            "start": 97,
            "end": 99,
            "type": "G"
          }
        ],
        "domain": "4iaw_A_01",
        "color": "s693",
        "color_hex": "#FFD600",
        "rainbow": "s538",
        "rainbow_hex": "#3AFF00"
      },
      {
        "label": "E17",
        "chain_id": "A",
        "start": 103,
        "end": 113,
        "type": "E",
        "sheet_id": 1,
        "start_vector": [
          -7.113,
          1.166,
          -18.734
        ],
        "end_vector": [
          -5.743,
          -6.698,
          10.597
        ],
        "nested_sses": [
          {
            "label": null,
            "chain_id": "A",
            "start": 104,
            "end": 105,
            "type": "N",
            "sheet_id": -11,
            "comment": "A_NcCN_C_"
          },
          {
            "label": null,
            "chain_id": "A",
            "start": 111,
            "end": 112,
            "type": "N",
            "sheet_id": -13,
            "comment": "A_NcCN_C_"
          }
        ],
        "domain": "4iaw_A_01",
        "color": "s986",
        "color_hex": "#FF00E9",
        "rainbow": "s570",
        "rainbow_hex": "#6BFF00"
      },
      {
        "label": "E21",
        "chain_id": "A",
        "start": 118,
        "end": 127,
        "type": "E",
        "sheet_id": 1,
        "start_vector": [
          -0.616,
          -3.495,
          12.057
        ],
        "end_vector": [
          -3.492,
          -2.721,
          -18.57
        ],
        "nested_sses": [
          {
            "label": null,
            "chain_id": "A",
            "start": 120,
            "end": 120,
            "type": "n",
            "sheet_id": -13,
            "comment": "A_C_NcCN_"
          },
          {
            "label": null,
            "chain_id": "A",
            "start": 126,
            "end": 126,
            "type": "n",
            "sheet_id": -11,
            "comment": "A_C_NcCN_"
          }
        ],
        "domain": "4iaw_A_01",
        "color": "s159",
        "color_hex": "#0B00FF",
        "rainbow": "s631",
        "rainbow_hex": "#C8FF00"
      },
      {
        "label": "E23",
        "chain_id": "A",
        "start": 130,
        "end": 139,
        "type": "E",
        "sheet_id": 1,
        "start_vector": [
          -0.598,
          -7.188,
          -18.852
        ],
        "end_vector": [
          4.045,
          0.321,
          10.404
        ],
        "nested_sses": [
          {
            "label": null,
            "chain_id": "A",
            "start": 137,
            "end": 137,
            "type": "n",
            "sheet_id": -3,
            "comment": "A_C_NcCN_"
          }
        ],
        "domain": "4iaw_A_01",
        "color": "s746",
        "color_hex": "#FF8500",
        "rainbow": "s690",
        "rainbow_hex": "#FFDB00"
      },
      {
        "label": "H24",
        "chain_id": "A",
        "start": 146,
        "end": 159,
        "type": "h",
        "start_vector": [
          9.775,
          -6.602,
          13.913
        ],
        "end_vector": [
          3.894,
          -15.859,
          -4.988
        ],
        "nested_sses": [
          {
            "label": null,
            "chain_id": "A",
            "start": 146,
            "end": 158,
            "type": "H"
          },
          {
            "label": null,
            "chain_id": "A",
            "start": 157,
            "end": 159,
            "type": "G"
          }
        ],
        "domain": "4iaw_A_01",
        "color": "s039",
        "color_hex": "#C300FF",
        "rainbow": "s743",
        "rainbow_hex": "#FF8A00"
      },
      {
        "label": "H25",
        "chain_id": "A",
        "start": 163,
        "end": 166,
        "type": "G",
        "start_vector": [
          13.461,
          -11.593,
          -5.408
        ],
        "end_vector": [
          12.021,
          -5.158,
          -3.667
        ],
        "nested_sses": [
          {
            "label": null,
            "chain_id": "A",
            "start": 163,
            "end": 165,
            "type": "G"
          }
        ],
        "domain": "4iaw_A_01",
        "color": "s333",
        "color_hex": "#00FEFF",
        "rainbow": "s793",
        "rainbow_hex": "#FF3D00"
      },
      {
        "label": "E26",
        "chain_id": "A",
        "start": 166,
        "end": 167,
        "type": "E",
        "sheet_id": 1,
        "start_vector": [
          11.351,
          -6.715,
          -4.006
        ],
        "end_vector": [
          12.421,
          -2.86,
          0.349
        ],
        "domain": "4iaw_A_01",
        "color": "s626",
        "color_hex": "#C0FF00",
        "rainbow": "s840",
        "rainbow_hex": "#FF000A"
      },
      {
        "label": "E28",
        "chain_id": "A",
        "start": 170,
        "end": 170,
        "type": "B",
        "sheet_id": 2,
        "start_vector": [
          14.627,
          3.653,
          2.708
        ],
        "end_vector": [
          14.667,
          5.374,
          4.413
        ],
        "domain": "4iaw_A_01",
        "color": "s213",
        "color_hex": "#0046FF",
        "rainbow": "s884",
        "rainbow_hex": "#FF004D"
      }
    ]
  }
}
