{
    "4iaw_A_01": {
        "software": "SecStrAnnotator 2.2 [2020-07-01]",
        "args": "--onlyssa --verbose /server_data/overprot_data/jobs/Running/da312bcd-aca6-4264-8133-053ab50438ac/job_data/cif_cealign/ 4iaw_A_01,A",
        "found": 17,
        "secondary_structure_elements": [
            { "label": "G0", "chain_id": "A", "start": 13, "end": 16, "type": "G", "start_vector": [ -6.606, -15.546, -6.196 ], "end_vector": [ -5.086, -14.058, 0.188 ], "nested_sses": [ { "label": null, "chain_id": "A", "start": 13, "end": 15, "type": "G" } ] },
            { "label": "H1", "chain_id": "A", "start": 24, "end": 27, "type": "H", "start_vector": [ -13.213, 2.263, 9.741 ], "end_vector": [ -7.481, 5.545, 10.13 ], "nested_sses": [ { "label": null, "chain_id": "A", "start": 24, "end": 27, "type": "H" } ] },
            { "label": "E2", "chain_id": "A", "start": 29, "end": 38, "type": "E", "sheet_id": 1, "start_vector": [ -0.956, 9.246, 10.672 ], "end_vector": [ 10.399, -6.251, -5.261 ], "nested_sses": [ { "label": null, "chain_id": "A", "start": 34, "end": 35, "type": "N", "sheet_id": -3, "comment": "A_NcCN_C_" } ] },
            { "label": "G3", "chain_id": "A", "start": 46, "end": 49, "type": "G", "start_vector": [ 18.558, 6.289, -7.714 ], "end_vector": [ 13.619, 5.836, -1.736 ], "nested_sses": [ { "label": null, "chain_id": "A", "start": 46, "end": 49, "type": "G" } ] },
            { "label": "B4", "chain_id": "A", "start": 50, "end": 50, "type": "B", "sheet_id": 2, "start_vector": [ 14.417, 6.058, -1.163 ], "end_vector": [ 12.491, 6.614, 0.303 ] },
            { "label": "E5", "chain_id": "A", "start": 53, "end": 58, "type": "E", "sheet_id": 1, "start_vector": [ 5.638, 8.353, 2.553 ], "end_vector": [ -12.654, 10.832, 4.707 ] },
            { "label": "E6", "chain_id": "A", "start": 64, "end": 72, "type": "E", "sheet_id": 1, "start_vector": [ -11.587, 8.638, 1.447 ], "end_vector": [ 13.972, 13.875, -4.234 ] },
            { "label": "E7", "chain_id": "A", "start": 75, "end": 85, "type": "E", "sheet_id": 1, "start_vector": [ 11.973, 19.824, -5.213 ], "end_vector": [ -16.564, 2.485, -3.569 ] },
            { "label": "E8", "chain_id": "A", "start": 91, "end": 94, "type": "E", "sheet_id": 1, "start_vector": [ -11.459, -3.181, 0.213 ], "end_vector": [ -10.986, 4.979, -9.123 ] },
            { "label": "G9", "chain_id": "A", "start": 97, "end": 100, "type": "G", "start_vector": [ -12.05, 8.21, -13.913 ], "end_vector": [ -6.16, 9.223, -17.938 ], "nested_sses": [ { "label": null, "chain_id": "A", "start": 97, "end": 99, "type": "G" } ] },
            { "label": "E10", "chain_id": "A", "start": 103, "end": 113, "type": "E", "sheet_id": 1, "start_vector": [ -7.113, 1.166, -18.734 ], "end_vector": [ -5.743, -6.698, 10.597 ], "nested_sses": [ { "label": null, "chain_id": "A", "start": 104, "end": 105, "type": "N", "sheet_id": -11, "comment": "A_NcCN_C_" }, { "label": null, "chain_id": "A", "start": 111, "end": 112, "type": "N", "sheet_id": -13, "comment": "A_NcCN_C_" } ] },
            { "label": "E11", "chain_id": "A", "start": 118, "end": 127, "type": "E", "sheet_id": 1, "start_vector": [ -0.616, -3.495, 12.057 ], "end_vector": [ -3.492, -2.721, -18.57 ], "nested_sses": [ { "label": null, "chain_id": "A", "start": 120, "end": 120, "type": "n", "sheet_id": -13, "comment": "A_C_NcCN_" }, { "label": null, "chain_id": "A", "start": 126, "end": 126, "type": "n", "sheet_id": -11, "comment": "A_C_NcCN_" } ] },
            { "label": "E12", "chain_id": "A", "start": 130, "end": 139, "type": "E", "sheet_id": 1, "start_vector": [ -0.598, -7.188, -18.852 ], "end_vector": [ 4.045, 0.321, 10.404 ], "nested_sses": [ { "label": null, "chain_id": "A", "start": 137, "end": 137, "type": "n", "sheet_id": -3, "comment": "A_C_NcCN_" } ] },
            { "label": "h13", "chain_id": "A", "start": 146, "end": 159, "type": "h", "start_vector": [ 9.775, -6.602, 13.913 ], "end_vector": [ 3.894, -15.859, -4.988 ], "nested_sses": [ { "label": null, "chain_id": "A", "start": 146, "end": 158, "type": "H" }, { "label": null, "chain_id": "A", "start": 157, "end": 159, "type": "G" } ] },
            { "label": "G14", "chain_id": "A", "start": 163, "end": 166, "type": "G", "start_vector": [ 13.461, -11.593, -5.408 ], "end_vector": [ 12.021, -5.158, -3.667 ], "nested_sses": [ { "label": null, "chain_id": "A", "start": 163, "end": 165, "type": "G" } ] },
            { "label": "E15", "chain_id": "A", "start": 166, "end": 167, "type": "E", "sheet_id": 1, "start_vector": [ 11.351, -6.715, -4.006 ], "end_vector": [ 12.421, -2.86, 0.349 ] },
            { "label": "B16", "chain_id": "A", "start": 170, "end": 170, "type": "B", "sheet_id": 2, "start_vector": [ 14.627, 3.653, 2.708 ], "end_vector": [ 14.667, 5.374, 4.413 ] }
        ],
        "beta_connectivity": [
            [ "E2", "E5", -1 ],
            [ "E2", "E12", -1 ],
            [ "E2", "E15", -1 ],
            [ "B4", "B16", 1 ],
            [ "E5", "E6", -1 ],
            [ "E6", "E7", -1 ],
            [ "E7", "E8", -1 ],
            [ "E8", "E10", -1 ],
            [ "E10", "E11", -1 ],
            [ "E11", "E12", -1 ]
        ],
        "hydrogen_bonds": [
            [ "A", 15, "A", 12 ],
            [ "A", 16, "A", 13 ],
            [ "A", 19, "A", 110 ],
            [ "A", 22, "A", 19 ],
            [ "A", 24, "A", 22 ],
            [ "A", 27, "A", 23 ],
            [ "A", 28, "A", 24 ],
            [ "A", 29, "A", 56 ],
            [ "A", 31, "A", 54 ],
            [ "A", 32, "A", 139 ],
            [ "A", 33, "A", 52 ],
            [ "A", 34, "A", 32 ],
            [ "A", 34, "A", 137 ],
            [ "A", 35, "A", 137 ],
            [ "A", 36, "A", 167 ],
            [ "A", 37, "A", 135 ],
            [ "A", 38, "A", 165 ],
            [ "A", 39, "A", 133 ],
            [ "A", 48, "A", 45 ],
            [ "A", 49, "A", 46 ],
            [ "A", 50, "A", 47 ],
            [ "A", 51, "A", 170 ],
            [ "A", 53, "A", 69 ],
            [ "A", 54, "A", 31 ],
            [ "A", 55, "A", 67 ],
            [ "A", 56, "A", 29 ],
            [ "A", 57, "A", 55 ],
            [ "A", 57, "A", 65 ],
            [ "A", 58, "A", 56 ],
            [ "A", 59, "A", 63 ],
            [ "A", 62, "A", 59 ],
            [ "A", 64, "A", 83 ],
            [ "A", 65, "A", 57 ],
            [ "A", 66, "A", 64 ],
            [ "A", 66, "A", 81 ],
            [ "A", 67, "A", 55 ],
            [ "A", 67, "A", 65 ],
            [ "A", 68, "A", 66 ],
            [ "A", 68, "A", 79 ],
            [ "A", 69, "A", 53 ],
            [ "A", 70, "A", 77 ],
            [ "A", 72, "A", 70 ],
            [ "A", 72, "A", 75 ],
            [ "A", 75, "A", 72 ],
            [ "A", 77, "A", 70 ],
            [ "A", 77, "A", 75 ],
            [ "A", 79, "A", 68 ],
            [ "A", 81, "A", 66 ],
            [ "A", 83, "A", 64 ],
            [ "A", 83, "A", 81 ],
            [ "A", 84, "A", 82 ],
            [ "A", 84, "A", 93 ],
            [ "A", 86, "A", 91 ],
            [ "A", 91, "A", 88 ],
            [ "A", 92, "A", 108 ],
            [ "A", 93, "A", 84 ],
            [ "A", 95, "A", 82 ],
            [ "A", 97, "A", 94 ],
            [ "A", 99, "A", 96 ],
            [ "A", 100, "A", 97 ],
            [ "A", 103, "A", 100 ],
            [ "A", 104, "A", 102 ],
            [ "A", 104, "A", 126 ],
            [ "A", 105, "A", 126 ],
            [ "A", 107, "A", 124 ],
            [ "A", 108, "A", 92 ],
            [ "A", 109, "A", 122 ],
            [ "A", 110, "A", 90 ],
            [ "A", 111, "A", 109 ],
            [ "A", 111, "A", 120 ],
            [ "A", 112, "A", 120 ],
            [ "A", 114, "A", 118 ],
            [ "A", 115, "A", 118 ],
            [ "A", 116, "A", 114 ],
            [ "A", 119, "A", 138 ],
            [ "A", 120, "A", 112 ],
            [ "A", 121, "A", 136 ],
            [ "A", 122, "A", 109 ],
            [ "A", 123, "A", 134 ],
            [ "A", 124, "A", 107 ],
            [ "A", 125, "A", 132 ],
            [ "A", 126, "A", 105 ],
            [ "A", 127, "A", 130 ],
            [ "A", 128, "A", 102 ],
            [ "A", 130, "A", 127 ],
            [ "A", 132, "A", 125 ],
            [ "A", 132, "A", 130 ],
            [ "A", 134, "A", 123 ],
            [ "A", 135, "A", 37 ],
            [ "A", 136, "A", 121 ],
            [ "A", 137, "A", 35 ],
            [ "A", 138, "A", 119 ],
            [ "A", 138, "A", 136 ],
            [ "A", 139, "A", 32 ],
            [ "A", 140, "A", 117 ],
            [ "A", 148, "A", 145 ],
            [ "A", 149, "A", 145 ],
            [ "A", 150, "A", 146 ],
            [ "A", 151, "A", 147 ],
            [ "A", 152, "A", 148 ],
            [ "A", 153, "A", 149 ],
            [ "A", 154, "A", 150 ],
            [ "A", 155, "A", 151 ],
            [ "A", 156, "A", 152 ],
            [ "A", 157, "A", 153 ],
            [ "A", 158, "A", 154 ],
            [ "A", 159, "A", 155 ],
            [ "A", 159, "A", 156 ],
            [ "A", 160, "A", 157 ],
            [ "A", 161, "A", 156 ],
            [ "A", 165, "A", 162 ],
            [ "A", 166, "A", 163 ],
            [ "A", 167, "A", 36 ],
            [ "A", 170, "A", 49 ],
            [ "A", 176, "A", 174 ],
            [ "A", 177, "A", 173 ],
            [ "A", 178, "A", 173 ],
            [ "A", 179, "A", 177 ]
        ]
    }
}
