{
    "4iax_A_01": {
        "software": "SecStrAnnotator 2.2 [2020-07-01]",
        "args": "--onlyssa --verbose /server_data/overprot_data/jobs/Running/da312bcd-aca6-4264-8133-053ab50438ac/job_data/cif_cealign/ 4iax_A_01,A",
        "found": 17,
        "secondary_structure_elements": [
            { "label": "G0", "chain_id": "A", "start": 13, "end": 16, "type": "G", "start_vector": [ -6.637, -15.159, -6.569 ], "end_vector": [ -5.056, -14.063, 0.233 ], "nested_sses": [ { "label": null, "chain_id": "A", "start": 13, "end": 15, "type": "G" } ] },
            { "label": "H1", "chain_id": "A", "start": 24, "end": 27, "type": "H", "start_vector": [ -13.274, 2.419, 9.755 ], "end_vector": [ -7.489, 5.5, 9.999 ], "nested_sses": [ { "label": null, "chain_id": "A", "start": 24, "end": 27, "type": "H" } ] },
            { "label": "E2", "chain_id": "A", "start": 29, "end": 38, "type": "E", "sheet_id": 1, "start_vector": [ -0.989, 9.176, 10.507 ], "end_vector": [ 10.354, -6.293, -5.113 ], "nested_sses": [ { "label": null, "chain_id": "A", "start": 34, "end": 35, "type": "N", "sheet_id": -3, "comment": "A_NcCN_C_" } ] },
            { "label": "G3", "chain_id": "A", "start": 46, "end": 49, "type": "G", "start_vector": [ 17.748, 6.059, -8.258 ], "end_vector": [ 13.403, 5.93, -1.953 ], "nested_sses": [ { "label": null, "chain_id": "A", "start": 46, "end": 49, "type": "G" } ] },
            { "label": "B4", "chain_id": "A", "start": 50, "end": 50, "type": "B", "sheet_id": 2, "start_vector": [ 14.188, 6.079, -1.265 ], "end_vector": [ 12.466, 6.632, 0.41 ] },
            { "label": "E5", "chain_id": "A", "start": 53, "end": 58, "type": "E", "sheet_id": 1, "start_vector": [ 5.601, 8.175, 2.691 ], "end_vector": [ -12.353, 10.792, 4.395 ] },
            { "label": "E6", "chain_id": "A", "start": 64, "end": 72, "type": "E", "sheet_id": 1, "start_vector": [ -11.421, 8.381, 1.157 ], "end_vector": [ 14.198, 14.078, -4.173 ] },
            { "label": "E7", "chain_id": "A", "start": 75, "end": 85, "type": "E", "sheet_id": 1, "start_vector": [ 12.091, 19.724, -5.119 ], "end_vector": [ -16.689, 2.164, -3.737 ] },
            { "label": "E8", "chain_id": "A", "start": 91, "end": 94, "type": "E", "sheet_id": 1, "start_vector": [ -11.823, -3.396, 0.169 ], "end_vector": [ -10.864, 4.671, -9.175 ] },
            { "label": "G9", "chain_id": "A", "start": 97, "end": 100, "type": "G", "start_vector": [ -12.138, 7.771, -13.73 ], "end_vector": [ -6.358, 9.448, -17.618 ], "nested_sses": [ { "label": null, "chain_id": "A", "start": 97, "end": 99, "type": "G" } ] },
            { "label": "E10", "chain_id": "A", "start": 103, "end": 113, "type": "E", "sheet_id": 1, "start_vector": [ -7.006, 1.093, -18.599 ], "end_vector": [ -5.879, -6.832, 10.596 ], "nested_sses": [ { "label": null, "chain_id": "A", "start": 104, "end": 105, "type": "N", "sheet_id": -11, "comment": "A_NcCN_C_" }, { "label": null, "chain_id": "A", "start": 111, "end": 112, "type": "N", "sheet_id": -13, "comment": "A_NcCN_C_" } ] },
            { "label": "E11", "chain_id": "A", "start": 118, "end": 127, "type": "E", "sheet_id": 1, "start_vector": [ -0.828, -3.57, 12.074 ], "end_vector": [ -3.341, -2.752, -18.554 ], "nested_sses": [ { "label": null, "chain_id": "A", "start": 120, "end": 120, "type": "n", "sheet_id": -13, "comment": "A_C_NcCN_" }, { "label": null, "chain_id": "A", "start": 126, "end": 126, "type": "n", "sheet_id": -11, "comment": "A_C_NcCN_" } ] },
            { "label": "E12", "chain_id": "A", "start": 130, "end": 139, "type": "E", "sheet_id": 1, "start_vector": [ -0.434, -7.113, -18.788 ], "end_vector": [ 3.832, 0.183, 10.461 ], "nested_sses": [ { "label": null, "chain_id": "A", "start": 137, "end": 137, "type": "n", "sheet_id": -3, "comment": "A_C_NcCN_" } ] },
            { "label": "h13", "chain_id": "A", "start": 146, "end": 159, "type": "h", "start_vector": [ 10.129, -6.726, 13.63 ], "end_vector": [ 3.914, -15.881, -5.007 ], "nested_sses": [ { "label": null, "chain_id": "A", "start": 146, "end": 158, "type": "H" }, { "label": null, "chain_id": "A", "start": 157, "end": 159, "type": "G" } ] },
            { "label": "G14", "chain_id": "A", "start": 163, "end": 166, "type": "G", "start_vector": [ 13.549, -11.663, -5.333 ], "end_vector": [ 12.025, -5.114, -3.533 ], "nested_sses": [ { "label": null, "chain_id": "A", "start": 163, "end": 165, "type": "G" } ] },
            { "label": "E15", "chain_id": "A", "start": 166, "end": 167, "type": "E", "sheet_id": 1, "start_vector": [ 11.302, -6.657, -3.907 ], "end_vector": [ 12.45, -2.781, 0.337 ] },
            { "label": "B16", "chain_id": "A", "start": 170, "end": 170, "type": "B", "sheet_id": 2, "start_vector": [ 14.715, 3.748, 2.854 ], "end_vector": [ 14.608, 5.493, 4.517 ] }
        ],
        "beta_connectivity": [
            [ "E2", "E5", -1 ],
            [ "E2", "E12", -1 ],
            [ "E2", "E15", -1 ],
            [ "B4", "B16", 1 ],
            [ "E5", "E6", -1 ],
            [ "E6", "E7", -1 ],
            [ "E7", "E8", -1 ],
            [ "E8", "E10", -1 ],
            [ "E10", "E11", -1 ],
            [ "E11", "E12", -1 ]
        ],
        "hydrogen_bonds": [
            [ "A", 15, "A", 12 ],
            [ "A", 16, "A", 13 ],
            [ "A", 19, "A", 110 ],
            [ "A", 22, "A", 19 ],
            [ "A", 24, "A", 22 ],
            [ "A", 26, "A", 23 ],
            [ "A", 27, "A", 23 ],
            [ "A", 28, "A", 24 ],
            [ "A", 29, "A", 56 ],
            [ "A", 31, "A", 54 ],
            [ "A", 32, "A", 139 ],
            [ "A", 33, "A", 52 ],
            [ "A", 34, "A", 32 ],
            [ "A", 34, "A", 137 ],
            [ "A", 35, "A", 137 ],
            [ "A", 36, "A", 167 ],
            [ "A", 37, "A", 135 ],
            [ "A", 38, "A", 165 ],
            [ "A", 39, "A", 133 ],
            [ "A", 40, "A", 133 ],
            [ "A", 48, "A", 45 ],
            [ "A", 49, "A", 46 ],
            [ "A", 50, "A", 47 ],
            [ "A", 51, "A", 170 ],
            [ "A", 53, "A", 69 ],
            [ "A", 54, "A", 31 ],
            [ "A", 55, "A", 67 ],
            [ "A", 56, "A", 29 ],
            [ "A", 57, "A", 55 ],
            [ "A", 57, "A", 65 ],
            [ "A", 58, "A", 56 ],
            [ "A", 59, "A", 63 ],
            [ "A", 62, "A", 59 ],
            [ "A", 64, "A", 83 ],
            [ "A", 65, "A", 57 ],
            [ "A", 66, "A", 64 ],
            [ "A", 66, "A", 81 ],
            [ "A", 67, "A", 55 ],
            [ "A", 67, "A", 65 ],
            [ "A", 68, "A", 66 ],
            [ "A", 68, "A", 79 ],
            [ "A", 69, "A", 53 ],
            [ "A", 70, "A", 77 ],
            [ "A", 72, "A", 70 ],
            [ "A", 72, "A", 75 ],
            [ "A", 75, "A", 72 ],
            [ "A", 77, "A", 70 ],
            [ "A", 79, "A", 68 ],
            [ "A", 81, "A", 66 ],
            [ "A", 83, "A", 64 ],
            [ "A", 83, "A", 81 ],
            [ "A", 84, "A", 82 ],
            [ "A", 84, "A", 93 ],
            [ "A", 86, "A", 91 ],
            [ "A", 91, "A", 88 ],
            [ "A", 92, "A", 108 ],
            [ "A", 93, "A", 84 ],
            [ "A", 94, "A", 106 ],
            [ "A", 95, "A", 82 ],
            [ "A", 95, "A", 93 ],
            [ "A", 97, "A", 94 ],
            [ "A", 99, "A", 96 ],
            [ "A", 100, "A", 97 ],
            [ "A", 103, "A", 100 ],
            [ "A", 104, "A", 102 ],
            [ "A", 104, "A", 126 ],
            [ "A", 105, "A", 126 ],
            [ "A", 107, "A", 124 ],
            [ "A", 108, "A", 92 ],
            [ "A", 109, "A", 122 ],
            [ "A", 110, "A", 90 ],
            [ "A", 111, "A", 109 ],
            [ "A", 111, "A", 120 ],
            [ "A", 112, "A", 120 ],
            [ "A", 114, "A", 118 ],
            [ "A", 115, "A", 118 ],
            [ "A", 116, "A", 114 ],
            [ "A", 119, "A", 138 ],
            [ "A", 120, "A", 112 ],
            [ "A", 121, "A", 136 ],
            [ "A", 122, "A", 109 ],
            [ "A", 123, "A", 134 ],
            [ "A", 124, "A", 107 ],
            [ "A", 125, "A", 132 ],
            [ "A", 126, "A", 105 ],
            [ "A", 127, "A", 130 ],
            [ "A", 128, "A", 102 ],
            [ "A", 129, "A", 102 ],
            [ "A", 130, "A", 127 ],
            [ "A", 132, "A", 125 ],
            [ "A", 132, "A", 130 ],
            [ "A", 134, "A", 123 ],
            [ "A", 135, "A", 37 ],
            [ "A", 136, "A", 121 ],
            [ "A", 137, "A", 35 ],
            [ "A", 138, "A", 119 ],
            [ "A", 138, "A", 136 ],
            [ "A", 139, "A", 32 ],
            [ "A", 140, "A", 117 ],
            [ "A", 149, "A", 145 ],
            [ "A", 150, "A", 146 ],
            [ "A", 151, "A", 147 ],
            [ "A", 152, "A", 148 ],
            [ "A", 153, "A", 149 ],
            [ "A", 154, "A", 150 ],
            [ "A", 155, "A", 151 ],
            [ "A", 156, "A", 152 ],
            [ "A", 157, "A", 153 ],
            [ "A", 158, "A", 154 ],
            [ "A", 159, "A", 155 ],
            [ "A", 159, "A", 156 ],
            [ "A", 160, "A", 157 ],
            [ "A", 161, "A", 156 ],
            [ "A", 165, "A", 162 ],
            [ "A", 166, "A", 163 ],
            [ "A", 167, "A", 36 ],
            [ "A", 170, "A", 49 ],
            [ "A", 176, "A", 174 ],
            [ "A", 177, "A", 173 ]
        ]
    }
}
