{
  "4iax_A_01": {
    "secondary_structure_elements": [
      {
        "label": "H0",
        "chain_id": "A",
        "start": 13,
        "end": 16,
        "type": "G",
        "start_vector": [
          -6.637,
          -15.159,
          -6.569
        ],
        "end_vector": [
          -5.056,
          -14.063,
          0.233
        ],
        "nested_sses": [
          {
            "label": null,
            "chain_id": "A",
            "start": 13,
            "end": 15,
            "type": "G"
          }
        ],
        "domain": "4iax_A_01",
        "color": "s000",
        "color_hex": "#FF00FF",
        "rainbow": "s109",
        "rainbow_hex": "#5800FF"
      },
      {
        "label": "H4",
        "chain_id": "A",
        "start": 24,
        "end": 27,
        "type": "H",
        "start_vector": [
          -13.274,
          2.419,
          9.755
        ],
        "end_vector": [
          -7.489,
          5.5,
          9.999
        ],
        "nested_sses": [
          {
            "label": null,
            "chain_id": "A",
            "start": 24,
            "end": 27,
            "type": "H"
          }
        ],
        "domain": "4iax_A_01",
        "color": "s173",
        "color_hex": "#0009FF",
        "rainbow": "s180",
        "rainbow_hex": "#0014FF"
      },
      {
        "label": "E5",
        "chain_id": "A",
        "start": 29,
        "end": 38,
        "type": "E",
        "sheet_id": 1,
        "start_vector": [
          -0.989,
          9.176,
          10.507
        ],
        "end_vector": [
          10.354,
          -6.293,
          -5.113
        ],
        "minor_axis": [
          0.698,
          -0.187,
          0.692
        ],
        "nested_sses": [
          {
            "label": null,
            "chain_id": "A",
            "start": 34,
            "end": 35,
            "type": "N",
            "sheet_id": -3,
            "comment": "A_NcCN_C_"
          }
        ],
        "domain": "4iax_A_01",
        "color": "s466",
        "color_hex": "#00FF34",
        "rainbow": "s233",
        "rainbow_hex": "#0065FF"
      },
      {
        "label": "H6",
        "chain_id": "A",
        "start": 46,
        "end": 49,
        "type": "G",
        "start_vector": [
          17.748,
          6.059,
          -8.258
        ],
        "end_vector": [
          13.403,
          5.93,
          -1.953
        ],
        "nested_sses": [
          {
            "label": null,
            "chain_id": "A",
            "start": 46,
            "end": 49,
            "type": "G"
          }
        ],
        "domain": "4iax_A_01",
        "color": "s759",
        "color_hex": "#FF7100",
        "rainbow": "s269",
        "rainbow_hex": "#009CFF"
      },
      {
        "label": "E7",
        "chain_id": "A",
        "start": 50,
        "end": 50,
        "type": "B",
        "sheet_id": 2,
        "start_vector": [
          14.188,
          6.079,
          -1.265
        ],
        "end_vector": [
          12.466,
          6.632,
          0.41
        ],
        "minor_axis": [
          0.563,
          -0.414,
          0.715
        ],
        "domain": "4iax_A_01",
        "color": "s053",
        "color_hex": "#AD00FF",
        "rainbow": "s286",
        "rainbow_hex": "#00B6FF"
      },
      {
        "label": "E8",
        "chain_id": "A",
        "start": 53,
        "end": 58,
        "type": "E",
        "sheet_id": 1,
        "start_vector": [
          5.601,
          8.175,
          2.691
        ],
        "end_vector": [
          -12.353,
          10.792,
          4.395
        ],
        "minor_axis": [
          0.038,
          -0.348,
          0.937
        ],
        "domain": "4iax_A_01",
        "color": "s346",
        "color_hex": "#00FFEB",
        "rainbow": "s322",
        "rainbow_hex": "#00EDFF"
      },
      {
        "label": "E9",
        "chain_id": "A",
        "start": 64,
        "end": 72,
        "type": "E",
        "sheet_id": 1,
        "start_vector": [
          -11.421,
          8.381,
          1.157
        ],
        "end_vector": [
          14.198,
          14.078,
          -4.173
        ],
        "minor_axis": [
          0.276,
          -0.447,
          0.851
        ],
        "domain": "4iax_A_01",
        "color": "s639",
        "color_hex": "#D4FF00",
        "rainbow": "s377",
        "rainbow_hex": "#00FFBC"
      },
      {
        "label": "E10",
        "chain_id": "A",
        "start": 75,
        "end": 85,
        "type": "E",
        "sheet_id": 1,
        "start_vector": [
          12.091,
          19.724,
          -5.119
        ],
        "end_vector": [
          -16.689,
          2.164,
          -3.737
        ],
        "minor_axis": [
          0.337,
          -0.489,
          0.805
        ],
        "domain": "4iax_A_01",
        "color": "s933",
        "color_hex": "#FF0098",
        "rainbow": "s433",
        "rainbow_hex": "#00FF66"
      },
      {
        "label": "E15",
        "chain_id": "A",
        "start": 91,
        "end": 94,
        "type": "E",
        "sheet_id": 1,
        "start_vector": [
          -11.823,
          -3.396,
          0.169
        ],
        "end_vector": [
          -10.864,
          4.671,
          -9.175
        ],
        "minor_axis": [
          0.538,
          -0.665,
          -0.519
        ],
        "domain": "4iax_A_01",
        "color": "s399",
        "color_hex": "#00FF9A",
        "rainbow": "s505",
        "rainbow_hex": "#07FF00"
      },
      {
        "label": "H16",
        "chain_id": "A",
        "start": 97,
        "end": 100,
        "type": "G",
        "start_vector": [
          -12.138,
          7.771,
          -13.73
        ],
        "end_vector": [
          -6.358,
          9.448,
          -17.618
        ],
        "nested_sses": [
          {
            "label": null,
            "chain_id": "A",
            "start": 97,
            "end": 99,
            "type": "G"
          }
        ],
        "domain": "4iax_A_01",
        "color": "s693",
        "color_hex": "#FFD600",
        "rainbow": "s538",
        "rainbow_hex": "#3AFF00"
      },
      {
        "label": "E17",
        "chain_id": "A",
        "start": 103,
        "end": 113,
        "type": "E",
        "sheet_id": 1,
        "start_vector": [
          -7.006,
          1.093,
          -18.599
        ],
        "end_vector": [
          -5.879,
          -6.832,
          10.596
        ],
        "minor_axis": [
          0.99,
          0.141,
          0
        ],
        "nested_sses": [
          {
            "label": null,
            "chain_id": "A",
            "start": 104,
            "end": 105,
            "type": "N",
            "sheet_id": -11,
            "comment": "A_NcCN_C_"
          },
          {
            "label": null,
            "chain_id": "A",
            "start": 111,
            "end": 112,
            "type": "N",
            "sheet_id": -13,
            "comment": "A_NcCN_C_"
          }
        ],
        "domain": "4iax_A_01",
        "color": "s986",
        "color_hex": "#FF00E9",
        "rainbow": "s570",
        "rainbow_hex": "#6BFF00"
      },
      {
        "label": "E21",
        "chain_id": "A",
        "start": 118,
        "end": 127,
        "type": "E",
        "sheet_id": 1,
        "start_vector": [
          -0.828,
          -3.57,
          12.074
        ],
        "end_vector": [
          -3.341,
          -2.752,
          -18.554
        ],
        "minor_axis": [
          0.975,
          -0.207,
          -0.085
        ],
        "nested_sses": [
          {
            "label": null,
            "chain_id": "A",
            "start": 120,
            "end": 120,
            "type": "n",
            "sheet_id": -13,
            "comment": "A_C_NcCN_"
          },
          {
            "label": null,
            "chain_id": "A",
            "start": 126,
            "end": 126,
            "type": "n",
            "sheet_id": -11,
            "comment": "A_C_NcCN_"
          }
        ],
        "domain": "4iax_A_01",
        "color": "s159",
        "color_hex": "#0B00FF",
        "rainbow": "s631",
        "rainbow_hex": "#C8FF00"
      },
      {
        "label": "E23",
        "chain_id": "A",
        "start": 130,
        "end": 139,
        "type": "E",
        "sheet_id": 1,
        "start_vector": [
          -0.434,
          -7.113,
          -18.788
        ],
        "end_vector": [
          3.832,
          0.183,
          10.461
        ],
        "minor_axis": [
          0.99,
          -0.061,
          -0.129
        ],
        "nested_sses": [
          {
            "label": null,
            "chain_id": "A",
            "start": 137,
            "end": 137,
            "type": "n",
            "sheet_id": -3,
            "comment": "A_C_NcCN_"
          }
        ],
        "domain": "4iax_A_01",
        "color": "s746",
        "color_hex": "#FF8500",
        "rainbow": "s690",
        "rainbow_hex": "#FFDB00"
      },
      {
        "label": "H24",
        "chain_id": "A",
        "start": 146,
        "end": 159,
        "type": "h",
        "start_vector": [
          10.129,
          -6.726,
          13.63
        ],
        "end_vector": [
          3.914,
          -15.881,
          -5.007
        ],
        "nested_sses": [
          {
            "label": null,
            "chain_id": "A",
            "start": 146,
            "end": 158,
            "type": "H"
          },
          {
            "label": null,
            "chain_id": "A",
            "start": 157,
            "end": 159,
            "type": "G"
          }
        ],
        "domain": "4iax_A_01",
        "color": "s039",
        "color_hex": "#C300FF",
        "rainbow": "s743",
        "rainbow_hex": "#FF8A00"
      },
      {
        "label": "H25",
        "chain_id": "A",
        "start": 163,
        "end": 166,
        "type": "G",
        "start_vector": [
          13.549,
          -11.663,
          -5.333
        ],
        "end_vector": [
          12.025,
          -5.114,
          -3.533
        ],
        "nested_sses": [
          {
            "label": null,
            "chain_id": "A",
            "start": 163,
            "end": 165,
            "type": "G"
          }
        ],
        "domain": "4iax_A_01",
        "color": "s333",
        "color_hex": "#00FEFF",
        "rainbow": "s793",
        "rainbow_hex": "#FF3D00"
      },
      {
        "label": "E26",
        "chain_id": "A",
        "start": 166,
        "end": 167,
        "type": "E",
        "sheet_id": 1,
        "start_vector": [
          11.302,
          -6.657,
          -3.907
        ],
        "end_vector": [
          12.45,
          -2.781,
          0.337
        ],
        "minor_axis": [
          0.968,
          -0.251,
          -0.033
        ],
        "domain": "4iax_A_01",
        "color": "s626",
        "color_hex": "#C0FF00",
        "rainbow": "s840",
        "rainbow_hex": "#FF000A"
      },
      {
        "label": "E28",
        "chain_id": "A",
        "start": 170,
        "end": 170,
        "type": "B",
        "sheet_id": 2,
        "start_vector": [
          14.715,
          3.748,
          2.854
        ],
        "end_vector": [
          14.608,
          5.493,
          4.517
        ],
        "minor_axis": [
          -0.275,
          -0.672,
          0.687
        ],
        "domain": "4iax_A_01",
        "color": "s213",
        "color_hex": "#0046FF",
        "rainbow": "s884",
        "rainbow_hex": "#FF004D"
      }
    ]
  }
}
