{
  "4mvl_A_01": {
    "secondary_structure_elements": [
      {
        "label": "H0",
        "chain_id": "A",
        "start": 13,
        "end": 16,
        "type": "G",
        "start_vector": [
          -7.327,
          -14.962,
          -6.48
        ],
        "end_vector": [
          -5.655,
          -14.006,
          -0.216
        ],
        "nested_sses": [
          {
            "label": null,
            "chain_id": "A",
            "start": 13,
            "end": 15,
            "type": "G"
          }
        ],
        "domain": "4mvl_A_01",
        "color": "s000",
        "color_hex": "#FF00FF",
        "rainbow": "s109",
        "rainbow_hex": "#5800FF"
      },
      {
        "label": "H4",
        "chain_id": "A",
        "start": 24,
        "end": 27,
        "type": "h",
        "start_vector": [
          -13.409,
          2.674,
          10.111
        ],
        "end_vector": [
          -7.34,
          5.78,
          9.852
        ],
        "nested_sses": [
          {
            "label": null,
            "chain_id": "A",
            "start": 24,
            "end": 26,
            "type": "G"
          },
          {
            "label": null,
            "chain_id": "A",
            "start": 24,
            "end": 27,
            "type": "H"
          }
        ],
        "domain": "4mvl_A_01",
        "color": "s173",
        "color_hex": "#0009FF",
        "rainbow": "s180",
        "rainbow_hex": "#0014FF"
      },
      {
        "label": "E5",
        "chain_id": "A",
        "start": 29,
        "end": 38,
        "type": "E",
        "sheet_id": 1,
        "start_vector": [
          -1.173,
          9.312,
          10.621
        ],
        "end_vector": [
          10.63,
          -6.47,
          -5.372
        ],
        "nested_sses": [
          {
            "label": null,
            "chain_id": "A",
            "start": 34,
            "end": 35,
            "type": "N",
            "sheet_id": -3,
            "comment": "A_NcCN_C_"
          }
        ],
        "domain": "4mvl_A_01",
        "color": "s466",
        "color_hex": "#00FF34",
        "rainbow": "s233",
        "rainbow_hex": "#0065FF"
      },
      {
        "label": "E7",
        "chain_id": "A",
        "start": 50,
        "end": 50,
        "type": "B",
        "sheet_id": 2,
        "start_vector": [
          14.056,
          6.164,
          -1.705
        ],
        "end_vector": [
          12.294,
          6.483,
          -0.012
        ],
        "domain": "4mvl_A_01",
        "color": "s053",
        "color_hex": "#AD00FF",
        "rainbow": "s286",
        "rainbow_hex": "#00B6FF"
      },
      {
        "label": "E8",
        "chain_id": "A",
        "start": 52,
        "end": 58,
        "type": "E",
        "sheet_id": 1,
        "start_vector": [
          8.692,
          7.631,
          2.011
        ],
        "end_vector": [
          -12.876,
          10.791,
          4.642
        ],
        "domain": "4mvl_A_01",
        "color": "s346",
        "color_hex": "#00FFEB",
        "rainbow": "s322",
        "rainbow_hex": "#00EDFF"
      },
      {
        "label": "E9",
        "chain_id": "A",
        "start": 64,
        "end": 72,
        "type": "E",
        "sheet_id": 1,
        "start_vector": [
          -11.563,
          8.621,
          1.345
        ],
        "end_vector": [
          13.952,
          14.968,
          -3.783
        ],
        "domain": "4mvl_A_01",
        "color": "s639",
        "color_hex": "#D4FF00",
        "rainbow": "s377",
        "rainbow_hex": "#00FFBC"
      },
      {
        "label": "E10",
        "chain_id": "A",
        "start": 75,
        "end": 85,
        "type": "E",
        "sheet_id": 1,
        "start_vector": [
          11.537,
          20.752,
          -4.591
        ],
        "end_vector": [
          -16.466,
          2.503,
          -3.973
        ],
        "domain": "4mvl_A_01",
        "color": "s933",
        "color_hex": "#FF0098",
        "rainbow": "s433",
        "rainbow_hex": "#00FF66"
      },
      {
        "label": "E15",
        "chain_id": "A",
        "start": 91,
        "end": 94,
        "type": "E",
        "sheet_id": 1,
        "start_vector": [
          -11.478,
          -3,
          0.44
        ],
        "end_vector": [
          -10.377,
          4.54,
          -9.626
        ],
        "domain": "4mvl_A_01",
        "color": "s399",
        "color_hex": "#00FF9A",
        "rainbow": "s505",
        "rainbow_hex": "#07FF00"
      },
      {
        "label": "E17",
        "chain_id": "A",
        "start": 105,
        "end": 113,
        "type": "E",
        "sheet_id": 1,
        "start_vector": [
          -8.111,
          -0.411,
          -14.73
        ],
        "end_vector": [
          -4.554,
          -6.14,
          10.837
        ],
        "nested_sses": [
          {
            "label": null,
            "chain_id": "A",
            "start": 111,
            "end": 112,
            "type": "N",
            "sheet_id": -11,
            "comment": "A_NcCN_C_"
          }
        ],
        "domain": "4mvl_A_01",
        "color": "s986",
        "color_hex": "#FF00E9",
        "rainbow": "s570",
        "rainbow_hex": "#6BFF00"
      },
      {
        "label": "E21",
        "chain_id": "A",
        "start": 118,
        "end": 126,
        "type": "E",
        "sheet_id": 1,
        "start_vector": [
          0.756,
          -2.653,
          12.206
        ],
        "end_vector": [
          -5.13,
          -4.597,
          -16.314
        ],
        "nested_sses": [
          {
            "label": null,
            "chain_id": "A",
            "start": 120,
            "end": 120,
            "type": "n",
            "sheet_id": -11,
            "comment": "A_C_NcCN_"
          }
        ],
        "domain": "4mvl_A_01",
        "color": "s159",
        "color_hex": "#0B00FF",
        "rainbow": "s631",
        "rainbow_hex": "#C8FF00"
      },
      {
        "label": "E23",
        "chain_id": "A",
        "start": 133,
        "end": 139,
        "type": "E",
        "sheet_id": 1,
        "start_vector": [
          1.659,
          -6.758,
          -9.929
        ],
        "end_vector": [
          3.612,
          1.57,
          10.315
        ],
        "nested_sses": [
          {
            "label": null,
            "chain_id": "A",
            "start": 137,
            "end": 137,
            "type": "n",
            "sheet_id": -3,
            "comment": "A_C_NcCN_"
          }
        ],
        "domain": "4mvl_A_01",
        "color": "s746",
        "color_hex": "#FF8500",
        "rainbow": "s690",
        "rainbow_hex": "#FFDB00"
      },
      {
        "label": "H24",
        "chain_id": "A",
        "start": 146,
        "end": 159,
        "type": "h",
        "start_vector": [
          11.03,
          -7.014,
          13.14
        ],
        "end_vector": [
          3.197,
          -16.094,
          -4.282
        ],
        "nested_sses": [
          {
            "label": null,
            "chain_id": "A",
            "start": 146,
            "end": 158,
            "type": "H"
          },
          {
            "label": null,
            "chain_id": "A",
            "start": 157,
            "end": 159,
            "type": "G"
          }
        ],
        "domain": "4mvl_A_01",
        "color": "s039",
        "color_hex": "#C300FF",
        "rainbow": "s743",
        "rainbow_hex": "#FF8A00"
      },
      {
        "label": "H25",
        "chain_id": "A",
        "start": 163,
        "end": 165,
        "type": "G",
        "start_vector": [
          13.223,
          -12.451,
          -4.996
        ],
        "end_vector": [
          12.641,
          -7.475,
          -3.834
        ],
        "nested_sses": [
          {
            "label": null,
            "chain_id": "A",
            "start": 163,
            "end": 165,
            "type": "G"
          }
        ],
        "domain": "4mvl_A_01",
        "color": "s333",
        "color_hex": "#00FEFF",
        "rainbow": "s793",
        "rainbow_hex": "#FF3D00"
      },
      {
        "label": "E26",
        "chain_id": "A",
        "start": 166,
        "end": 167,
        "type": "E",
        "sheet_id": 1,
        "start_vector": [
          11.388,
          -7.192,
          -3.949
        ],
        "end_vector": [
          12.284,
          -2.899,
          -0.072
        ],
        "domain": "4mvl_A_01",
        "color": "s626",
        "color_hex": "#C0FF00",
        "rainbow": "s840",
        "rainbow_hex": "#FF000A"
      },
      {
        "label": "E28",
        "chain_id": "A",
        "start": 170,
        "end": 170,
        "type": "B",
        "sheet_id": 2,
        "start_vector": [
          14.903,
          3.336,
          2.293
        ],
        "end_vector": [
          14.852,
          5.195,
          3.853
        ],
        "domain": "4mvl_A_01",
        "color": "s213",
        "color_hex": "#0046FF",
        "rainbow": "s884",
        "rainbow_hex": "#FF004D"
      }
    ]
  }
}
