{
    "4mvl_A_01": {
        "software": "SecStrAnnotator 2.2 [2020-07-01]",
        "args": "--onlyssa --verbose /server_data/overprot_data/jobs/Running/da312bcd-aca6-4264-8133-053ab50438ac/job_data/cif_cealign/ 4mvl_A_01,A",
        "found": 15,
        "secondary_structure_elements": [
            { "label": "G0", "chain_id": "A", "start": 13, "end": 16, "type": "G", "start_vector": [ -7.327, -14.962, -6.48 ], "end_vector": [ -5.655, -14.006, -0.216 ], "nested_sses": [ { "label": null, "chain_id": "A", "start": 13, "end": 15, "type": "G" } ] },
            { "label": "h1", "chain_id": "A", "start": 24, "end": 27, "type": "h", "start_vector": [ -13.409, 2.674, 10.111 ], "end_vector": [ -7.34, 5.78, 9.852 ], "nested_sses": [ { "label": null, "chain_id": "A", "start": 24, "end": 26, "type": "G" }, { "label": null, "chain_id": "A", "start": 24, "end": 27, "type": "H" } ] },
            { "label": "E2", "chain_id": "A", "start": 29, "end": 38, "type": "E", "sheet_id": 1, "start_vector": [ -1.173, 9.312, 10.621 ], "end_vector": [ 10.63, -6.47, -5.372 ], "nested_sses": [ { "label": null, "chain_id": "A", "start": 34, "end": 35, "type": "N", "sheet_id": -3, "comment": "A_NcCN_C_" } ] },
            { "label": "B3", "chain_id": "A", "start": 50, "end": 50, "type": "B", "sheet_id": 2, "start_vector": [ 14.056, 6.164, -1.705 ], "end_vector": [ 12.294, 6.483, -0.012 ] },
            { "label": "E4", "chain_id": "A", "start": 52, "end": 58, "type": "E", "sheet_id": 1, "start_vector": [ 8.692, 7.631, 2.011 ], "end_vector": [ -12.876, 10.791, 4.642 ] },
            { "label": "E5", "chain_id": "A", "start": 64, "end": 72, "type": "E", "sheet_id": 1, "start_vector": [ -11.563, 8.621, 1.345 ], "end_vector": [ 13.952, 14.968, -3.783 ] },
            { "label": "E6", "chain_id": "A", "start": 75, "end": 85, "type": "E", "sheet_id": 1, "start_vector": [ 11.537, 20.752, -4.591 ], "end_vector": [ -16.466, 2.503, -3.973 ] },
            { "label": "E7", "chain_id": "A", "start": 91, "end": 94, "type": "E", "sheet_id": 1, "start_vector": [ -11.478, -3, 0.44 ], "end_vector": [ -10.377, 4.54, -9.626 ] },
            { "label": "E8", "chain_id": "A", "start": 105, "end": 113, "type": "E", "sheet_id": 1, "start_vector": [ -8.111, -0.411, -14.73 ], "end_vector": [ -4.554, -6.14, 10.837 ], "nested_sses": [ { "label": null, "chain_id": "A", "start": 111, "end": 112, "type": "N", "sheet_id": -11, "comment": "A_NcCN_C_" } ] },
            { "label": "E9", "chain_id": "A", "start": 118, "end": 126, "type": "E", "sheet_id": 1, "start_vector": [ 0.756, -2.653, 12.206 ], "end_vector": [ -5.13, -4.597, -16.314 ], "nested_sses": [ { "label": null, "chain_id": "A", "start": 120, "end": 120, "type": "n", "sheet_id": -11, "comment": "A_C_NcCN_" } ] },
            { "label": "E10", "chain_id": "A", "start": 133, "end": 139, "type": "E", "sheet_id": 1, "start_vector": [ 1.659, -6.758, -9.929 ], "end_vector": [ 3.612, 1.57, 10.315 ], "nested_sses": [ { "label": null, "chain_id": "A", "start": 137, "end": 137, "type": "n", "sheet_id": -3, "comment": "A_C_NcCN_" } ] },
            { "label": "h11", "chain_id": "A", "start": 146, "end": 159, "type": "h", "start_vector": [ 11.03, -7.014, 13.14 ], "end_vector": [ 3.197, -16.094, -4.282 ], "nested_sses": [ { "label": null, "chain_id": "A", "start": 146, "end": 158, "type": "H" }, { "label": null, "chain_id": "A", "start": 157, "end": 159, "type": "G" } ] },
            { "label": "G12", "chain_id": "A", "start": 163, "end": 165, "type": "G", "start_vector": [ 13.223, -12.451, -4.996 ], "end_vector": [ 12.641, -7.475, -3.834 ], "nested_sses": [ { "label": null, "chain_id": "A", "start": 163, "end": 165, "type": "G" } ] },
            { "label": "E13", "chain_id": "A", "start": 166, "end": 167, "type": "E", "sheet_id": 1, "start_vector": [ 11.388, -7.192, -3.949 ], "end_vector": [ 12.284, -2.899, -0.072 ] },
            { "label": "B14", "chain_id": "A", "start": 170, "end": 170, "type": "B", "sheet_id": 2, "start_vector": [ 14.903, 3.336, 2.293 ], "end_vector": [ 14.852, 5.195, 3.853 ] }
        ],
        "beta_connectivity": [
            [ "E2", "E4", -1 ],
            [ "E2", "E10", -1 ],
            [ "E2", "E13", -1 ],
            [ "B3", "B14", 1 ],
            [ "E4", "E5", -1 ],
            [ "E5", "E6", -1 ],
            [ "E6", "E7", -1 ],
            [ "E7", "E8", -1 ],
            [ "E8", "E9", -1 ],
            [ "E9", "E10", -1 ]
        ],
        "hydrogen_bonds": [
            [ "A", 15, "A", 12 ],
            [ "A", 16, "A", 13 ],
            [ "A", 19, "A", 110 ],
            [ "A", 22, "A", 19 ],
            [ "A", 24, "A", 22 ],
            [ "A", 26, "A", 23 ],
            [ "A", 27, "A", 23 ],
            [ "A", 27, "A", 24 ],
            [ "A", 28, "A", 24 ],
            [ "A", 29, "A", 56 ],
            [ "A", 31, "A", 54 ],
            [ "A", 32, "A", 139 ],
            [ "A", 33, "A", 52 ],
            [ "A", 34, "A", 32 ],
            [ "A", 34, "A", 137 ],
            [ "A", 35, "A", 137 ],
            [ "A", 36, "A", 167 ],
            [ "A", 37, "A", 135 ],
            [ "A", 38, "A", 165 ],
            [ "A", 39, "A", 133 ],
            [ "A", 41, "A", 39 ],
            [ "A", 47, "A", 45 ],
            [ "A", 50, "A", 48 ],
            [ "A", 51, "A", 170 ],
            [ "A", 52, "A", 33 ],
            [ "A", 53, "A", 69 ],
            [ "A", 54, "A", 31 ],
            [ "A", 55, "A", 67 ],
            [ "A", 56, "A", 29 ],
            [ "A", 56, "A", 54 ],
            [ "A", 57, "A", 55 ],
            [ "A", 57, "A", 65 ],
            [ "A", 58, "A", 56 ],
            [ "A", 59, "A", 63 ],
            [ "A", 62, "A", 59 ],
            [ "A", 64, "A", 83 ],
            [ "A", 65, "A", 57 ],
            [ "A", 66, "A", 64 ],
            [ "A", 66, "A", 81 ],
            [ "A", 67, "A", 55 ],
            [ "A", 67, "A", 65 ],
            [ "A", 68, "A", 66 ],
            [ "A", 68, "A", 79 ],
            [ "A", 69, "A", 53 ],
            [ "A", 69, "A", 67 ],
            [ "A", 70, "A", 68 ],
            [ "A", 70, "A", 77 ],
            [ "A", 72, "A", 75 ],
            [ "A", 75, "A", 72 ],
            [ "A", 77, "A", 70 ],
            [ "A", 79, "A", 68 ],
            [ "A", 80, "A", 78 ],
            [ "A", 81, "A", 66 ],
            [ "A", 83, "A", 64 ],
            [ "A", 84, "A", 82 ],
            [ "A", 84, "A", 93 ],
            [ "A", 86, "A", 91 ],
            [ "A", 91, "A", 88 ],
            [ "A", 92, "A", 108 ],
            [ "A", 93, "A", 84 ],
            [ "A", 94, "A", 106 ],
            [ "A", 95, "A", 82 ],
            [ "A", 95, "A", 93 ],
            [ "A", 98, "A", 96 ],
            [ "A", 100, "A", 98 ],
            [ "A", 104, "A", 102 ],
            [ "A", 105, "A", 103 ],
            [ "A", 105, "A", 126 ],
            [ "A", 106, "A", 104 ],
            [ "A", 107, "A", 124 ],
            [ "A", 108, "A", 92 ],
            [ "A", 109, "A", 122 ],
            [ "A", 110, "A", 90 ],
            [ "A", 111, "A", 109 ],
            [ "A", 111, "A", 120 ],
            [ "A", 112, "A", 120 ],
            [ "A", 114, "A", 118 ],
            [ "A", 115, "A", 118 ],
            [ "A", 116, "A", 114 ],
            [ "A", 119, "A", 138 ],
            [ "A", 120, "A", 112 ],
            [ "A", 121, "A", 136 ],
            [ "A", 122, "A", 109 ],
            [ "A", 123, "A", 134 ],
            [ "A", 124, "A", 107 ],
            [ "A", 125, "A", 132 ],
            [ "A", 126, "A", 105 ],
            [ "A", 130, "A", 128 ],
            [ "A", 131, "A", 129 ],
            [ "A", 134, "A", 123 ],
            [ "A", 135, "A", 37 ],
            [ "A", 136, "A", 121 ],
            [ "A", 137, "A", 35 ],
            [ "A", 138, "A", 119 ],
            [ "A", 138, "A", 136 ],
            [ "A", 139, "A", 32 ],
            [ "A", 140, "A", 117 ],
            [ "A", 149, "A", 145 ],
            [ "A", 150, "A", 146 ],
            [ "A", 151, "A", 147 ],
            [ "A", 152, "A", 148 ],
            [ "A", 153, "A", 149 ],
            [ "A", 154, "A", 150 ],
            [ "A", 155, "A", 151 ],
            [ "A", 156, "A", 152 ],
            [ "A", 157, "A", 153 ],
            [ "A", 158, "A", 154 ],
            [ "A", 159, "A", 155 ],
            [ "A", 159, "A", 156 ],
            [ "A", 160, "A", 157 ],
            [ "A", 161, "A", 156 ],
            [ "A", 165, "A", 162 ],
            [ "A", 166, "A", 163 ],
            [ "A", 167, "A", 36 ],
            [ "A", 170, "A", 49 ],
            [ "A", 176, "A", 174 ]
        ]
    }
}
