{
  "5ez2_A_01": {
    "secondary_structure_elements": [
      {
        "label": "E1",
        "chain_id": "A",
        "start": 3,
        "end": 5,
        "type": "E",
        "sheet_id": 1,
        "start_vector": [
          6.557,
          -7.625,
          -14.819
        ],
        "end_vector": [
          3.184,
          -15.797,
          -15.108
        ],
        "domain": "5ez2_A_01",
        "color": "s293",
        "color_hex": "#00C1FF",
        "rainbow": "s131",
        "rainbow_hex": "#3600FF"
      },
      {
        "label": "H4",
        "chain_id": "A",
        "start": 19,
        "end": 22,
        "type": "h",
        "start_vector": [
          -12.749,
          1.595,
          8.98
        ],
        "end_vector": [
          -7.245,
          5.161,
          9.67
        ],
        "nested_sses": [
          {
            "label": null,
            "chain_id": "A",
            "start": 19,
            "end": 22,
            "type": "G"
          },
          {
            "label": null,
            "chain_id": "A",
            "start": 19,
            "end": 22,
            "type": "H"
          }
        ],
        "domain": "5ez2_A_01",
        "color": "s173",
        "color_hex": "#0009FF",
        "rainbow": "s180",
        "rainbow_hex": "#0014FF"
      },
      {
        "label": "E5",
        "chain_id": "A",
        "start": 24,
        "end": 31,
        "type": "E",
        "sheet_id": 1,
        "start_vector": [
          -2.411,
          9.563,
          10.165
        ],
        "end_vector": [
          10.617,
          -2.421,
          -0.897
        ],
        "nested_sses": [
          {
            "label": null,
            "chain_id": "A",
            "start": 29,
            "end": 30,
            "type": "N",
            "sheet_id": -4,
            "comment": "A_NcCN_C_"
          }
        ],
        "domain": "5ez2_A_01",
        "color": "s466",
        "color_hex": "#00FF34",
        "rainbow": "s233",
        "rainbow_hex": "#0065FF"
      },
      {
        "label": "E8",
        "chain_id": "A",
        "start": 40,
        "end": 48,
        "type": "E",
        "sheet_id": 1,
        "start_vector": [
          12.585,
          7.331,
          -0.974
        ],
        "end_vector": [
          -12.173,
          10.996,
          5.95
        ],
        "nested_sses": [
          {
            "label": null,
            "chain_id": "A",
            "start": 40,
            "end": 43,
            "type": "M",
            "sheet_id": -7,
            "comment": "A_CNcCNcCN_CNcCN_"
          }
        ],
        "domain": "5ez2_A_01",
        "color": "s346",
        "color_hex": "#00FFEB",
        "rainbow": "s322",
        "rainbow_hex": "#00EDFF"
      },
      {
        "label": "E9",
        "chain_id": "A",
        "start": 54,
        "end": 61,
        "type": "E",
        "sheet_id": 1,
        "start_vector": [
          -12.783,
          8.62,
          1.013
        ],
        "end_vector": [
          11.951,
          13.105,
          -3.378
        ],
        "nested_sses": [
          {
            "label": null,
            "chain_id": "A",
            "start": 59,
            "end": 61,
            "type": "m",
            "sheet_id": -7,
            "comment": "A_CNcCN_CNcCNcCN_"
          }
        ],
        "domain": "5ez2_A_01",
        "color": "s639",
        "color_hex": "#D4FF00",
        "rainbow": "s377",
        "rainbow_hex": "#00FFBC"
      },
      {
        "label": "E10",
        "chain_id": "A",
        "start": 67,
        "end": 75,
        "type": "E",
        "sheet_id": 1,
        "start_vector": [
          9.134,
          18.538,
          -5.581
        ],
        "end_vector": [
          -14.911,
          3.802,
          -3.637
        ],
        "domain": "5ez2_A_01",
        "color": "s933",
        "color_hex": "#FF0098",
        "rainbow": "s433",
        "rainbow_hex": "#00FF66"
      },
      {
        "label": "E15",
        "chain_id": "A",
        "start": 84,
        "end": 89,
        "type": "E",
        "sheet_id": 1,
        "start_vector": [
          -11.722,
          -4.682,
          -0.821
        ],
        "end_vector": [
          -6.225,
          9.635,
          -10.455
        ],
        "domain": "5ez2_A_01",
        "color": "s399",
        "color_hex": "#00FF9A",
        "rainbow": "s505",
        "rainbow_hex": "#07FF00"
      },
      {
        "label": "E17",
        "chain_id": "A",
        "start": 95,
        "end": 102,
        "type": "E",
        "sheet_id": 1,
        "start_vector": [
          -7.36,
          -0.931,
          -10.96
        ],
        "end_vector": [
          -3.57,
          -6.965,
          9.876
        ],
        "nested_sses": [
          {
            "label": null,
            "chain_id": "A",
            "start": 100,
            "end": 101,
            "type": "N",
            "sheet_id": -13,
            "comment": "A_NcCN_C_"
          }
        ],
        "domain": "5ez2_A_01",
        "color": "s986",
        "color_hex": "#FF00E9",
        "rainbow": "s570",
        "rainbow_hex": "#6BFF00"
      },
      {
        "label": "E21",
        "chain_id": "A",
        "start": 107,
        "end": 116,
        "type": "E",
        "sheet_id": 1,
        "start_vector": [
          0.459,
          -0.991,
          11.365
        ],
        "end_vector": [
          -3.671,
          -10.11,
          -19.383
        ],
        "nested_sses": [
          {
            "label": null,
            "chain_id": "A",
            "start": 109,
            "end": 109,
            "type": "n",
            "sheet_id": -13,
            "comment": "A_C_NcCN_"
          }
        ],
        "domain": "5ez2_A_01",
        "color": "s159",
        "color_hex": "#0B00FF",
        "rainbow": "s631",
        "rainbow_hex": "#C8FF00"
      },
      {
        "label": "E23",
        "chain_id": "A",
        "start": 119,
        "end": 128,
        "type": "E",
        "sheet_id": 1,
        "start_vector": [
          0.748,
          -12.918,
          -18.595
        ],
        "end_vector": [
          4.359,
          2.892,
          9.298
        ],
        "nested_sses": [
          {
            "label": null,
            "chain_id": "A",
            "start": 126,
            "end": 126,
            "type": "n",
            "sheet_id": -4,
            "comment": "A_C_NcCN_"
          }
        ],
        "domain": "5ez2_A_01",
        "color": "s746",
        "color_hex": "#FF8500",
        "rainbow": "s690",
        "rainbow_hex": "#FFDB00"
      },
      {
        "label": "H24",
        "chain_id": "A",
        "start": 135,
        "end": 148,
        "type": "h",
        "start_vector": [
          9.98,
          -5.994,
          13.77
        ],
        "end_vector": [
          1.848,
          -17.781,
          -2.84
        ],
        "nested_sses": [
          {
            "label": null,
            "chain_id": "A",
            "start": 135,
            "end": 147,
            "type": "H"
          },
          {
            "label": null,
            "chain_id": "A",
            "start": 146,
            "end": 148,
            "type": "G"
          }
        ],
        "domain": "5ez2_A_01",
        "color": "s039",
        "color_hex": "#C300FF",
        "rainbow": "s743",
        "rainbow_hex": "#FF8A00"
      },
      {
        "label": "H25",
        "chain_id": "A",
        "start": 152,
        "end": 154,
        "type": "G",
        "start_vector": [
          10.605,
          -12.403,
          -3.782
        ],
        "end_vector": [
          12.915,
          -7.709,
          -2.85
        ],
        "nested_sses": [
          {
            "label": null,
            "chain_id": "A",
            "start": 152,
            "end": 154,
            "type": "G"
          }
        ],
        "domain": "5ez2_A_01",
        "color": "s333",
        "color_hex": "#00FEFF",
        "rainbow": "s793",
        "rainbow_hex": "#FF3D00"
      },
      {
        "label": "E26",
        "chain_id": "A",
        "start": 156,
        "end": 157,
        "type": "E",
        "sheet_id": 1,
        "start_vector": [
          12.298,
          -4.117,
          -2.065
        ],
        "end_vector": [
          13.112,
          0.479,
          0.955
        ],
        "domain": "5ez2_A_01",
        "color": "s626",
        "color_hex": "#C0FF00",
        "rainbow": "s840",
        "rainbow_hex": "#FF000A"
      },
      {
        "label": "H27",
        "chain_id": "A",
        "start": 166,
        "end": 168,
        "type": "G",
        "start_vector": [
          13.897,
          14.816,
          3.888
        ],
        "end_vector": [
          9.712,
          17.923,
          4.969
        ],
        "nested_sses": [
          {
            "label": null,
            "chain_id": "A",
            "start": 166,
            "end": 168,
            "type": "G"
          }
        ],
        "domain": "5ez2_A_01",
        "color": "s919",
        "color_hex": "#FF0083",
        "rainbow": "s869",
        "rainbow_hex": "#FF0036"
      }
    ]
  }
}
