{
    "5ez2_A_01": {
        "software": "SecStrAnnotator 2.2 [2020-07-01]",
        "args": "--onlyssa --verbose /server_data/overprot_data/jobs/Running/da312bcd-aca6-4264-8133-053ab50438ac/job_data/cif_cealign/ 5ez2_A_01,A",
        "found": 14,
        "secondary_structure_elements": [
            { "label": "E0", "chain_id": "A", "start": 3, "end": 5, "type": "E", "sheet_id": 1, "start_vector": [ 6.557, -7.625, -14.819 ], "end_vector": [ 3.184, -15.797, -15.108 ] },
            { "label": "h1", "chain_id": "A", "start": 19, "end": 22, "type": "h", "start_vector": [ -12.749, 1.595, 8.98 ], "end_vector": [ -7.245, 5.161, 9.67 ], "nested_sses": [ { "label": null, "chain_id": "A", "start": 19, "end": 22, "type": "G" }, { "label": null, "chain_id": "A", "start": 19, "end": 22, "type": "H" } ] },
            { "label": "E2", "chain_id": "A", "start": 24, "end": 31, "type": "E", "sheet_id": 1, "start_vector": [ -2.411, 9.563, 10.165 ], "end_vector": [ 10.617, -2.421, -0.897 ], "nested_sses": [ { "label": null, "chain_id": "A", "start": 29, "end": 30, "type": "N", "sheet_id": -4, "comment": "A_NcCN_C_" } ] },
            { "label": "E3", "chain_id": "A", "start": 40, "end": 48, "type": "E", "sheet_id": 1, "start_vector": [ 12.585, 7.331, -0.974 ], "end_vector": [ -12.173, 10.996, 5.95 ], "nested_sses": [ { "label": null, "chain_id": "A", "start": 40, "end": 43, "type": "M", "sheet_id": -7, "comment": "A_CNcCNcCN_CNcCN_" } ] },
            { "label": "E4", "chain_id": "A", "start": 54, "end": 61, "type": "E", "sheet_id": 1, "start_vector": [ -12.783, 8.62, 1.013 ], "end_vector": [ 11.951, 13.105, -3.378 ], "nested_sses": [ { "label": null, "chain_id": "A", "start": 59, "end": 61, "type": "m", "sheet_id": -7, "comment": "A_CNcCN_CNcCNcCN_" } ] },
            { "label": "E5", "chain_id": "A", "start": 67, "end": 75, "type": "E", "sheet_id": 1, "start_vector": [ 9.134, 18.538, -5.581 ], "end_vector": [ -14.911, 3.802, -3.637 ] },
            { "label": "E6", "chain_id": "A", "start": 84, "end": 89, "type": "E", "sheet_id": 1, "start_vector": [ -11.722, -4.682, -0.821 ], "end_vector": [ -6.225, 9.635, -10.455 ] },
            { "label": "E7", "chain_id": "A", "start": 95, "end": 102, "type": "E", "sheet_id": 1, "start_vector": [ -7.36, -0.931, -10.96 ], "end_vector": [ -3.57, -6.965, 9.876 ], "nested_sses": [ { "label": null, "chain_id": "A", "start": 100, "end": 101, "type": "N", "sheet_id": -13, "comment": "A_NcCN_C_" } ] },
            { "label": "E8", "chain_id": "A", "start": 107, "end": 116, "type": "E", "sheet_id": 1, "start_vector": [ 0.459, -0.991, 11.365 ], "end_vector": [ -3.671, -10.11, -19.383 ], "nested_sses": [ { "label": null, "chain_id": "A", "start": 109, "end": 109, "type": "n", "sheet_id": -13, "comment": "A_C_NcCN_" } ] },
            { "label": "E9", "chain_id": "A", "start": 119, "end": 128, "type": "E", "sheet_id": 1, "start_vector": [ 0.748, -12.918, -18.595 ], "end_vector": [ 4.359, 2.892, 9.298 ], "nested_sses": [ { "label": null, "chain_id": "A", "start": 126, "end": 126, "type": "n", "sheet_id": -4, "comment": "A_C_NcCN_" } ] },
            { "label": "h10", "chain_id": "A", "start": 135, "end": 148, "type": "h", "start_vector": [ 9.98, -5.994, 13.77 ], "end_vector": [ 1.848, -17.781, -2.84 ], "nested_sses": [ { "label": null, "chain_id": "A", "start": 135, "end": 147, "type": "H" }, { "label": null, "chain_id": "A", "start": 146, "end": 148, "type": "G" } ] },
            { "label": "G11", "chain_id": "A", "start": 152, "end": 154, "type": "G", "start_vector": [ 10.605, -12.403, -3.782 ], "end_vector": [ 12.915, -7.709, -2.85 ], "nested_sses": [ { "label": null, "chain_id": "A", "start": 152, "end": 154, "type": "G" } ] },
            { "label": "E12", "chain_id": "A", "start": 156, "end": 157, "type": "E", "sheet_id": 1, "start_vector": [ 12.298, -4.117, -2.065 ], "end_vector": [ 13.112, 0.479, 0.955 ] },
            { "label": "G13", "chain_id": "A", "start": 166, "end": 168, "type": "G", "start_vector": [ 13.897, 14.816, 3.888 ], "end_vector": [ 9.712, 17.923, 4.969 ], "nested_sses": [ { "label": null, "chain_id": "A", "start": 166, "end": 168, "type": "G" } ] }
        ],
        "beta_connectivity": [
            [ "E0", "E9", -1 ],
            [ "E2", "E3", -1 ],
            [ "E2", "E9", -1 ],
            [ "E2", "E12", -1 ],
            [ "E3", "E4", -1 ],
            [ "E4", "E5", -1 ],
            [ "E5", "E6", -1 ],
            [ "E6", "E7", -1 ],
            [ "E7", "E8", -1 ],
            [ "E8", "E9", -1 ]
        ],
        "hydrogen_bonds": [
            [ "A", 4, "A", 2 ],
            [ "A", 4, "A", 120 ],
            [ "A", 6, "A", 118 ],
            [ "A", 14, "A", 99 ],
            [ "A", 17, "A", 14 ],
            [ "A", 19, "A", 17 ],
            [ "A", 21, "A", 18 ],
            [ "A", 22, "A", 18 ],
            [ "A", 22, "A", 19 ],
            [ "A", 23, "A", 19 ],
            [ "A", 23, "A", 20 ],
            [ "A", 24, "A", 46 ],
            [ "A", 26, "A", 44 ],
            [ "A", 27, "A", 128 ],
            [ "A", 28, "A", 42 ],
            [ "A", 29, "A", 126 ],
            [ "A", 30, "A", 126 ],
            [ "A", 31, "A", 156 ],
            [ "A", 32, "A", 124 ],
            [ "A", 38, "A", 36 ],
            [ "A", 40, "A", 61 ],
            [ "A", 41, "A", 159 ],
            [ "A", 43, "A", 59 ],
            [ "A", 44, "A", 26 ],
            [ "A", 45, "A", 57 ],
            [ "A", 46, "A", 24 ],
            [ "A", 46, "A", 44 ],
            [ "A", 47, "A", 55 ],
            [ "A", 49, "A", 53 ],
            [ "A", 54, "A", 74 ],
            [ "A", 55, "A", 47 ],
            [ "A", 56, "A", 72 ],
            [ "A", 57, "A", 45 ],
            [ "A", 58, "A", 70 ],
            [ "A", 59, "A", 43 ],
            [ "A", 60, "A", 68 ],
            [ "A", 61, "A", 40 ],
            [ "A", 62, "A", 60 ],
            [ "A", 62, "A", 66 ],
            [ "A", 65, "A", 62 ],
            [ "A", 68, "A", 60 ],
            [ "A", 68, "A", 66 ],
            [ "A", 70, "A", 58 ],
            [ "A", 72, "A", 56 ],
            [ "A", 73, "A", 88 ],
            [ "A", 74, "A", 54 ],
            [ "A", 75, "A", 86 ],
            [ "A", 77, "A", 75 ],
            [ "A", 81, "A", 78 ],
            [ "A", 84, "A", 81 ],
            [ "A", 85, "A", 83 ],
            [ "A", 85, "A", 97 ],
            [ "A", 86, "A", 75 ],
            [ "A", 87, "A", 95 ],
            [ "A", 88, "A", 73 ],
            [ "A", 89, "A", 87 ],
            [ "A", 90, "A", 71 ],
            [ "A", 92, "A", 89 ],
            [ "A", 95, "A", 87 ],
            [ "A", 97, "A", 85 ],
            [ "A", 98, "A", 111 ],
            [ "A", 99, "A", 83 ],
            [ "A", 99, "A", 97 ],
            [ "A", 100, "A", 98 ],
            [ "A", 100, "A", 109 ],
            [ "A", 101, "A", 109 ],
            [ "A", 103, "A", 107 ],
            [ "A", 104, "A", 107 ],
            [ "A", 105, "A", 103 ],
            [ "A", 108, "A", 127 ],
            [ "A", 109, "A", 101 ],
            [ "A", 110, "A", 125 ],
            [ "A", 111, "A", 98 ],
            [ "A", 112, "A", 123 ],
            [ "A", 114, "A", 121 ],
            [ "A", 116, "A", 119 ],
            [ "A", 118, "A", 116 ],
            [ "A", 119, "A", 116 ],
            [ "A", 120, "A", 4 ],
            [ "A", 121, "A", 114 ],
            [ "A", 122, "A", 2 ],
            [ "A", 122, "A", 120 ],
            [ "A", 123, "A", 112 ],
            [ "A", 125, "A", 110 ],
            [ "A", 126, "A", 30 ],
            [ "A", 127, "A", 108 ],
            [ "A", 127, "A", 125 ],
            [ "A", 128, "A", 27 ],
            [ "A", 129, "A", 106 ],
            [ "A", 138, "A", 134 ],
            [ "A", 139, "A", 135 ],
            [ "A", 140, "A", 136 ],
            [ "A", 141, "A", 137 ],
            [ "A", 142, "A", 138 ],
            [ "A", 143, "A", 139 ],
            [ "A", 144, "A", 140 ],
            [ "A", 145, "A", 141 ],
            [ "A", 146, "A", 142 ],
            [ "A", 147, "A", 143 ],
            [ "A", 148, "A", 144 ],
            [ "A", 148, "A", 145 ],
            [ "A", 149, "A", 146 ],
            [ "A", 150, "A", 145 ],
            [ "A", 152, "A", 150 ],
            [ "A", 154, "A", 151 ],
            [ "A", 155, "A", 152 ],
            [ "A", 156, "A", 31 ],
            [ "A", 158, "A", 29 ],
            [ "A", 158, "A", 156 ],
            [ "A", 160, "A", 158 ],
            [ "A", 165, "A", 161 ],
            [ "A", 166, "A", 163 ],
            [ "A", 168, "A", 165 ],
            [ "A", 169, "A", 166 ]
        ]
    }
}
