{
  "5f6z_A_01": {
    "secondary_structure_elements": [
      {
        "label": "E1",
        "chain_id": "A",
        "start": 2,
        "end": 5,
        "type": "E",
        "sheet_id": 1,
        "start_vector": [
          5.403,
          -4.539,
          -12.472
        ],
        "end_vector": [
          3.581,
          -15.722,
          -14.161
        ],
        "minor_axis": [
          0.875,
          -0.07,
          -0.479
        ],
        "domain": "5f6z_A_01",
        "color": "s293",
        "color_hex": "#00C1FF",
        "rainbow": "s131",
        "rainbow_hex": "#3600FF"
      },
      {
        "label": "H4",
        "chain_id": "A",
        "start": 19,
        "end": 22,
        "type": "h",
        "start_vector": [
          -12.684,
          1.638,
          8.967
        ],
        "end_vector": [
          -7.206,
          5.058,
          9.682
        ],
        "nested_sses": [
          {
            "label": null,
            "chain_id": "A",
            "start": 19,
            "end": 21,
            "type": "G"
          },
          {
            "label": null,
            "chain_id": "A",
            "start": 19,
            "end": 22,
            "type": "H"
          }
        ],
        "domain": "5f6z_A_01",
        "color": "s173",
        "color_hex": "#0009FF",
        "rainbow": "s180",
        "rainbow_hex": "#0014FF"
      },
      {
        "label": "E5",
        "chain_id": "A",
        "start": 24,
        "end": 31,
        "type": "E",
        "sheet_id": 1,
        "start_vector": [
          -2.301,
          9.496,
          10.111
        ],
        "end_vector": [
          10.569,
          -2.575,
          -1.035
        ],
        "minor_axis": [
          0.781,
          0.535,
          0.322
        ],
        "nested_sses": [
          {
            "label": null,
            "chain_id": "A",
            "start": 29,
            "end": 30,
            "type": "N",
            "sheet_id": -4,
            "comment": "A_NcCN_C_"
          }
        ],
        "domain": "5f6z_A_01",
        "color": "s466",
        "color_hex": "#00FF34",
        "rainbow": "s233",
        "rainbow_hex": "#0065FF"
      },
      {
        "label": "E8",
        "chain_id": "A",
        "start": 40,
        "end": 48,
        "type": "E",
        "sheet_id": 1,
        "start_vector": [
          12.655,
          7.342,
          -0.748
        ],
        "end_vector": [
          -12.3,
          10.928,
          5.686
        ],
        "minor_axis": [
          0.166,
          -0.435,
          0.885
        ],
        "nested_sses": [
          {
            "label": null,
            "chain_id": "A",
            "start": 40,
            "end": 43,
            "type": "M",
            "sheet_id": -7,
            "comment": "A_CNcCNcCN_CNcCN_"
          }
        ],
        "domain": "5f6z_A_01",
        "color": "s346",
        "color_hex": "#00FFEB",
        "rainbow": "s322",
        "rainbow_hex": "#00EDFF"
      },
      {
        "label": "E9",
        "chain_id": "A",
        "start": 54,
        "end": 61,
        "type": "E",
        "sheet_id": 1,
        "start_vector": [
          -12.858,
          8.487,
          0.955
        ],
        "end_vector": [
          11.962,
          13.124,
          -3.317
        ],
        "minor_axis": [
          0.242,
          -0.582,
          0.776
        ],
        "nested_sses": [
          {
            "label": null,
            "chain_id": "A",
            "start": 59,
            "end": 61,
            "type": "m",
            "sheet_id": -7,
            "comment": "A_CNcCN_CNcCNcCN_"
          }
        ],
        "domain": "5f6z_A_01",
        "color": "s639",
        "color_hex": "#D4FF00",
        "rainbow": "s377",
        "rainbow_hex": "#00FFBC"
      },
      {
        "label": "E10",
        "chain_id": "A",
        "start": 67,
        "end": 75,
        "type": "E",
        "sheet_id": 1,
        "start_vector": [
          9.276,
          18.439,
          -5.811
        ],
        "end_vector": [
          -14.924,
          3.887,
          -3.57
        ],
        "minor_axis": [
          -0.019,
          0.183,
          0.983
        ],
        "domain": "5f6z_A_01",
        "color": "s933",
        "color_hex": "#FF0098",
        "rainbow": "s433",
        "rainbow_hex": "#00FF66"
      },
      {
        "label": "E15",
        "chain_id": "A",
        "start": 84,
        "end": 89,
        "type": "E",
        "sheet_id": 1,
        "start_vector": [
          -11.933,
          -4.753,
          -0.858
        ],
        "end_vector": [
          -6.143,
          9.75,
          -10.463
        ],
        "minor_axis": [
          -0.474,
          0.61,
          0.635
        ],
        "domain": "5f6z_A_01",
        "color": "s399",
        "color_hex": "#00FF9A",
        "rainbow": "s505",
        "rainbow_hex": "#07FF00"
      },
      {
        "label": "E17",
        "chain_id": "A",
        "start": 95,
        "end": 102,
        "type": "E",
        "sheet_id": 1,
        "start_vector": [
          -7.414,
          -0.911,
          -10.904
        ],
        "end_vector": [
          -3.75,
          -6.946,
          9.863
        ],
        "minor_axis": [
          0.983,
          -0.025,
          -0.181
        ],
        "nested_sses": [
          {
            "label": null,
            "chain_id": "A",
            "start": 100,
            "end": 101,
            "type": "N",
            "sheet_id": -13,
            "comment": "A_NcCN_C_"
          }
        ],
        "domain": "5f6z_A_01",
        "color": "s986",
        "color_hex": "#FF00E9",
        "rainbow": "s570",
        "rainbow_hex": "#6BFF00"
      },
      {
        "label": "E21",
        "chain_id": "A",
        "start": 107,
        "end": 116,
        "type": "E",
        "sheet_id": 1,
        "start_vector": [
          0.353,
          -1,
          11.222
        ],
        "end_vector": [
          -4.066,
          -10.266,
          -18.992
        ],
        "minor_axis": [
          0.99,
          -0.04,
          -0.133
        ],
        "nested_sses": [
          {
            "label": null,
            "chain_id": "A",
            "start": 109,
            "end": 109,
            "type": "n",
            "sheet_id": -13,
            "comment": "A_C_NcCN_"
          }
        ],
        "domain": "5f6z_A_01",
        "color": "s159",
        "color_hex": "#0B00FF",
        "rainbow": "s631",
        "rainbow_hex": "#C8FF00"
      },
      {
        "label": "E23",
        "chain_id": "A",
        "start": 119,
        "end": 128,
        "type": "E",
        "sheet_id": 1,
        "start_vector": [
          0.403,
          -13.121,
          -18.111
        ],
        "end_vector": [
          4.261,
          2.938,
          9.094
        ],
        "minor_axis": [
          0.922,
          0.261,
          -0.285
        ],
        "nested_sses": [
          {
            "label": null,
            "chain_id": "A",
            "start": 126,
            "end": 126,
            "type": "n",
            "sheet_id": -4,
            "comment": "A_C_NcCN_"
          }
        ],
        "domain": "5f6z_A_01",
        "color": "s746",
        "color_hex": "#FF8500",
        "rainbow": "s690",
        "rainbow_hex": "#FFDB00"
      },
      {
        "label": "H24",
        "chain_id": "A",
        "start": 135,
        "end": 148,
        "type": "h",
        "start_vector": [
          9.693,
          -6.455,
          13.963
        ],
        "end_vector": [
          2.291,
          -16.982,
          -3.162
        ],
        "nested_sses": [
          {
            "label": null,
            "chain_id": "A",
            "start": 135,
            "end": 147,
            "type": "H"
          },
          {
            "label": null,
            "chain_id": "A",
            "start": 146,
            "end": 148,
            "type": "G"
          }
        ],
        "domain": "5f6z_A_01",
        "color": "s039",
        "color_hex": "#C300FF",
        "rainbow": "s743",
        "rainbow_hex": "#FF8A00"
      },
      {
        "label": "H25",
        "chain_id": "A",
        "start": 152,
        "end": 154,
        "type": "G",
        "start_vector": [
          11.988,
          -12.654,
          -2.762
        ],
        "end_vector": [
          13.248,
          -7.693,
          -3.539
        ],
        "nested_sses": [
          {
            "label": null,
            "chain_id": "A",
            "start": 152,
            "end": 154,
            "type": "G"
          }
        ],
        "domain": "5f6z_A_01",
        "color": "s333",
        "color_hex": "#00FEFF",
        "rainbow": "s793",
        "rainbow_hex": "#FF3D00"
      },
      {
        "label": "E26",
        "chain_id": "A",
        "start": 156,
        "end": 157,
        "type": "E",
        "sheet_id": 1,
        "start_vector": [
          12.347,
          -4.32,
          -2.49
        ],
        "end_vector": [
          12.966,
          0.358,
          0.642
        ],
        "minor_axis": [
          0.981,
          0.001,
          -0.195
        ],
        "domain": "5f6z_A_01",
        "color": "s626",
        "color_hex": "#C0FF00",
        "rainbow": "s840",
        "rainbow_hex": "#FF000A"
      },
      {
        "label": "H27",
        "chain_id": "A",
        "start": 162,
        "end": 165,
        "type": "H",
        "start_vector": [
          17.113,
          9.908,
          8.317
        ],
        "end_vector": [
          15.351,
          14.625,
          4.392
        ],
        "nested_sses": [
          {
            "label": null,
            "chain_id": "A",
            "start": 162,
            "end": 165,
            "type": "H"
          }
        ],
        "domain": "5f6z_A_01",
        "color": "s919",
        "color_hex": "#FF0083",
        "rainbow": "s869",
        "rainbow_hex": "#FF0036"
      }
    ]
  }
}
