{
  "5mhh_A_01": {
    "software": "SecStrAnnotator 2.2 [2022-01-02]",
    "args": "--onlyssa --verbose --batch /srv/var/jobs/Running/6c297d4c-2070-4f9d-90b3-e04d02f83d1f/job_data/cif_cealign /srv/var/jobs/Running/6c297d4c-2070-4f9d-90b3-e04d02f83d1f/job_data/cif_cealign/domain_batch.txt",
    "found": 16,
    "secondary_structure_elements": [
      {"label": "H0", "chain_id": "A", "start": 13, "end": 16, "type": "G", "start_vector": [-6.98, -14.888, -6.333], "end_vector": [-5.268, -13.867, 0.228], "nested_sses": [{"label": null, "chain_id": "A", "start": 13, "end": 15, "type": "G"}]},
      {"label": "H1", "chain_id": "A", "start": 24, "end": 27, "type": "H", "start_vector": [-13.1, 2.546, 9.705], "end_vector": [-7.33, 5.823, 10.043], "nested_sses": [{"label": null, "chain_id": "A", "start": 24, "end": 27, "type": "H"}]},
      {"label": "E2", "chain_id": "A", "start": 29, "end": 38, "type": "E", "sheet_id": 1, "start_vector": [-0.83, 9.302, 10.867], "end_vector": [10.508, -6.158, -5.113], "minor_axis": [0.691, -0.208, 0.692], "nested_sses": [{"label": null, "chain_id": "A", "start": 34, "end": 35, "type": "N", "sheet_id": -3, "comment": "A_NcCN_C_"}]},
      {"label": "E3", "chain_id": "A", "start": 50, "end": 50, "type": "B", "sheet_id": 2, "start_vector": [14.29, 5.795, -1.264], "end_vector": [12.523, 6.324, 0.335], "minor_axis": [0.545, -0.402, 0.736]},
      {"label": "E4", "chain_id": "A", "start": 53, "end": 58, "type": "E", "sheet_id": 1, "start_vector": [5.59, 7.979, 2.528], "end_vector": [-12.607, 10.965, 4.611], "minor_axis": [0.048, -0.358, 0.932]},
      {"label": "E5", "chain_id": "A", "start": 64, "end": 72, "type": "E", "sheet_id": 1, "start_vector": [-11.537, 8.469, 1.296], "end_vector": [13.716, 14.129, -4.048], "minor_axis": [0.281, -0.456, 0.844]},
      {"label": "E6", "chain_id": "A", "start": 75, "end": 85, "type": "E", "sheet_id": 1, "start_vector": [11.858, 19.833, -5.167], "end_vector": [-16.301, 2.059, -4.069], "minor_axis": [0.178, -0.222, 0.959]},
      {"label": "E7", "chain_id": "A", "start": 91, "end": 94, "type": "E", "sheet_id": 1, "start_vector": [-11.652, -3.137, 0.184], "end_vector": [-10.271, 4.931, -9.069], "minor_axis": [0.521, -0.68, -0.516]},
      {"label": "H8", "chain_id": "A", "start": 97, "end": 100, "type": "G", "start_vector": [-11.736, 7.399, -13.991], "end_vector": [-6.204, 8.481, -18.291], "nested_sses": [{"label": null, "chain_id": "A", "start": 97, "end": 99, "type": "G"}]},
      {"label": "E9", "chain_id": "A", "start": 103, "end": 113, "type": "E", "sheet_id": 1, "start_vector": [-7.713, 0.346, -19.067], "end_vector": [-5.472, -6.333, 10.802], "minor_axis": [0.988, 0.147, -0.041], "nested_sses": [{"label": null, "chain_id": "A", "start": 104, "end": 105, "type": "N", "sheet_id": -11, "comment": "A_NcCN_C_"}, {"label": null, "chain_id": "A", "start": 111, "end": 112, "type": "N", "sheet_id": -13, "comment": "A_NcCN_C_"}]},
      {"label": "E10", "chain_id": "A", "start": 118, "end": 127, "type": "E", "sheet_id": 1, "start_vector": [-0.352, -3.173, 12.275], "end_vector": [-3.947, -3.311, -19.117], "minor_axis": [0.984, -0.136, -0.112], "nested_sses": [{"label": null, "chain_id": "A", "start": 120, "end": 120, "type": "n", "sheet_id": -13, "comment": "A_C_NcCN_"}, {"label": null, "chain_id": "A", "start": 126, "end": 126, "type": "n", "sheet_id": -11, "comment": "A_C_NcCN_"}]},
      {"label": "E11", "chain_id": "A", "start": 130, "end": 139, "type": "E", "sheet_id": 1, "start_vector": [-0.711, -7.615, -19.142], "end_vector": [4.18, 0.663, 10.531], "minor_axis": [0.983, -0.134, -0.125], "nested_sses": [{"label": null, "chain_id": "A", "start": 137, "end": 137, "type": "n", "sheet_id": -3, "comment": "A_C_NcCN_"}]},
      {"label": "H12", "chain_id": "A", "start": 146, "end": 159, "type": "h", "start_vector": [10.169, -7.07, 13.627], "end_vector": [3.711, -15.707, -4.996], "nested_sses": [{"label": null, "chain_id": "A", "start": 146, "end": 158, "type": "H"}, {"label": null, "chain_id": "A", "start": 157, "end": 159, "type": "G"}]},
      {"label": "H13", "chain_id": "A", "start": 163, "end": 165, "type": "G", "start_vector": [13.208, -11.671, -5.558], "end_vector": [12.587, -6.793, -4.102], "nested_sses": [{"label": null, "chain_id": "A", "start": 163, "end": 165, "type": "G"}]},
      {"label": "E14", "chain_id": "A", "start": 166, "end": 167, "type": "E", "sheet_id": 1, "start_vector": [11.348, -6.574, -4.034], "end_vector": [12.311, -2.721, 0.231], "minor_axis": [0.967, -0.256, 0.013]},
      {"label": "E15", "chain_id": "A", "start": 170, "end": 170, "type": "B", "sheet_id": 2, "start_vector": [14.727, 3.443, 2.68], "end_vector": [14.725, 5.264, 4.336], "minor_axis": [-0.213, -0.657, 0.723]}
    ],
    "beta_connectivity": [
      ["E2", "E4", -1],
      ["E2", "E11", -1],
      ["E2", "E14", -1],
      ["E3", "E15", 1],
      ["E4", "E5", -1],
      ["E5", "E6", -1],
      ["E6", "E7", -1],
      ["E7", "E9", -1],
      ["E9", "E10", -1],
      ["E10", "E11", -1]
    ],
    "hydrogen_bonds": [
      ["A", 15, "A", 12],
      ["A", 16, "A", 13],
      ["A", 19, "A", 110],
      ["A", 22, "A", 19],
      ["A", 24, "A", 22],
      ["A", 27, "A", 23],
      ["A", 28, "A", 24],
      ["A", 28, "A", 25],
      ["A", 29, "A", 56],
      ["A", 31, "A", 54],
      ["A", 32, "A", 139],
      ["A", 33, "A", 52],
      ["A", 34, "A", 32],
      ["A", 34, "A", 137],
      ["A", 35, "A", 137],
      ["A", 36, "A", 167],
      ["A", 37, "A", 135],
      ["A", 38, "A", 165],
      ["A", 39, "A", 133],
      ["A", 41, "A", 38],
      ["A", 43, "A", 164],
      ["A", 51, "A", 170],
      ["A", 53, "A", 69],
      ["A", 54, "A", 31],
      ["A", 55, "A", 67],
      ["A", 56, "A", 29],
      ["A", 56, "A", 54],
      ["A", 57, "A", 55],
      ["A", 57, "A", 65],
      ["A", 58, "A", 56],
      ["A", 59, "A", 57],
      ["A", 59, "A", 63],
      ["A", 62, "A", 59],
      ["A", 64, "A", 83],
      ["A", 65, "A", 57],
      ["A", 66, "A", 64],
      ["A", 66, "A", 81],
      ["A", 67, "A", 55],
      ["A", 67, "A", 65],
      ["A", 68, "A", 66],
      ["A", 68, "A", 79],
      ["A", 69, "A", 53],
      ["A", 70, "A", 77],
      ["A", 72, "A", 70],
      ["A", 72, "A", 75],
      ["A", 75, "A", 72],
      ["A", 77, "A", 70],
      ["A", 79, "A", 68],
      ["A", 81, "A", 66],
      ["A", 83, "A", 64],
      ["A", 84, "A", 82],
      ["A", 84, "A", 93],
      ["A", 86, "A", 91],
      ["A", 91, "A", 88],
      ["A", 92, "A", 108],
      ["A", 93, "A", 84],
      ["A", 94, "A", 106],
      ["A", 95, "A", 82],
      ["A", 97, "A", 94],
      ["A", 99, "A", 96],
      ["A", 100, "A", 97],
      ["A", 103, "A", 100],
      ["A", 104, "A", 102],
      ["A", 104, "A", 126],
      ["A", 105, "A", 126],
      ["A", 107, "A", 124],
      ["A", 108, "A", 92],
      ["A", 109, "A", 122],
      ["A", 110, "A", 90],
      ["A", 111, "A", 109],
      ["A", 111, "A", 120],
      ["A", 112, "A", 120],
      ["A", 114, "A", 118],
      ["A", 115, "A", 118],
      ["A", 116, "A", 114],
      ["A", 119, "A", 138],
      ["A", 120, "A", 112],
      ["A", 121, "A", 136],
      ["A", 122, "A", 109],
      ["A", 123, "A", 134],
      ["A", 124, "A", 107],
      ["A", 125, "A", 132],
      ["A", 126, "A", 105],
      ["A", 127, "A", 125],
      ["A", 127, "A", 130],
      ["A", 128, "A", 102],
      ["A", 130, "A", 127],
      ["A", 132, "A", 125],
      ["A", 132, "A", 130],
      ["A", 134, "A", 123],
      ["A", 135, "A", 37],
      ["A", 136, "A", 121],
      ["A", 137, "A", 35],
      ["A", 138, "A", 119],
      ["A", 138, "A", 136],
      ["A", 139, "A", 32],
      ["A", 140, "A", 117],
      ["A", 149, "A", 145],
      ["A", 150, "A", 146],
      ["A", 151, "A", 147],
      ["A", 152, "A", 148],
      ["A", 153, "A", 149],
      ["A", 154, "A", 150],
      ["A", 155, "A", 151],
      ["A", 156, "A", 152],
      ["A", 157, "A", 153],
      ["A", 158, "A", 154],
      ["A", 159, "A", 155],
      ["A", 159, "A", 156],
      ["A", 160, "A", 157],
      ["A", 161, "A", 156],
      ["A", 165, "A", 162],
      ["A", 166, "A", 163],
      ["A", 167, "A", 36],
      ["A", 170, "A", 49],
      ["A", 176, "A", 174],
      ["A", 177, "A", 173],
      ["A", 178, "A", 176],
      ["A", 180, "A", 177]
    ]
  }
}
