{
  "5mhh_A_01": {
    "secondary_structure_elements": [
      {
        "label": "H0",
        "chain_id": "A",
        "start": 13,
        "end": 16,
        "type": "G",
        "start_vector": [
          -6.98,
          -14.888,
          -6.333
        ],
        "end_vector": [
          -5.268,
          -13.867,
          0.228
        ],
        "nested_sses": [
          {
            "label": null,
            "chain_id": "A",
            "start": 13,
            "end": 15,
            "type": "G"
          }
        ],
        "domain": "5mhh_A_01",
        "color": "s000",
        "color_hex": "#FF00FF",
        "rainbow": "s109",
        "rainbow_hex": "#5800FF"
      },
      {
        "label": "H4",
        "chain_id": "A",
        "start": 24,
        "end": 27,
        "type": "H",
        "start_vector": [
          -13.1,
          2.546,
          9.705
        ],
        "end_vector": [
          -7.33,
          5.823,
          10.043
        ],
        "nested_sses": [
          {
            "label": null,
            "chain_id": "A",
            "start": 24,
            "end": 27,
            "type": "H"
          }
        ],
        "domain": "5mhh_A_01",
        "color": "s173",
        "color_hex": "#0009FF",
        "rainbow": "s180",
        "rainbow_hex": "#0014FF"
      },
      {
        "label": "E5",
        "chain_id": "A",
        "start": 29,
        "end": 38,
        "type": "E",
        "sheet_id": 1,
        "start_vector": [
          -0.83,
          9.302,
          10.867
        ],
        "end_vector": [
          10.508,
          -6.158,
          -5.113
        ],
        "nested_sses": [
          {
            "label": null,
            "chain_id": "A",
            "start": 34,
            "end": 35,
            "type": "N",
            "sheet_id": -3,
            "comment": "A_NcCN_C_"
          }
        ],
        "domain": "5mhh_A_01",
        "color": "s466",
        "color_hex": "#00FF34",
        "rainbow": "s233",
        "rainbow_hex": "#0065FF"
      },
      {
        "label": "E7",
        "chain_id": "A",
        "start": 50,
        "end": 50,
        "type": "B",
        "sheet_id": 2,
        "start_vector": [
          14.29,
          5.795,
          -1.264
        ],
        "end_vector": [
          12.523,
          6.324,
          0.335
        ],
        "domain": "5mhh_A_01",
        "color": "s053",
        "color_hex": "#AD00FF",
        "rainbow": "s286",
        "rainbow_hex": "#00B6FF"
      },
      {
        "label": "E8",
        "chain_id": "A",
        "start": 53,
        "end": 58,
        "type": "E",
        "sheet_id": 1,
        "start_vector": [
          5.59,
          7.979,
          2.528
        ],
        "end_vector": [
          -12.607,
          10.965,
          4.611
        ],
        "domain": "5mhh_A_01",
        "color": "s346",
        "color_hex": "#00FFEB",
        "rainbow": "s322",
        "rainbow_hex": "#00EDFF"
      },
      {
        "label": "E9",
        "chain_id": "A",
        "start": 64,
        "end": 72,
        "type": "E",
        "sheet_id": 1,
        "start_vector": [
          -11.537,
          8.469,
          1.296
        ],
        "end_vector": [
          13.716,
          14.129,
          -4.048
        ],
        "domain": "5mhh_A_01",
        "color": "s639",
        "color_hex": "#D4FF00",
        "rainbow": "s377",
        "rainbow_hex": "#00FFBC"
      },
      {
        "label": "E10",
        "chain_id": "A",
        "start": 75,
        "end": 85,
        "type": "E",
        "sheet_id": 1,
        "start_vector": [
          11.858,
          19.833,
          -5.167
        ],
        "end_vector": [
          -16.301,
          2.059,
          -4.069
        ],
        "domain": "5mhh_A_01",
        "color": "s933",
        "color_hex": "#FF0098",
        "rainbow": "s433",
        "rainbow_hex": "#00FF66"
      },
      {
        "label": "E15",
        "chain_id": "A",
        "start": 91,
        "end": 94,
        "type": "E",
        "sheet_id": 1,
        "start_vector": [
          -11.652,
          -3.137,
          0.184
        ],
        "end_vector": [
          -10.271,
          4.931,
          -9.069
        ],
        "domain": "5mhh_A_01",
        "color": "s399",
        "color_hex": "#00FF9A",
        "rainbow": "s505",
        "rainbow_hex": "#07FF00"
      },
      {
        "label": "H16",
        "chain_id": "A",
        "start": 97,
        "end": 100,
        "type": "G",
        "start_vector": [
          -11.736,
          7.399,
          -13.991
        ],
        "end_vector": [
          -6.204,
          8.481,
          -18.291
        ],
        "nested_sses": [
          {
            "label": null,
            "chain_id": "A",
            "start": 97,
            "end": 99,
            "type": "G"
          }
        ],
        "domain": "5mhh_A_01",
        "color": "s693",
        "color_hex": "#FFD600",
        "rainbow": "s538",
        "rainbow_hex": "#3AFF00"
      },
      {
        "label": "E17",
        "chain_id": "A",
        "start": 103,
        "end": 113,
        "type": "E",
        "sheet_id": 1,
        "start_vector": [
          -7.713,
          0.346,
          -19.067
        ],
        "end_vector": [
          -5.472,
          -6.333,
          10.802
        ],
        "nested_sses": [
          {
            "label": null,
            "chain_id": "A",
            "start": 104,
            "end": 105,
            "type": "N",
            "sheet_id": -11,
            "comment": "A_NcCN_C_"
          },
          {
            "label": null,
            "chain_id": "A",
            "start": 111,
            "end": 112,
            "type": "N",
            "sheet_id": -13,
            "comment": "A_NcCN_C_"
          }
        ],
        "domain": "5mhh_A_01",
        "color": "s986",
        "color_hex": "#FF00E9",
        "rainbow": "s570",
        "rainbow_hex": "#6BFF00"
      },
      {
        "label": "E21",
        "chain_id": "A",
        "start": 118,
        "end": 127,
        "type": "E",
        "sheet_id": 1,
        "start_vector": [
          -0.352,
          -3.173,
          12.275
        ],
        "end_vector": [
          -3.947,
          -3.311,
          -19.117
        ],
        "nested_sses": [
          {
            "label": null,
            "chain_id": "A",
            "start": 120,
            "end": 120,
            "type": "n",
            "sheet_id": -13,
            "comment": "A_C_NcCN_"
          },
          {
            "label": null,
            "chain_id": "A",
            "start": 126,
            "end": 126,
            "type": "n",
            "sheet_id": -11,
            "comment": "A_C_NcCN_"
          }
        ],
        "domain": "5mhh_A_01",
        "color": "s159",
        "color_hex": "#0B00FF",
        "rainbow": "s631",
        "rainbow_hex": "#C8FF00"
      },
      {
        "label": "E23",
        "chain_id": "A",
        "start": 130,
        "end": 139,
        "type": "E",
        "sheet_id": 1,
        "start_vector": [
          -0.711,
          -7.615,
          -19.142
        ],
        "end_vector": [
          4.18,
          0.663,
          10.531
        ],
        "nested_sses": [
          {
            "label": null,
            "chain_id": "A",
            "start": 137,
            "end": 137,
            "type": "n",
            "sheet_id": -3,
            "comment": "A_C_NcCN_"
          }
        ],
        "domain": "5mhh_A_01",
        "color": "s746",
        "color_hex": "#FF8500",
        "rainbow": "s690",
        "rainbow_hex": "#FFDB00"
      },
      {
        "label": "H24",
        "chain_id": "A",
        "start": 146,
        "end": 159,
        "type": "h",
        "start_vector": [
          10.169,
          -7.07,
          13.627
        ],
        "end_vector": [
          3.711,
          -15.707,
          -4.996
        ],
        "nested_sses": [
          {
            "label": null,
            "chain_id": "A",
            "start": 146,
            "end": 158,
            "type": "H"
          },
          {
            "label": null,
            "chain_id": "A",
            "start": 157,
            "end": 159,
            "type": "G"
          }
        ],
        "domain": "5mhh_A_01",
        "color": "s039",
        "color_hex": "#C300FF",
        "rainbow": "s743",
        "rainbow_hex": "#FF8A00"
      },
      {
        "label": "H25",
        "chain_id": "A",
        "start": 163,
        "end": 165,
        "type": "G",
        "start_vector": [
          13.208,
          -11.671,
          -5.558
        ],
        "end_vector": [
          12.587,
          -6.793,
          -4.102
        ],
        "nested_sses": [
          {
            "label": null,
            "chain_id": "A",
            "start": 163,
            "end": 165,
            "type": "G"
          }
        ],
        "domain": "5mhh_A_01",
        "color": "s333",
        "color_hex": "#00FEFF",
        "rainbow": "s793",
        "rainbow_hex": "#FF3D00"
      },
      {
        "label": "E26",
        "chain_id": "A",
        "start": 166,
        "end": 167,
        "type": "E",
        "sheet_id": 1,
        "start_vector": [
          11.348,
          -6.574,
          -4.034
        ],
        "end_vector": [
          12.311,
          -2.721,
          0.231
        ],
        "domain": "5mhh_A_01",
        "color": "s626",
        "color_hex": "#C0FF00",
        "rainbow": "s840",
        "rainbow_hex": "#FF000A"
      },
      {
        "label": "E28",
        "chain_id": "A",
        "start": 170,
        "end": 170,
        "type": "B",
        "sheet_id": 2,
        "start_vector": [
          14.727,
          3.443,
          2.68
        ],
        "end_vector": [
          14.725,
          5.264,
          4.336
        ],
        "domain": "5mhh_A_01",
        "color": "s213",
        "color_hex": "#0046FF",
        "rainbow": "s884",
        "rainbow_hex": "#FF004D"
      }
    ]
  }
}
