{
  "5n47_A_01": {
    "secondary_structure_elements": [
      {
        "label": "H0",
        "chain_id": "A",
        "start": 13,
        "end": 16,
        "type": "G",
        "start_vector": [
          -7.22,
          -14.598,
          -6.971
        ],
        "end_vector": [
          -6.139,
          -13.233,
          -0.626
        ],
        "nested_sses": [
          {
            "label": null,
            "chain_id": "A",
            "start": 13,
            "end": 15,
            "type": "G"
          }
        ],
        "domain": "5n47_A_01",
        "color": "s000",
        "color_hex": "#FF00FF",
        "rainbow": "s109",
        "rainbow_hex": "#5800FF"
      },
      {
        "label": "H4",
        "chain_id": "A",
        "start": 24,
        "end": 27,
        "type": "H",
        "start_vector": [
          -13.256,
          2.373,
          9.319
        ],
        "end_vector": [
          -7.506,
          5.523,
          9.91
        ],
        "nested_sses": [
          {
            "label": null,
            "chain_id": "A",
            "start": 24,
            "end": 27,
            "type": "H"
          }
        ],
        "domain": "5n47_A_01",
        "color": "s173",
        "color_hex": "#0009FF",
        "rainbow": "s180",
        "rainbow_hex": "#0014FF"
      },
      {
        "label": "E5",
        "chain_id": "A",
        "start": 29,
        "end": 38,
        "type": "E",
        "sheet_id": 1,
        "start_vector": [
          -0.973,
          9.372,
          10.743
        ],
        "end_vector": [
          10.947,
          -6.475,
          -5.368
        ],
        "minor_axis": [
          0.682,
          -0.201,
          0.703
        ],
        "nested_sses": [
          {
            "label": null,
            "chain_id": "A",
            "start": 34,
            "end": 35,
            "type": "N",
            "sheet_id": -3,
            "comment": "A_NcCN_C_"
          }
        ],
        "domain": "5n47_A_01",
        "color": "s466",
        "color_hex": "#00FF34",
        "rainbow": "s233",
        "rainbow_hex": "#0065FF"
      },
      {
        "label": "E7",
        "chain_id": "A",
        "start": 50,
        "end": 50,
        "type": "B",
        "sheet_id": 2,
        "start_vector": [
          13.649,
          5.561,
          -2.045
        ],
        "end_vector": [
          12.209,
          6.069,
          -0.176
        ],
        "minor_axis": [
          0.705,
          -0.322,
          0.631
        ],
        "domain": "5n47_A_01",
        "color": "s053",
        "color_hex": "#AD00FF",
        "rainbow": "s286",
        "rainbow_hex": "#00B6FF"
      },
      {
        "label": "E8",
        "chain_id": "A",
        "start": 53,
        "end": 58,
        "type": "E",
        "sheet_id": 1,
        "start_vector": [
          5.587,
          8.418,
          2.536
        ],
        "end_vector": [
          -12.669,
          10.969,
          4.61
        ],
        "minor_axis": [
          0.038,
          -0.452,
          0.891
        ],
        "domain": "5n47_A_01",
        "color": "s346",
        "color_hex": "#00FFEB",
        "rainbow": "s322",
        "rainbow_hex": "#00EDFF"
      },
      {
        "label": "E9",
        "chain_id": "A",
        "start": 64,
        "end": 72,
        "type": "E",
        "sheet_id": 1,
        "start_vector": [
          -11.381,
          8.767,
          1.431
        ],
        "end_vector": [
          13.705,
          14.783,
          -3.95
        ],
        "minor_axis": [
          0.305,
          -0.759,
          0.576
        ],
        "domain": "5n47_A_01",
        "color": "s639",
        "color_hex": "#D4FF00",
        "rainbow": "s377",
        "rainbow_hex": "#00FFBC"
      },
      {
        "label": "E10",
        "chain_id": "A",
        "start": 75,
        "end": 83,
        "type": "E",
        "sheet_id": 1,
        "start_vector": [
          12.537,
          20.175,
          -3.831
        ],
        "end_vector": [
          -11.871,
          7.38,
          -4.759
        ],
        "minor_axis": [
          0.165,
          -0.381,
          0.91
        ],
        "domain": "5n47_A_01",
        "color": "s933",
        "color_hex": "#FF0098",
        "rainbow": "s433",
        "rainbow_hex": "#00FF66"
      },
      {
        "label": "E12",
        "chain_id": "A",
        "start": 84,
        "end": 85,
        "type": "E",
        "sheet_id": 1,
        "start_vector": [
          -11.625,
          5.354,
          -4.016
        ],
        "end_vector": [
          -14.866,
          0.865,
          -3.536
        ],
        "minor_axis": [
          0.647,
          -0.526,
          -0.552
        ],
        "domain": "5n47_A_01",
        "color": "s519",
        "color_hex": "#1DFF00",
        "rainbow": "s468",
        "rainbow_hex": "#00FF30"
      },
      {
        "label": "E15",
        "chain_id": "A",
        "start": 91,
        "end": 94,
        "type": "E",
        "sheet_id": 1,
        "start_vector": [
          -11.394,
          -2.567,
          -0.195
        ],
        "end_vector": [
          -9.553,
          4.569,
          -10.669
        ],
        "minor_axis": [
          0.633,
          -0.687,
          -0.357
        ],
        "domain": "5n47_A_01",
        "color": "s399",
        "color_hex": "#00FF9A",
        "rainbow": "s505",
        "rainbow_hex": "#07FF00"
      },
      {
        "label": "E17",
        "chain_id": "A",
        "start": 106,
        "end": 113,
        "type": "E",
        "sheet_id": 1,
        "start_vector": [
          -7.594,
          -0.955,
          -12.396
        ],
        "end_vector": [
          -4.271,
          -5.976,
          10.372
        ],
        "minor_axis": [
          0.987,
          0.11,
          -0.12
        ],
        "nested_sses": [
          {
            "label": null,
            "chain_id": "A",
            "start": 111,
            "end": 112,
            "type": "N",
            "sheet_id": -11,
            "comment": "A_NcCN_C_"
          }
        ],
        "domain": "5n47_A_01",
        "color": "s986",
        "color_hex": "#FF00E9",
        "rainbow": "s570",
        "rainbow_hex": "#6BFF00"
      },
      {
        "label": "E21",
        "chain_id": "A",
        "start": 118,
        "end": 127,
        "type": "E",
        "sheet_id": 1,
        "start_vector": [
          -0.658,
          -2.755,
          11.798
        ],
        "end_vector": [
          -2.358,
          -3.211,
          -20.218
        ],
        "minor_axis": [
          0.959,
          -0.279,
          -0.047
        ],
        "nested_sses": [
          {
            "label": null,
            "chain_id": "A",
            "start": 120,
            "end": 120,
            "type": "n",
            "sheet_id": -11,
            "comment": "A_C_NcCN_"
          }
        ],
        "domain": "5n47_A_01",
        "color": "s159",
        "color_hex": "#0B00FF",
        "rainbow": "s631",
        "rainbow_hex": "#C8FF00"
      },
      {
        "label": "E23",
        "chain_id": "A",
        "start": 130,
        "end": 139,
        "type": "E",
        "sheet_id": 1,
        "start_vector": [
          0.08,
          -8.055,
          -19.485
        ],
        "end_vector": [
          4.138,
          1.056,
          10.183
        ],
        "minor_axis": [
          0.989,
          0.03,
          -0.145
        ],
        "nested_sses": [
          {
            "label": null,
            "chain_id": "A",
            "start": 137,
            "end": 137,
            "type": "n",
            "sheet_id": -3,
            "comment": "A_C_NcCN_"
          }
        ],
        "domain": "5n47_A_01",
        "color": "s746",
        "color_hex": "#FF8500",
        "rainbow": "s690",
        "rainbow_hex": "#FFDB00"
      },
      {
        "label": "H24",
        "chain_id": "A",
        "start": 146,
        "end": 159,
        "type": "h",
        "start_vector": [
          9.866,
          -6.783,
          13.658
        ],
        "end_vector": [
          3.334,
          -15.827,
          -4.966
        ],
        "nested_sses": [
          {
            "label": null,
            "chain_id": "A",
            "start": 146,
            "end": 158,
            "type": "H"
          },
          {
            "label": null,
            "chain_id": "A",
            "start": 157,
            "end": 159,
            "type": "G"
          }
        ],
        "domain": "5n47_A_01",
        "color": "s039",
        "color_hex": "#C300FF",
        "rainbow": "s743",
        "rainbow_hex": "#FF8A00"
      },
      {
        "label": "H25",
        "chain_id": "A",
        "start": 163,
        "end": 165,
        "type": "G",
        "start_vector": [
          13.289,
          -12.421,
          -5.036
        ],
        "end_vector": [
          12.865,
          -7.448,
          -4.024
        ],
        "nested_sses": [
          {
            "label": null,
            "chain_id": "A",
            "start": 163,
            "end": 165,
            "type": "G"
          }
        ],
        "domain": "5n47_A_01",
        "color": "s333",
        "color_hex": "#00FEFF",
        "rainbow": "s793",
        "rainbow_hex": "#FF3D00"
      },
      {
        "label": "E26",
        "chain_id": "A",
        "start": 166,
        "end": 167,
        "type": "E",
        "sheet_id": 1,
        "start_vector": [
          11.65,
          -7.158,
          -3.95
        ],
        "end_vector": [
          12.609,
          -3.087,
          0.149
        ],
        "minor_axis": [
          0.975,
          -0.223,
          -0.007
        ],
        "domain": "5n47_A_01",
        "color": "s626",
        "color_hex": "#C0FF00",
        "rainbow": "s840",
        "rainbow_hex": "#FF000A"
      },
      {
        "label": "E28",
        "chain_id": "A",
        "start": 170,
        "end": 170,
        "type": "B",
        "sheet_id": 2,
        "start_vector": [
          14.941,
          3.318,
          2.278
        ],
        "end_vector": [
          14.99,
          5.117,
          3.9
        ],
        "minor_axis": [
          -0.159,
          -0.659,
          0.735
        ],
        "domain": "5n47_A_01",
        "color": "s213",
        "color_hex": "#0046FF",
        "rainbow": "s884",
        "rainbow_hex": "#FF004D"
      }
    ]
  }
}
