{
  "5n47_A_01": {
    "software": "SecStrAnnotator 2.2 [2022-01-02]",
    "args": "--onlyssa --verbose --batch /srv/var/jobs/Running/6c297d4c-2070-4f9d-90b3-e04d02f83d1f/job_data/cif_cealign /srv/var/jobs/Running/6c297d4c-2070-4f9d-90b3-e04d02f83d1f/job_data/cif_cealign/domain_batch.txt",
    "found": 16,
    "secondary_structure_elements": [
      {"label": "H0", "chain_id": "A", "start": 13, "end": 16, "type": "G", "start_vector": [-7.22, -14.598, -6.971], "end_vector": [-6.139, -13.233, -0.626], "nested_sses": [{"label": null, "chain_id": "A", "start": 13, "end": 15, "type": "G"}]},
      {"label": "H1", "chain_id": "A", "start": 24, "end": 27, "type": "H", "start_vector": [-13.256, 2.373, 9.319], "end_vector": [-7.506, 5.523, 9.91], "nested_sses": [{"label": null, "chain_id": "A", "start": 24, "end": 27, "type": "H"}]},
      {"label": "E2", "chain_id": "A", "start": 29, "end": 38, "type": "E", "sheet_id": 1, "start_vector": [-0.973, 9.372, 10.743], "end_vector": [10.947, -6.475, -5.368], "minor_axis": [0.682, -0.201, 0.703], "nested_sses": [{"label": null, "chain_id": "A", "start": 34, "end": 35, "type": "N", "sheet_id": -3, "comment": "A_NcCN_C_"}]},
      {"label": "E3", "chain_id": "A", "start": 50, "end": 50, "type": "B", "sheet_id": 2, "start_vector": [13.649, 5.561, -2.045], "end_vector": [12.209, 6.069, -0.176], "minor_axis": [0.705, -0.322, 0.631]},
      {"label": "E4", "chain_id": "A", "start": 53, "end": 58, "type": "E", "sheet_id": 1, "start_vector": [5.587, 8.418, 2.536], "end_vector": [-12.669, 10.969, 4.61], "minor_axis": [0.038, -0.452, 0.891]},
      {"label": "E5", "chain_id": "A", "start": 64, "end": 72, "type": "E", "sheet_id": 1, "start_vector": [-11.381, 8.767, 1.431], "end_vector": [13.705, 14.783, -3.95], "minor_axis": [0.305, -0.759, 0.576]},
      {"label": "E6", "chain_id": "A", "start": 75, "end": 83, "type": "E", "sheet_id": 1, "start_vector": [12.537, 20.175, -3.831], "end_vector": [-11.871, 7.38, -4.759], "minor_axis": [0.165, -0.381, 0.91]},
      {"label": "E7", "chain_id": "A", "start": 84, "end": 85, "type": "E", "sheet_id": 1, "start_vector": [-11.625, 5.354, -4.016], "end_vector": [-14.866, 0.865, -3.536], "minor_axis": [0.647, -0.526, -0.552]},
      {"label": "E8", "chain_id": "A", "start": 91, "end": 94, "type": "E", "sheet_id": 1, "start_vector": [-11.394, -2.567, -0.195], "end_vector": [-9.553, 4.569, -10.669], "minor_axis": [0.633, -0.687, -0.357]},
      {"label": "E9", "chain_id": "A", "start": 106, "end": 113, "type": "E", "sheet_id": 1, "start_vector": [-7.594, -0.955, -12.396], "end_vector": [-4.271, -5.976, 10.372], "minor_axis": [0.987, 0.11, -0.12], "nested_sses": [{"label": null, "chain_id": "A", "start": 111, "end": 112, "type": "N", "sheet_id": -11, "comment": "A_NcCN_C_"}]},
      {"label": "E10", "chain_id": "A", "start": 118, "end": 127, "type": "E", "sheet_id": 1, "start_vector": [-0.658, -2.755, 11.798], "end_vector": [-2.358, -3.211, -20.218], "minor_axis": [0.959, -0.279, -0.047], "nested_sses": [{"label": null, "chain_id": "A", "start": 120, "end": 120, "type": "n", "sheet_id": -11, "comment": "A_C_NcCN_"}]},
      {"label": "E11", "chain_id": "A", "start": 130, "end": 139, "type": "E", "sheet_id": 1, "start_vector": [0.08, -8.055, -19.485], "end_vector": [4.138, 1.056, 10.183], "minor_axis": [0.989, 0.03, -0.145], "nested_sses": [{"label": null, "chain_id": "A", "start": 137, "end": 137, "type": "n", "sheet_id": -3, "comment": "A_C_NcCN_"}]},
      {"label": "H12", "chain_id": "A", "start": 146, "end": 159, "type": "h", "start_vector": [9.866, -6.783, 13.658], "end_vector": [3.334, -15.827, -4.966], "nested_sses": [{"label": null, "chain_id": "A", "start": 146, "end": 158, "type": "H"}, {"label": null, "chain_id": "A", "start": 157, "end": 159, "type": "G"}]},
      {"label": "H13", "chain_id": "A", "start": 163, "end": 165, "type": "G", "start_vector": [13.289, -12.421, -5.036], "end_vector": [12.865, -7.448, -4.024], "nested_sses": [{"label": null, "chain_id": "A", "start": 163, "end": 165, "type": "G"}]},
      {"label": "E14", "chain_id": "A", "start": 166, "end": 167, "type": "E", "sheet_id": 1, "start_vector": [11.65, -7.158, -3.95], "end_vector": [12.609, -3.087, 0.149], "minor_axis": [0.975, -0.223, -0.007]},
      {"label": "E15", "chain_id": "A", "start": 170, "end": 170, "type": "B", "sheet_id": 2, "start_vector": [14.941, 3.318, 2.278], "end_vector": [14.99, 5.117, 3.9], "minor_axis": [-0.159, -0.659, 0.735]}
    ],
    "beta_connectivity": [
      ["E2", "E4", -1],
      ["E2", "E11", -1],
      ["E2", "E14", -1],
      ["E3", "E15", 1],
      ["E4", "E5", -1],
      ["E5", "E6", -1],
      ["E7", "E8", -1],
      ["E8", "E9", -1],
      ["E9", "E10", -1],
      ["E10", "E11", -1]
    ],
    "hydrogen_bonds": [
      ["A", 15, "A", 12],
      ["A", 16, "A", 13],
      ["A", 19, "A", 110],
      ["A", 22, "A", 19],
      ["A", 24, "A", 22],
      ["A", 27, "A", 23],
      ["A", 28, "A", 24],
      ["A", 29, "A", 56],
      ["A", 31, "A", 54],
      ["A", 32, "A", 139],
      ["A", 33, "A", 52],
      ["A", 34, "A", 32],
      ["A", 34, "A", 137],
      ["A", 35, "A", 137],
      ["A", 36, "A", 167],
      ["A", 37, "A", 135],
      ["A", 38, "A", 165],
      ["A", 39, "A", 133],
      ["A", 41, "A", 38],
      ["A", 42, "A", 40],
      ["A", 43, "A", 164],
      ["A", 47, "A", 44],
      ["A", 51, "A", 170],
      ["A", 53, "A", 69],
      ["A", 54, "A", 31],
      ["A", 55, "A", 67],
      ["A", 56, "A", 29],
      ["A", 57, "A", 55],
      ["A", 57, "A", 65],
      ["A", 58, "A", 56],
      ["A", 59, "A", 63],
      ["A", 62, "A", 59],
      ["A", 64, "A", 83],
      ["A", 65, "A", 57],
      ["A", 66, "A", 64],
      ["A", 66, "A", 81],
      ["A", 67, "A", 55],
      ["A", 67, "A", 65],
      ["A", 68, "A", 79],
      ["A", 69, "A", 53],
      ["A", 70, "A", 77],
      ["A", 72, "A", 70],
      ["A", 72, "A", 75],
      ["A", 75, "A", 72],
      ["A", 77, "A", 70],
      ["A", 79, "A", 68],
      ["A", 81, "A", 66],
      ["A", 83, "A", 64],
      ["A", 83, "A", 81],
      ["A", 84, "A", 82],
      ["A", 84, "A", 93],
      ["A", 86, "A", 91],
      ["A", 91, "A", 88],
      ["A", 92, "A", 108],
      ["A", 93, "A", 84],
      ["A", 94, "A", 106],
      ["A", 98, "A", 96],
      ["A", 100, "A", 98],
      ["A", 103, "A", 100],
      ["A", 106, "A", 94],
      ["A", 107, "A", 124],
      ["A", 108, "A", 92],
      ["A", 109, "A", 122],
      ["A", 110, "A", 90],
      ["A", 111, "A", 109],
      ["A", 111, "A", 120],
      ["A", 112, "A", 120],
      ["A", 114, "A", 118],
      ["A", 115, "A", 118],
      ["A", 116, "A", 114],
      ["A", 119, "A", 138],
      ["A", 120, "A", 112],
      ["A", 121, "A", 136],
      ["A", 122, "A", 109],
      ["A", 123, "A", 134],
      ["A", 124, "A", 107],
      ["A", 125, "A", 132],
      ["A", 126, "A", 105],
      ["A", 127, "A", 130],
      ["A", 130, "A", 127],
      ["A", 132, "A", 125],
      ["A", 134, "A", 123],
      ["A", 135, "A", 37],
      ["A", 136, "A", 121],
      ["A", 137, "A", 35],
      ["A", 138, "A", 119],
      ["A", 138, "A", 136],
      ["A", 139, "A", 32],
      ["A", 140, "A", 117],
      ["A", 148, "A", 145],
      ["A", 149, "A", 145],
      ["A", 150, "A", 146],
      ["A", 151, "A", 147],
      ["A", 152, "A", 148],
      ["A", 153, "A", 149],
      ["A", 154, "A", 150],
      ["A", 155, "A", 151],
      ["A", 156, "A", 152],
      ["A", 157, "A", 153],
      ["A", 158, "A", 154],
      ["A", 159, "A", 155],
      ["A", 159, "A", 156],
      ["A", 160, "A", 157],
      ["A", 161, "A", 156],
      ["A", 165, "A", 162],
      ["A", 166, "A", 163],
      ["A", 167, "A", 36],
      ["A", 170, "A", 49],
      ["A", 176, "A", 174],
      ["A", 178, "A", 175]
    ]
  }
}
