{
    "5n48_A_01": {
        "software": "SecStrAnnotator 2.2 [2020-07-01]",
        "args": "--onlyssa --verbose /server_data/overprot_data/jobs/Running/da312bcd-aca6-4264-8133-053ab50438ac/job_data/cif_cealign/ 5n48_A_01,A",
        "found": 13,
        "secondary_structure_elements": [
            { "label": "G0", "chain_id": "A", "start": 13, "end": 16, "type": "G", "start_vector": [ -6.99, -14.854, -6.488 ], "end_vector": [ -5.579, -13.316, -0.1 ], "nested_sses": [ { "label": null, "chain_id": "A", "start": 13, "end": 15, "type": "G" } ] },
            { "label": "H1", "chain_id": "A", "start": 24, "end": 27, "type": "H", "start_vector": [ -13.039, 2.191, 9.834 ], "end_vector": [ -7.349, 5.793, 9.746 ], "nested_sses": [ { "label": null, "chain_id": "A", "start": 24, "end": 27, "type": "H" } ] },
            { "label": "E2", "chain_id": "A", "start": 29, "end": 38, "type": "E", "sheet_id": 1, "start_vector": [ -0.871, 9.123, 10.814 ], "end_vector": [ 10.877, -5.925, -5.096 ], "nested_sses": [ { "label": null, "chain_id": "A", "start": 34, "end": 35, "type": "N", "sheet_id": -2, "comment": "A_NcCN_C_" } ] },
            { "label": "E3", "chain_id": "A", "start": 50, "end": 58, "type": "E", "sheet_id": 1, "start_vector": [ 12.576, 7.187, -2.053 ], "end_vector": [ -12.048, 10.278, 6.452 ], "nested_sses": [ { "label": null, "chain_id": "A", "start": 52, "end": 53, "type": "N", "sheet_id": -6, "comment": "A_NcCN_C_" } ] },
            { "label": "E4", "chain_id": "A", "start": 64, "end": 72, "type": "E", "sheet_id": 1, "start_vector": [ -11.609, 8.646, 1.207 ], "end_vector": [ 14.01, 13.614, -4.609 ], "nested_sses": [ { "label": null, "chain_id": "A", "start": 69, "end": 69, "type": "n", "sheet_id": -6, "comment": "A_C_NcCN_" } ] },
            { "label": "E5", "chain_id": "A", "start": 75, "end": 85, "type": "E", "sheet_id": 1, "start_vector": [ 12.191, 19.476, -3.995 ], "end_vector": [ -16.587, 2.908, -4.132 ] },
            { "label": "E6", "chain_id": "A", "start": 91, "end": 94, "type": "E", "sheet_id": 1, "start_vector": [ -11.368, -3.225, 0.284 ], "end_vector": [ -9.778, 4.755, -8.941 ] },
            { "label": "E7", "chain_id": "A", "start": 105, "end": 113, "type": "E", "sheet_id": 1, "start_vector": [ -8.924, -1.644, -15.136 ], "end_vector": [ -3.736, -5.373, 10.818 ], "nested_sses": [ { "label": null, "chain_id": "A", "start": 111, "end": 112, "type": "N", "sheet_id": -12, "comment": "A_NcCN_C_" } ] },
            { "label": "E8", "chain_id": "A", "start": 118, "end": 127, "type": "E", "sheet_id": 1, "start_vector": [ 0.692, -2.024, 12.144 ], "end_vector": [ -4.73, -3.999, -19.48 ], "nested_sses": [ { "label": null, "chain_id": "A", "start": 120, "end": 120, "type": "n", "sheet_id": -12, "comment": "A_C_NcCN_" } ] },
            { "label": "E9", "chain_id": "A", "start": 130, "end": 139, "type": "E", "sheet_id": 1, "start_vector": [ -0.63, -8.261, -19.257 ], "end_vector": [ 4.498, 1.446, 10.514 ], "nested_sses": [ { "label": null, "chain_id": "A", "start": 137, "end": 137, "type": "n", "sheet_id": -2, "comment": "A_C_NcCN_" } ] },
            { "label": "h10", "chain_id": "A", "start": 146, "end": 159, "type": "h", "start_vector": [ 8.888, -7.162, 14.021 ], "end_vector": [ 3.76, -15.297, -5.408 ], "nested_sses": [ { "label": null, "chain_id": "A", "start": 146, "end": 158, "type": "H" }, { "label": null, "chain_id": "A", "start": 157, "end": 159, "type": "G" } ] },
            { "label": "G11", "chain_id": "A", "start": 163, "end": 166, "type": "G", "start_vector": [ 13.523, -12.148, -5.351 ], "end_vector": [ 12.334, -5.659, -3.149 ], "nested_sses": [ { "label": null, "chain_id": "A", "start": 163, "end": 165, "type": "G" } ] },
            { "label": "E12", "chain_id": "A", "start": 166, "end": 167, "type": "E", "sheet_id": 1, "start_vector": [ 11.634, -7.035, -3.676 ], "end_vector": [ 12.651, -3.323, 0.607 ] }
        ],
        "beta_connectivity": [
            [ "E2", "E3", -1 ],
            [ "E2", "E9", -1 ],
            [ "E2", "E12", -1 ],
            [ "E3", "E4", -1 ],
            [ "E4", "E5", -1 ],
            [ "E5", "E6", -1 ],
            [ "E6", "E7", -1 ],
            [ "E7", "E8", -1 ],
            [ "E8", "E9", -1 ]
        ],
        "hydrogen_bonds": [
            [ "A", 15, "A", 12 ],
            [ "A", 16, "A", 13 ],
            [ "A", 19, "A", 110 ],
            [ "A", 22, "A", 19 ],
            [ "A", 24, "A", 22 ],
            [ "A", 26, "A", 23 ],
            [ "A", 27, "A", 23 ],
            [ "A", 28, "A", 24 ],
            [ "A", 29, "A", 56 ],
            [ "A", 31, "A", 54 ],
            [ "A", 32, "A", 139 ],
            [ "A", 33, "A", 52 ],
            [ "A", 34, "A", 137 ],
            [ "A", 35, "A", 137 ],
            [ "A", 36, "A", 167 ],
            [ "A", 37, "A", 135 ],
            [ "A", 38, "A", 165 ],
            [ "A", 39, "A", 133 ],
            [ "A", 43, "A", 41 ],
            [ "A", 50, "A", 71 ],
            [ "A", 52, "A", 50 ],
            [ "A", 52, "A", 69 ],
            [ "A", 53, "A", 69 ],
            [ "A", 54, "A", 31 ],
            [ "A", 55, "A", 67 ],
            [ "A", 56, "A", 29 ],
            [ "A", 56, "A", 54 ],
            [ "A", 57, "A", 55 ],
            [ "A", 57, "A", 65 ],
            [ "A", 58, "A", 56 ],
            [ "A", 59, "A", 63 ],
            [ "A", 62, "A", 59 ],
            [ "A", 64, "A", 83 ],
            [ "A", 65, "A", 57 ],
            [ "A", 66, "A", 64 ],
            [ "A", 66, "A", 81 ],
            [ "A", 67, "A", 55 ],
            [ "A", 68, "A", 66 ],
            [ "A", 68, "A", 79 ],
            [ "A", 69, "A", 53 ],
            [ "A", 69, "A", 67 ],
            [ "A", 70, "A", 68 ],
            [ "A", 70, "A", 77 ],
            [ "A", 71, "A", 50 ],
            [ "A", 72, "A", 75 ],
            [ "A", 75, "A", 72 ],
            [ "A", 77, "A", 70 ],
            [ "A", 79, "A", 68 ],
            [ "A", 81, "A", 66 ],
            [ "A", 83, "A", 64 ],
            [ "A", 84, "A", 82 ],
            [ "A", 84, "A", 93 ],
            [ "A", 86, "A", 88 ],
            [ "A", 86, "A", 91 ],
            [ "A", 91, "A", 88 ],
            [ "A", 92, "A", 108 ],
            [ "A", 93, "A", 84 ],
            [ "A", 95, "A", 82 ],
            [ "A", 102, "A", 98 ],
            [ "A", 104, "A", 126 ],
            [ "A", 105, "A", 126 ],
            [ "A", 107, "A", 124 ],
            [ "A", 108, "A", 92 ],
            [ "A", 109, "A", 122 ],
            [ "A", 110, "A", 90 ],
            [ "A", 111, "A", 109 ],
            [ "A", 111, "A", 120 ],
            [ "A", 112, "A", 120 ],
            [ "A", 114, "A", 118 ],
            [ "A", 115, "A", 118 ],
            [ "A", 116, "A", 114 ],
            [ "A", 119, "A", 138 ],
            [ "A", 120, "A", 112 ],
            [ "A", 121, "A", 136 ],
            [ "A", 122, "A", 109 ],
            [ "A", 123, "A", 134 ],
            [ "A", 124, "A", 107 ],
            [ "A", 125, "A", 132 ],
            [ "A", 126, "A", 105 ],
            [ "A", 127, "A", 130 ],
            [ "A", 129, "A", 127 ],
            [ "A", 130, "A", 127 ],
            [ "A", 132, "A", 125 ],
            [ "A", 132, "A", 130 ],
            [ "A", 134, "A", 123 ],
            [ "A", 135, "A", 37 ],
            [ "A", 136, "A", 121 ],
            [ "A", 137, "A", 35 ],
            [ "A", 138, "A", 119 ],
            [ "A", 138, "A", 136 ],
            [ "A", 139, "A", 32 ],
            [ "A", 140, "A", 117 ],
            [ "A", 144, "A", 142 ],
            [ "A", 149, "A", 145 ],
            [ "A", 150, "A", 146 ],
            [ "A", 151, "A", 147 ],
            [ "A", 152, "A", 148 ],
            [ "A", 153, "A", 149 ],
            [ "A", 154, "A", 150 ],
            [ "A", 155, "A", 151 ],
            [ "A", 156, "A", 152 ],
            [ "A", 157, "A", 153 ],
            [ "A", 158, "A", 154 ],
            [ "A", 159, "A", 155 ],
            [ "A", 159, "A", 156 ],
            [ "A", 160, "A", 157 ],
            [ "A", 161, "A", 156 ],
            [ "A", 165, "A", 162 ],
            [ "A", 166, "A", 163 ],
            [ "A", 167, "A", 36 ],
            [ "A", 167, "A", 165 ]
        ]
    }
}
