{
  "5n48_A_01": {
    "secondary_structure_elements": [
      {
        "label": "H0",
        "chain_id": "A",
        "start": 13,
        "end": 16,
        "type": "G",
        "start_vector": [
          -6.99,
          -14.854,
          -6.488
        ],
        "end_vector": [
          -5.579,
          -13.316,
          -0.1
        ],
        "nested_sses": [
          {
            "label": null,
            "chain_id": "A",
            "start": 13,
            "end": 15,
            "type": "G"
          }
        ],
        "domain": "5n48_A_01",
        "color": "s000",
        "color_hex": "#FF00FF",
        "rainbow": "s109",
        "rainbow_hex": "#5800FF"
      },
      {
        "label": "H4",
        "chain_id": "A",
        "start": 24,
        "end": 27,
        "type": "H",
        "start_vector": [
          -13.039,
          2.191,
          9.834
        ],
        "end_vector": [
          -7.349,
          5.793,
          9.746
        ],
        "nested_sses": [
          {
            "label": null,
            "chain_id": "A",
            "start": 24,
            "end": 27,
            "type": "H"
          }
        ],
        "domain": "5n48_A_01",
        "color": "s173",
        "color_hex": "#0009FF",
        "rainbow": "s180",
        "rainbow_hex": "#0014FF"
      },
      {
        "label": "E5",
        "chain_id": "A",
        "start": 29,
        "end": 38,
        "type": "E",
        "sheet_id": 1,
        "start_vector": [
          -0.871,
          9.123,
          10.814
        ],
        "end_vector": [
          10.877,
          -5.925,
          -5.096
        ],
        "nested_sses": [
          {
            "label": null,
            "chain_id": "A",
            "start": 34,
            "end": 35,
            "type": "N",
            "sheet_id": -2,
            "comment": "A_NcCN_C_"
          }
        ],
        "domain": "5n48_A_01",
        "color": "s466",
        "color_hex": "#00FF34",
        "rainbow": "s233",
        "rainbow_hex": "#0065FF"
      },
      {
        "label": "E8",
        "chain_id": "A",
        "start": 50,
        "end": 58,
        "type": "E",
        "sheet_id": 1,
        "start_vector": [
          12.576,
          7.187,
          -2.053
        ],
        "end_vector": [
          -12.048,
          10.278,
          6.452
        ],
        "nested_sses": [
          {
            "label": null,
            "chain_id": "A",
            "start": 52,
            "end": 53,
            "type": "N",
            "sheet_id": -6,
            "comment": "A_NcCN_C_"
          }
        ],
        "domain": "5n48_A_01",
        "color": "s346",
        "color_hex": "#00FFEB",
        "rainbow": "s322",
        "rainbow_hex": "#00EDFF"
      },
      {
        "label": "E9",
        "chain_id": "A",
        "start": 64,
        "end": 72,
        "type": "E",
        "sheet_id": 1,
        "start_vector": [
          -11.609,
          8.646,
          1.207
        ],
        "end_vector": [
          14.01,
          13.614,
          -4.609
        ],
        "nested_sses": [
          {
            "label": null,
            "chain_id": "A",
            "start": 69,
            "end": 69,
            "type": "n",
            "sheet_id": -6,
            "comment": "A_C_NcCN_"
          }
        ],
        "domain": "5n48_A_01",
        "color": "s639",
        "color_hex": "#D4FF00",
        "rainbow": "s377",
        "rainbow_hex": "#00FFBC"
      },
      {
        "label": "E10",
        "chain_id": "A",
        "start": 75,
        "end": 85,
        "type": "E",
        "sheet_id": 1,
        "start_vector": [
          12.191,
          19.476,
          -3.995
        ],
        "end_vector": [
          -16.587,
          2.908,
          -4.132
        ],
        "domain": "5n48_A_01",
        "color": "s933",
        "color_hex": "#FF0098",
        "rainbow": "s433",
        "rainbow_hex": "#00FF66"
      },
      {
        "label": "E15",
        "chain_id": "A",
        "start": 91,
        "end": 94,
        "type": "E",
        "sheet_id": 1,
        "start_vector": [
          -11.368,
          -3.225,
          0.284
        ],
        "end_vector": [
          -9.778,
          4.755,
          -8.941
        ],
        "domain": "5n48_A_01",
        "color": "s399",
        "color_hex": "#00FF9A",
        "rainbow": "s505",
        "rainbow_hex": "#07FF00"
      },
      {
        "label": "E17",
        "chain_id": "A",
        "start": 105,
        "end": 113,
        "type": "E",
        "sheet_id": 1,
        "start_vector": [
          -8.924,
          -1.644,
          -15.136
        ],
        "end_vector": [
          -3.736,
          -5.373,
          10.818
        ],
        "nested_sses": [
          {
            "label": null,
            "chain_id": "A",
            "start": 111,
            "end": 112,
            "type": "N",
            "sheet_id": -12,
            "comment": "A_NcCN_C_"
          }
        ],
        "domain": "5n48_A_01",
        "color": "s986",
        "color_hex": "#FF00E9",
        "rainbow": "s570",
        "rainbow_hex": "#6BFF00"
      },
      {
        "label": "E21",
        "chain_id": "A",
        "start": 118,
        "end": 127,
        "type": "E",
        "sheet_id": 1,
        "start_vector": [
          0.692,
          -2.024,
          12.144
        ],
        "end_vector": [
          -4.73,
          -3.999,
          -19.48
        ],
        "nested_sses": [
          {
            "label": null,
            "chain_id": "A",
            "start": 120,
            "end": 120,
            "type": "n",
            "sheet_id": -12,
            "comment": "A_C_NcCN_"
          }
        ],
        "domain": "5n48_A_01",
        "color": "s159",
        "color_hex": "#0B00FF",
        "rainbow": "s631",
        "rainbow_hex": "#C8FF00"
      },
      {
        "label": "E23",
        "chain_id": "A",
        "start": 130,
        "end": 139,
        "type": "E",
        "sheet_id": 1,
        "start_vector": [
          -0.63,
          -8.261,
          -19.257
        ],
        "end_vector": [
          4.498,
          1.446,
          10.514
        ],
        "nested_sses": [
          {
            "label": null,
            "chain_id": "A",
            "start": 137,
            "end": 137,
            "type": "n",
            "sheet_id": -2,
            "comment": "A_C_NcCN_"
          }
        ],
        "domain": "5n48_A_01",
        "color": "s746",
        "color_hex": "#FF8500",
        "rainbow": "s690",
        "rainbow_hex": "#FFDB00"
      },
      {
        "label": "H24",
        "chain_id": "A",
        "start": 146,
        "end": 159,
        "type": "h",
        "start_vector": [
          8.888,
          -7.162,
          14.021
        ],
        "end_vector": [
          3.76,
          -15.297,
          -5.408
        ],
        "nested_sses": [
          {
            "label": null,
            "chain_id": "A",
            "start": 146,
            "end": 158,
            "type": "H"
          },
          {
            "label": null,
            "chain_id": "A",
            "start": 157,
            "end": 159,
            "type": "G"
          }
        ],
        "domain": "5n48_A_01",
        "color": "s039",
        "color_hex": "#C300FF",
        "rainbow": "s743",
        "rainbow_hex": "#FF8A00"
      },
      {
        "label": "H25",
        "chain_id": "A",
        "start": 163,
        "end": 166,
        "type": "G",
        "start_vector": [
          13.523,
          -12.148,
          -5.351
        ],
        "end_vector": [
          12.334,
          -5.659,
          -3.149
        ],
        "nested_sses": [
          {
            "label": null,
            "chain_id": "A",
            "start": 163,
            "end": 165,
            "type": "G"
          }
        ],
        "domain": "5n48_A_01",
        "color": "s333",
        "color_hex": "#00FEFF",
        "rainbow": "s793",
        "rainbow_hex": "#FF3D00"
      },
      {
        "label": "E26",
        "chain_id": "A",
        "start": 166,
        "end": 167,
        "type": "E",
        "sheet_id": 1,
        "start_vector": [
          11.634,
          -7.035,
          -3.676
        ],
        "end_vector": [
          12.651,
          -3.323,
          0.607
        ],
        "domain": "5n48_A_01",
        "color": "s626",
        "color_hex": "#C0FF00",
        "rainbow": "s840",
        "rainbow_hex": "#FF000A"
      }
    ]
  }
}
