{
  "6ubo_A_01": {
    "software": "SecStrAnnotator 2.2 [2022-01-02]",
    "args": "--onlyssa --verbose --batch /srv/var/jobs/Running/6c297d4c-2070-4f9d-90b3-e04d02f83d1f/job_data/cif_cealign /srv/var/jobs/Running/6c297d4c-2070-4f9d-90b3-e04d02f83d1f/job_data/cif_cealign/domain_batch.txt",
    "found": 13,
    "secondary_structure_elements": [
      {"label": "H0", "chain_id": "A", "start": 36, "end": 39, "type": "G", "start_vector": [-12.919, 1.595, 9.602], "end_vector": [-6.978, 5.086, 9.519], "nested_sses": [{"label": null, "chain_id": "A", "start": 36, "end": 39, "type": "G"}]},
      {"label": "E1", "chain_id": "A", "start": 41, "end": 49, "type": "E", "sheet_id": 1, "start_vector": [-2.015, 8.73, 10.393], "end_vector": [10.535, -2.815, -4.023], "minor_axis": [0.404, -0.509, 0.76], "nested_sses": [{"label": null, "chain_id": "A", "start": 46, "end": 47, "type": "N", "sheet_id": -3, "comment": "A_NcCN_C_"}]},
      {"label": "H2", "chain_id": "A", "start": 52, "end": 54, "type": "G", "start_vector": [4.94, 2.048, -11.4], "end_vector": [7.282, 6.241, -10.319], "nested_sses": [{"label": null, "chain_id": "A", "start": 52, "end": 54, "type": "G"}]},
      {"label": "E3", "chain_id": "A", "start": 58, "end": 66, "type": "E", "sheet_id": 1, "start_vector": [12.248, 7.353, -1.172], "end_vector": [-12.91, 10.13, 5.12], "minor_axis": [0.174, -0.431, 0.886], "nested_sses": [{"label": null, "chain_id": "A", "start": 58, "end": 61, "type": "M", "sheet_id": -6, "comment": "A_CNcCNcCN_CNcCN_"}]},
      {"label": "E4", "chain_id": "A", "start": 72, "end": 80, "type": "E", "sheet_id": 1, "start_vector": [-12.429, 8.595, 0.33], "end_vector": [14.792, 12.899, -4.456], "minor_axis": [0.23, -0.645, 0.728], "nested_sses": [{"label": null, "chain_id": "A", "start": 77, "end": 79, "type": "m", "sheet_id": -6, "comment": "A_CNcCN_CNcCNcCN_"}]},
      {"label": "E5", "chain_id": "A", "start": 85, "end": 95, "type": "E", "sheet_id": 1, "start_vector": [12.056, 19.58, -5.895], "end_vector": [-16.712, 1.702, -4.069], "minor_axis": [-0.286, 0.542, 0.79]},
      {"label": "E6", "chain_id": "A", "start": 103, "end": 108, "type": "E", "sheet_id": 1, "start_vector": [-11.818, -4.693, -0.717], "end_vector": [-5.447, 9.202, -12.13], "minor_axis": [0.484, -0.677, -0.554]},
      {"label": "E7", "chain_id": "A", "start": 113, "end": 121, "type": "E", "sheet_id": 1, "start_vector": [-6.729, 1.028, -13.357], "end_vector": [-3.901, -8.648, 9.58], "minor_axis": [-0.219, -0.908, -0.356], "nested_sses": [{"label": null, "chain_id": "A", "start": 119, "end": 120, "type": "N", "sheet_id": -12, "comment": "A_NcCN_C_"}]},
      {"label": "E8", "chain_id": "A", "start": 127, "end": 131, "type": "E", "sheet_id": 1, "start_vector": [1.041, -2.465, 10.924], "end_vector": [-1.76, -5.662, -4.01], "minor_axis": [0.877, 0.41, -0.252], "nested_sses": [{"label": null, "chain_id": "A", "start": 129, "end": 129, "type": "n", "sheet_id": -12, "comment": "A_C_NcCN_"}]},
      {"label": "E9", "chain_id": "A", "start": 138, "end": 142, "type": "E", "sheet_id": 1, "start_vector": [3.211, -5.559, -4.618], "end_vector": [3.876, 1.644, 9.273], "minor_axis": [0.672, 0.644, -0.366], "nested_sses": [{"label": null, "chain_id": "A", "start": 140, "end": 140, "type": "n", "sheet_id": -3, "comment": "A_C_NcCN_"}]},
      {"label": "H10", "chain_id": "A", "start": 149, "end": 162, "type": "H", "start_vector": [11.563, -6.452, 13.457], "end_vector": [1.712, -17.13, -2.115], "nested_sses": [{"label": null, "chain_id": "A", "start": 149, "end": 161, "type": "H"}]},
      {"label": "H11", "chain_id": "A", "start": 166, "end": 168, "type": "G", "start_vector": [9.61, -12.26, -4.987], "end_vector": [11.582, -7.118, -4.4], "nested_sses": [{"label": null, "chain_id": "A", "start": 166, "end": 168, "type": "G"}]},
      {"label": "E12", "chain_id": "A", "start": 169, "end": 171, "type": "E", "sheet_id": 1, "start_vector": [10.777, -6.497, -4.744], "end_vector": [13.364, 0.305, 0.358], "minor_axis": [0.955, -0.269, -0.126]}
    ],
    "beta_connectivity": [
      ["E1", "E3", -1],
      ["E1", "E9", -1],
      ["E1", "E12", -1],
      ["E3", "E4", -1],
      ["E4", "E5", -1],
      ["E5", "E6", -1],
      ["E6", "E7", -1],
      ["E7", "E8", -1],
      ["E8", "E9", -1]
    ],
    "hydrogen_bonds": [
      ["A", 23, "A", 20],
      ["A", 28, "A", 25],
      ["A", 30, "A", 28],
      ["A", 31, "A", 118],
      ["A", 34, "A", 100],
      ["A", 36, "A", 34],
      ["A", 38, "A", 35],
      ["A", 39, "A", 36],
      ["A", 40, "A", 36],
      ["A", 40, "A", 37],
      ["A", 41, "A", 64],
      ["A", 43, "A", 62],
      ["A", 44, "A", 142],
      ["A", 45, "A", 60],
      ["A", 46, "A", 44],
      ["A", 46, "A", 140],
      ["A", 47, "A", 140],
      ["A", 48, "A", 170],
      ["A", 49, "A", 138],
      ["A", 50, "A", 168],
      ["A", 54, "A", 51],
      ["A", 55, "A", 51],
      ["A", 55, "A", 52],
      ["A", 57, "A", 54],
      ["A", 58, "A", 79],
      ["A", 59, "A", 173],
      ["A", 61, "A", 77],
      ["A", 62, "A", 43],
      ["A", 63, "A", 75],
      ["A", 64, "A", 41],
      ["A", 65, "A", 73],
      ["A", 67, "A", 71],
      ["A", 70, "A", 67],
      ["A", 72, "A", 93],
      ["A", 73, "A", 65],
      ["A", 74, "A", 91],
      ["A", 75, "A", 63],
      ["A", 76, "A", 89],
      ["A", 77, "A", 61],
      ["A", 78, "A", 87],
      ["A", 79, "A", 58],
      ["A", 80, "A", 85],
      ["A", 83, "A", 80],
      ["A", 84, "A", 80],
      ["A", 85, "A", 80],
      ["A", 87, "A", 78],
      ["A", 89, "A", 76],
      ["A", 91, "A", 74],
      ["A", 92, "A", 107],
      ["A", 93, "A", 72],
      ["A", 94, "A", 105],
      ["A", 96, "A", 103],
      ["A", 101, "A", 98],
      ["A", 102, "A", 31],
      ["A", 102, "A", 100],
      ["A", 103, "A", 101],
      ["A", 104, "A", 102],
      ["A", 104, "A", 116],
      ["A", 105, "A", 94],
      ["A", 106, "A", 114],
      ["A", 107, "A", 92],
      ["A", 108, "A", 112],
      ["A", 109, "A", 90],
      ["A", 112, "A", 110],
      ["A", 113, "A", 111],
      ["A", 114, "A", 106],
      ["A", 115, "A", 21],
      ["A", 116, "A", 104],
      ["A", 117, "A", 131],
      ["A", 118, "A", 102],
      ["A", 119, "A", 117],
      ["A", 119, "A", 129],
      ["A", 120, "A", 129],
      ["A", 122, "A", 127],
      ["A", 125, "A", 122],
      ["A", 128, "A", 141],
      ["A", 129, "A", 120],
      ["A", 130, "A", 128],
      ["A", 130, "A", 139],
      ["A", 131, "A", 117],
      ["A", 132, "A", 137],
      ["A", 137, "A", 134],
      ["A", 139, "A", 130],
      ["A", 140, "A", 47],
      ["A", 141, "A", 128],
      ["A", 141, "A", 139],
      ["A", 142, "A", 44],
      ["A", 143, "A", 126],
      ["A", 152, "A", 148],
      ["A", 153, "A", 149],
      ["A", 154, "A", 150],
      ["A", 155, "A", 151],
      ["A", 156, "A", 152],
      ["A", 157, "A", 153],
      ["A", 158, "A", 154],
      ["A", 159, "A", 155],
      ["A", 160, "A", 156],
      ["A", 161, "A", 157],
      ["A", 162, "A", 158],
      ["A", 163, "A", 160],
      ["A", 164, "A", 159],
      ["A", 166, "A", 164],
      ["A", 168, "A", 165],
      ["A", 169, "A", 166],
      ["A", 170, "A", 48],
      ["A", 172, "A", 46],
      ["A", 172, "A", 170],
      ["A", 177, "A", 174]
    ]
  }
}
