{
  "6ubo_A_01": {
    "secondary_structure_elements": [
      {
        "label": "H4",
        "chain_id": "A",
        "start": 36,
        "end": 39,
        "type": "G",
        "start_vector": [
          -12.919,
          1.595,
          9.602
        ],
        "end_vector": [
          -6.978,
          5.086,
          9.519
        ],
        "nested_sses": [
          {
            "label": null,
            "chain_id": "A",
            "start": 36,
            "end": 39,
            "type": "G"
          }
        ],
        "domain": "6ubo_A_01",
        "color": "s173",
        "color_hex": "#0009FF",
        "rainbow": "s180",
        "rainbow_hex": "#0014FF"
      },
      {
        "label": "E5",
        "chain_id": "A",
        "start": 41,
        "end": 49,
        "type": "E",
        "sheet_id": 1,
        "start_vector": [
          -2.015,
          8.73,
          10.393
        ],
        "end_vector": [
          10.535,
          -2.815,
          -4.023
        ],
        "minor_axis": [
          0.404,
          -0.509,
          0.76
        ],
        "nested_sses": [
          {
            "label": null,
            "chain_id": "A",
            "start": 46,
            "end": 47,
            "type": "N",
            "sheet_id": -3,
            "comment": "A_NcCN_C_"
          }
        ],
        "domain": "6ubo_A_01",
        "color": "s466",
        "color_hex": "#00FF34",
        "rainbow": "s233",
        "rainbow_hex": "#0065FF"
      },
      {
        "label": "H6",
        "chain_id": "A",
        "start": 52,
        "end": 54,
        "type": "G",
        "start_vector": [
          4.94,
          2.048,
          -11.4
        ],
        "end_vector": [
          7.282,
          6.241,
          -10.319
        ],
        "nested_sses": [
          {
            "label": null,
            "chain_id": "A",
            "start": 52,
            "end": 54,
            "type": "G"
          }
        ],
        "domain": "6ubo_A_01",
        "color": "s759",
        "color_hex": "#FF7100",
        "rainbow": "s269",
        "rainbow_hex": "#009CFF"
      },
      {
        "label": "E8",
        "chain_id": "A",
        "start": 58,
        "end": 66,
        "type": "E",
        "sheet_id": 1,
        "start_vector": [
          12.248,
          7.353,
          -1.172
        ],
        "end_vector": [
          -12.91,
          10.13,
          5.12
        ],
        "minor_axis": [
          0.174,
          -0.431,
          0.886
        ],
        "nested_sses": [
          {
            "label": null,
            "chain_id": "A",
            "start": 58,
            "end": 61,
            "type": "M",
            "sheet_id": -6,
            "comment": "A_CNcCNcCN_CNcCN_"
          }
        ],
        "domain": "6ubo_A_01",
        "color": "s346",
        "color_hex": "#00FFEB",
        "rainbow": "s322",
        "rainbow_hex": "#00EDFF"
      },
      {
        "label": "E9",
        "chain_id": "A",
        "start": 72,
        "end": 80,
        "type": "E",
        "sheet_id": 1,
        "start_vector": [
          -12.429,
          8.595,
          0.33
        ],
        "end_vector": [
          14.792,
          12.899,
          -4.456
        ],
        "minor_axis": [
          0.23,
          -0.645,
          0.728
        ],
        "nested_sses": [
          {
            "label": null,
            "chain_id": "A",
            "start": 77,
            "end": 79,
            "type": "m",
            "sheet_id": -6,
            "comment": "A_CNcCN_CNcCNcCN_"
          }
        ],
        "domain": "6ubo_A_01",
        "color": "s639",
        "color_hex": "#D4FF00",
        "rainbow": "s377",
        "rainbow_hex": "#00FFBC"
      },
      {
        "label": "E10",
        "chain_id": "A",
        "start": 85,
        "end": 95,
        "type": "E",
        "sheet_id": 1,
        "start_vector": [
          12.056,
          19.58,
          -5.895
        ],
        "end_vector": [
          -16.712,
          1.702,
          -4.069
        ],
        "minor_axis": [
          -0.286,
          0.542,
          0.79
        ],
        "domain": "6ubo_A_01",
        "color": "s933",
        "color_hex": "#FF0098",
        "rainbow": "s433",
        "rainbow_hex": "#00FF66"
      },
      {
        "label": "E15",
        "chain_id": "A",
        "start": 103,
        "end": 108,
        "type": "E",
        "sheet_id": 1,
        "start_vector": [
          -11.818,
          -4.693,
          -0.717
        ],
        "end_vector": [
          -5.447,
          9.202,
          -12.13
        ],
        "minor_axis": [
          0.484,
          -0.677,
          -0.554
        ],
        "domain": "6ubo_A_01",
        "color": "s399",
        "color_hex": "#00FF9A",
        "rainbow": "s505",
        "rainbow_hex": "#07FF00"
      },
      {
        "label": "E17",
        "chain_id": "A",
        "start": 113,
        "end": 121,
        "type": "E",
        "sheet_id": 1,
        "start_vector": [
          -6.729,
          1.028,
          -13.357
        ],
        "end_vector": [
          -3.901,
          -8.648,
          9.58
        ],
        "minor_axis": [
          -0.219,
          -0.908,
          -0.356
        ],
        "nested_sses": [
          {
            "label": null,
            "chain_id": "A",
            "start": 119,
            "end": 120,
            "type": "N",
            "sheet_id": -12,
            "comment": "A_NcCN_C_"
          }
        ],
        "domain": "6ubo_A_01",
        "color": "s986",
        "color_hex": "#FF00E9",
        "rainbow": "s570",
        "rainbow_hex": "#6BFF00"
      },
      {
        "label": "E21",
        "chain_id": "A",
        "start": 127,
        "end": 131,
        "type": "E",
        "sheet_id": 1,
        "start_vector": [
          1.041,
          -2.465,
          10.924
        ],
        "end_vector": [
          -1.76,
          -5.662,
          -4.01
        ],
        "minor_axis": [
          0.877,
          0.41,
          -0.252
        ],
        "nested_sses": [
          {
            "label": null,
            "chain_id": "A",
            "start": 129,
            "end": 129,
            "type": "n",
            "sheet_id": -12,
            "comment": "A_C_NcCN_"
          }
        ],
        "domain": "6ubo_A_01",
        "color": "s159",
        "color_hex": "#0B00FF",
        "rainbow": "s631",
        "rainbow_hex": "#C8FF00"
      },
      {
        "label": "E23",
        "chain_id": "A",
        "start": 138,
        "end": 142,
        "type": "E",
        "sheet_id": 1,
        "start_vector": [
          3.211,
          -5.559,
          -4.618
        ],
        "end_vector": [
          3.876,
          1.644,
          9.273
        ],
        "minor_axis": [
          0.672,
          0.644,
          -0.366
        ],
        "nested_sses": [
          {
            "label": null,
            "chain_id": "A",
            "start": 140,
            "end": 140,
            "type": "n",
            "sheet_id": -3,
            "comment": "A_C_NcCN_"
          }
        ],
        "domain": "6ubo_A_01",
        "color": "s746",
        "color_hex": "#FF8500",
        "rainbow": "s690",
        "rainbow_hex": "#FFDB00"
      },
      {
        "label": "H24",
        "chain_id": "A",
        "start": 149,
        "end": 162,
        "type": "H",
        "start_vector": [
          11.563,
          -6.452,
          13.457
        ],
        "end_vector": [
          1.712,
          -17.13,
          -2.115
        ],
        "nested_sses": [
          {
            "label": null,
            "chain_id": "A",
            "start": 149,
            "end": 161,
            "type": "H"
          }
        ],
        "domain": "6ubo_A_01",
        "color": "s039",
        "color_hex": "#C300FF",
        "rainbow": "s743",
        "rainbow_hex": "#FF8A00"
      },
      {
        "label": "H25",
        "chain_id": "A",
        "start": 166,
        "end": 168,
        "type": "G",
        "start_vector": [
          9.61,
          -12.26,
          -4.987
        ],
        "end_vector": [
          11.582,
          -7.118,
          -4.4
        ],
        "nested_sses": [
          {
            "label": null,
            "chain_id": "A",
            "start": 166,
            "end": 168,
            "type": "G"
          }
        ],
        "domain": "6ubo_A_01",
        "color": "s333",
        "color_hex": "#00FEFF",
        "rainbow": "s793",
        "rainbow_hex": "#FF3D00"
      },
      {
        "label": "E26",
        "chain_id": "A",
        "start": 169,
        "end": 171,
        "type": "E",
        "sheet_id": 1,
        "start_vector": [
          10.777,
          -6.497,
          -4.744
        ],
        "end_vector": [
          13.364,
          0.305,
          0.358
        ],
        "minor_axis": [
          0.955,
          -0.269,
          -0.126
        ],
        "domain": "6ubo_A_01",
        "color": "s626",
        "color_hex": "#C0FF00",
        "rainbow": "s840",
        "rainbow_hex": "#FF000A"
      }
    ]
  }
}
