{
  "6ukk_A_01": {
    "secondary_structure_elements": [
      {
        "label": "H4",
        "chain_id": "A",
        "start": 36,
        "end": 39,
        "type": "h",
        "start_vector": [
          -12.766,
          2.244,
          9.697
        ],
        "end_vector": [
          -7.153,
          5.729,
          10.056
        ],
        "nested_sses": [
          {
            "label": null,
            "chain_id": "A",
            "start": 36,
            "end": 39,
            "type": "G"
          },
          {
            "label": null,
            "chain_id": "A",
            "start": 36,
            "end": 39,
            "type": "H"
          }
        ],
        "domain": "6ukk_A_01",
        "color": "s173",
        "color_hex": "#0009FF",
        "rainbow": "s180",
        "rainbow_hex": "#0014FF"
      },
      {
        "label": "E5",
        "chain_id": "A",
        "start": 41,
        "end": 44,
        "type": "E",
        "sheet_id": 1,
        "start_vector": [
          -4.675,
          9.423,
          8.509
        ],
        "end_vector": [
          5.57,
          4.535,
          4.913
        ],
        "minor_axis": [
          0.085,
          -0.47,
          0.879
        ],
        "domain": "6ukk_A_01",
        "color": "s466",
        "color_hex": "#00FF34",
        "rainbow": "s233",
        "rainbow_hex": "#0065FF"
      },
      {
        "label": "E8",
        "chain_id": "A",
        "start": 58,
        "end": 66,
        "type": "E",
        "sheet_id": 1,
        "start_vector": [
          12.725,
          7.564,
          -0.276
        ],
        "end_vector": [
          -12.969,
          10.155,
          5.138
        ],
        "minor_axis": [
          0.21,
          0.036,
          0.977
        ],
        "nested_sses": [
          {
            "label": null,
            "chain_id": "A",
            "start": 58,
            "end": 61,
            "type": "M",
            "sheet_id": -2,
            "comment": "A_CNcCNcCN_CNcCN_"
          }
        ],
        "domain": "6ukk_A_01",
        "color": "s346",
        "color_hex": "#00FFEB",
        "rainbow": "s322",
        "rainbow_hex": "#00EDFF"
      },
      {
        "label": "E9",
        "chain_id": "A",
        "start": 72,
        "end": 80,
        "type": "E",
        "sheet_id": 1,
        "start_vector": [
          -12.285,
          8.23,
          0.886
        ],
        "end_vector": [
          14.96,
          12.77,
          -4.455
        ],
        "minor_axis": [
          0.249,
          -0.619,
          0.745
        ],
        "nested_sses": [
          {
            "label": null,
            "chain_id": "A",
            "start": 77,
            "end": 79,
            "type": "m",
            "sheet_id": -2,
            "comment": "A_CNcCN_CNcCNcCN_"
          }
        ],
        "domain": "6ukk_A_01",
        "color": "s639",
        "color_hex": "#D4FF00",
        "rainbow": "s377",
        "rainbow_hex": "#00FFBC"
      },
      {
        "label": "E10",
        "chain_id": "A",
        "start": 85,
        "end": 95,
        "type": "E",
        "sheet_id": 1,
        "start_vector": [
          12.492,
          19.013,
          -6.245
        ],
        "end_vector": [
          -16.828,
          0.858,
          -3.558
        ],
        "minor_axis": [
          -0.17,
          0.407,
          0.897
        ],
        "domain": "6ukk_A_01",
        "color": "s933",
        "color_hex": "#FF0098",
        "rainbow": "s433",
        "rainbow_hex": "#00FF66"
      },
      {
        "label": "E15",
        "chain_id": "A",
        "start": 104,
        "end": 108,
        "type": "E",
        "sheet_id": 1,
        "start_vector": [
          -11.139,
          -3.042,
          -3.475
        ],
        "end_vector": [
          -6.223,
          9.425,
          -10.961
        ],
        "minor_axis": [
          -0.34,
          0.579,
          0.741
        ],
        "domain": "6ukk_A_01",
        "color": "s399",
        "color_hex": "#00FF9A",
        "rainbow": "s505",
        "rainbow_hex": "#07FF00"
      },
      {
        "label": "E17",
        "chain_id": "A",
        "start": 117,
        "end": 121,
        "type": "E",
        "sheet_id": 2,
        "start_vector": [
          -11.195,
          15.715,
          -26.133
        ],
        "end_vector": [
          -7.087,
          24.245,
          -35.346
        ],
        "minor_axis": [
          0.501,
          0.512,
          0.698
        ],
        "nested_sses": [
          {
            "label": null,
            "chain_id": "A",
            "start": 119,
            "end": 120,
            "type": "N",
            "sheet_id": -7,
            "comment": "A_NcCN_C_"
          }
        ],
        "domain": "6ukk_A_01",
        "color": "s986",
        "color_hex": "#FF00E9",
        "rainbow": "s570",
        "rainbow_hex": "#6BFF00"
      },
      {
        "label": "E21",
        "chain_id": "A",
        "start": 127,
        "end": 131,
        "type": "E",
        "sheet_id": 2,
        "start_vector": [
          -1.257,
          25.838,
          -32.087
        ],
        "end_vector": [
          -12.473,
          19.301,
          -23.355
        ],
        "minor_axis": [
          0.276,
          0.565,
          0.777
        ],
        "nested_sses": [
          {
            "label": null,
            "chain_id": "A",
            "start": 129,
            "end": 129,
            "type": "n",
            "sheet_id": -7,
            "comment": "A_C_NcCN_"
          }
        ],
        "domain": "6ukk_A_01",
        "color": "s159",
        "color_hex": "#0B00FF",
        "rainbow": "s631",
        "rainbow_hex": "#C8FF00"
      },
      {
        "label": "E23",
        "chain_id": "A",
        "start": 138,
        "end": 142,
        "type": "E",
        "sheet_id": 2,
        "start_vector": [
          -12.075,
          23.378,
          -20.484
        ],
        "end_vector": [
          1.754,
          26.066,
          -27.686
        ],
        "minor_axis": [
          0.419,
          0.21,
          0.883
        ],
        "domain": "6ukk_A_01",
        "color": "s746",
        "color_hex": "#FF8500",
        "rainbow": "s690",
        "rainbow_hex": "#FFDB00"
      },
      {
        "label": "H24",
        "chain_id": "A",
        "start": 149,
        "end": 162,
        "type": "H",
        "start_vector": [
          -1.991,
          36.946,
          -31.089
        ],
        "end_vector": [
          -20.693,
          26.905,
          -28.573
        ],
        "nested_sses": [
          {
            "label": null,
            "chain_id": "A",
            "start": 149,
            "end": 161,
            "type": "H"
          }
        ],
        "domain": "6ukk_A_01",
        "color": "s039",
        "color_hex": "#C300FF",
        "rainbow": "s743",
        "rainbow_hex": "#FF8A00"
      },
      {
        "label": "H25",
        "chain_id": "A",
        "start": 166,
        "end": 168,
        "type": "G",
        "start_vector": [
          -16.845,
          31.468,
          -20.525
        ],
        "end_vector": [
          -12.049,
          31.725,
          -17.644
        ],
        "nested_sses": [
          {
            "label": null,
            "chain_id": "A",
            "start": 166,
            "end": 168,
            "type": "G"
          }
        ],
        "domain": "6ukk_A_01",
        "color": "s333",
        "color_hex": "#00FEFF",
        "rainbow": "s793",
        "rainbow_hex": "#FF3D00"
      }
    ]
  }
}
