{
    "6ukk_A_01": {
        "software": "SecStrAnnotator 2.2 [2020-07-01]",
        "args": "--onlyssa --verbose /server_data/overprot_data/jobs/Running/da312bcd-aca6-4264-8133-053ab50438ac/job_data/cif_cealign/ 6ukk_A_01,A",
        "found": 11,
        "secondary_structure_elements": [
            { "label": "h0", "chain_id": "A", "start": 36, "end": 39, "type": "h", "start_vector": [ -12.766, 2.244, 9.697 ], "end_vector": [ -7.153, 5.729, 10.056 ], "nested_sses": [ { "label": null, "chain_id": "A", "start": 36, "end": 39, "type": "G" }, { "label": null, "chain_id": "A", "start": 36, "end": 39, "type": "H" } ] },
            { "label": "E1", "chain_id": "A", "start": 41, "end": 44, "type": "E", "sheet_id": 1, "start_vector": [ -4.675, 9.423, 8.509 ], "end_vector": [ 5.57, 4.535, 4.913 ] },
            { "label": "E2", "chain_id": "A", "start": 58, "end": 66, "type": "E", "sheet_id": 1, "start_vector": [ 12.725, 7.564, -0.276 ], "end_vector": [ -12.969, 10.155, 5.138 ], "nested_sses": [ { "label": null, "chain_id": "A", "start": 58, "end": 61, "type": "M", "sheet_id": -2, "comment": "A_CNcCNcCN_CNcCN_" } ] },
            { "label": "E3", "chain_id": "A", "start": 72, "end": 80, "type": "E", "sheet_id": 1, "start_vector": [ -12.285, 8.23, 0.886 ], "end_vector": [ 14.96, 12.77, -4.455 ], "nested_sses": [ { "label": null, "chain_id": "A", "start": 77, "end": 79, "type": "m", "sheet_id": -2, "comment": "A_CNcCN_CNcCNcCN_" } ] },
            { "label": "E4", "chain_id": "A", "start": 85, "end": 95, "type": "E", "sheet_id": 1, "start_vector": [ 12.492, 19.013, -6.245 ], "end_vector": [ -16.828, 0.858, -3.558 ] },
            { "label": "E5", "chain_id": "A", "start": 104, "end": 108, "type": "E", "sheet_id": 1, "start_vector": [ -11.139, -3.042, -3.475 ], "end_vector": [ -6.223, 9.425, -10.961 ] },
            { "label": "E6", "chain_id": "A", "start": 117, "end": 121, "type": "E", "sheet_id": 2, "start_vector": [ -11.195, 15.715, -26.133 ], "end_vector": [ -7.087, 24.245, -35.346 ], "nested_sses": [ { "label": null, "chain_id": "A", "start": 119, "end": 120, "type": "N", "sheet_id": -7, "comment": "A_NcCN_C_" } ] },
            { "label": "E7", "chain_id": "A", "start": 127, "end": 131, "type": "E", "sheet_id": 2, "start_vector": [ -1.257, 25.838, -32.087 ], "end_vector": [ -12.473, 19.301, -23.355 ], "nested_sses": [ { "label": null, "chain_id": "A", "start": 129, "end": 129, "type": "n", "sheet_id": -7, "comment": "A_C_NcCN_" } ] },
            { "label": "E8", "chain_id": "A", "start": 138, "end": 142, "type": "E", "sheet_id": 2, "start_vector": [ -12.075, 23.378, -20.484 ], "end_vector": [ 1.754, 26.066, -27.686 ] },
            { "label": "H9", "chain_id": "A", "start": 149, "end": 162, "type": "H", "start_vector": [ -1.991, 36.946, -31.089 ], "end_vector": [ -20.693, 26.905, -28.573 ], "nested_sses": [ { "label": null, "chain_id": "A", "start": 149, "end": 161, "type": "H" } ] },
            { "label": "G10", "chain_id": "A", "start": 166, "end": 168, "type": "G", "start_vector": [ -16.845, 31.468, -20.525 ], "end_vector": [ -12.049, 31.725, -17.644 ], "nested_sses": [ { "label": null, "chain_id": "A", "start": 166, "end": 168, "type": "G" } ] }
        ],
        "beta_connectivity": [
            [ "E1", "E2", -1 ],
            [ "E2", "E3", -1 ],
            [ "E3", "E4", -1 ],
            [ "E4", "E5", -1 ],
            [ "E6", "E7", -1 ],
            [ "E7", "E8", -1 ]
        ],
        "hydrogen_bonds": [
            [ "A", 23, "A", 20 ],
            [ "A", 28, "A", 25 ],
            [ "A", 34, "A", 100 ],
            [ "A", 38, "A", 35 ],
            [ "A", 39, "A", 35 ],
            [ "A", 39, "A", 36 ],
            [ "A", 40, "A", 36 ],
            [ "A", 40, "A", 37 ],
            [ "A", 41, "A", 64 ],
            [ "A", 43, "A", 62 ],
            [ "A", 45, "A", 60 ],
            [ "A", 46, "A", 44 ],
            [ "A", 54, "A", 51 ],
            [ "A", 55, "A", 51 ],
            [ "A", 57, "A", 54 ],
            [ "A", 58, "A", 79 ],
            [ "A", 61, "A", 77 ],
            [ "A", 62, "A", 43 ],
            [ "A", 63, "A", 75 ],
            [ "A", 64, "A", 41 ],
            [ "A", 65, "A", 73 ],
            [ "A", 67, "A", 71 ],
            [ "A", 70, "A", 67 ],
            [ "A", 72, "A", 93 ],
            [ "A", 73, "A", 65 ],
            [ "A", 74, "A", 91 ],
            [ "A", 75, "A", 63 ],
            [ "A", 76, "A", 89 ],
            [ "A", 77, "A", 61 ],
            [ "A", 78, "A", 87 ],
            [ "A", 79, "A", 58 ],
            [ "A", 80, "A", 85 ],
            [ "A", 84, "A", 80 ],
            [ "A", 85, "A", 80 ],
            [ "A", 87, "A", 78 ],
            [ "A", 89, "A", 76 ],
            [ "A", 91, "A", 74 ],
            [ "A", 92, "A", 107 ],
            [ "A", 93, "A", 72 ],
            [ "A", 94, "A", 105 ],
            [ "A", 96, "A", 103 ],
            [ "A", 101, "A", 98 ],
            [ "A", 102, "A", 31 ],
            [ "A", 102, "A", 100 ],
            [ "A", 103, "A", 101 ],
            [ "A", 105, "A", 94 ],
            [ "A", 107, "A", 92 ],
            [ "A", 109, "A", 90 ],
            [ "A", 113, "A", 111 ],
            [ "A", 115, "A", 113 ],
            [ "A", 117, "A", 131 ],
            [ "A", 119, "A", 117 ],
            [ "A", 119, "A", 129 ],
            [ "A", 120, "A", 129 ],
            [ "A", 122, "A", 127 ],
            [ "A", 125, "A", 122 ],
            [ "A", 128, "A", 141 ],
            [ "A", 129, "A", 120 ],
            [ "A", 130, "A", 139 ],
            [ "A", 131, "A", 117 ],
            [ "A", 132, "A", 134 ],
            [ "A", 132, "A", 137 ],
            [ "A", 137, "A", 134 ],
            [ "A", 139, "A", 130 ],
            [ "A", 141, "A", 128 ],
            [ "A", 143, "A", 126 ],
            [ "A", 152, "A", 148 ],
            [ "A", 153, "A", 149 ],
            [ "A", 154, "A", 150 ],
            [ "A", 155, "A", 151 ],
            [ "A", 156, "A", 152 ],
            [ "A", 157, "A", 153 ],
            [ "A", 158, "A", 154 ],
            [ "A", 159, "A", 155 ],
            [ "A", 160, "A", 156 ],
            [ "A", 161, "A", 157 ],
            [ "A", 162, "A", 158 ],
            [ "A", 163, "A", 160 ],
            [ "A", 164, "A", 159 ],
            [ "A", 166, "A", 164 ],
            [ "A", 168, "A", 165 ],
            [ "A", 169, "A", 166 ],
            [ "A", 171, "A", 169 ]
        ]
    }
}
