{
    "6ukl_A_01": {
        "software": "SecStrAnnotator 2.2 [2020-07-01]",
        "args": "--onlyssa --verbose /server_data/overprot_data/jobs/Running/da312bcd-aca6-4264-8133-053ab50438ac/job_data/cif_cealign/ 6ukl_A_01,A",
        "found": 6,
        "secondary_structure_elements": [
            { "label": "h0", "chain_id": "A", "start": 34, "end": 37, "type": "h", "start_vector": [ -12.759, 1.983, 9.658 ], "end_vector": [ -6.932, 5.429, 9.637 ], "nested_sses": [ { "label": null, "chain_id": "A", "start": 34, "end": 37, "type": "G" }, { "label": null, "chain_id": "A", "start": 34, "end": 37, "type": "H" } ] },
            { "label": "E1", "chain_id": "A", "start": 39, "end": 42, "type": "E", "sheet_id": 1, "start_vector": [ -4.596, 9.068, 8.431 ], "end_vector": [ 5.714, 4.176, 4.867 ] },
            { "label": "E2", "chain_id": "A", "start": 56, "end": 64, "type": "E", "sheet_id": 1, "start_vector": [ 12.614, 7.291, -0.405 ], "end_vector": [ -12.761, 10.107, 4.983 ], "nested_sses": [ { "label": null, "chain_id": "A", "start": 56, "end": 59, "type": "M", "sheet_id": -2, "comment": "A_CNcCNcCN_CNcCN_" } ] },
            { "label": "E3", "chain_id": "A", "start": 70, "end": 78, "type": "E", "sheet_id": 1, "start_vector": [ -12.069, 8.328, 0.344 ], "end_vector": [ 14.794, 12.633, -4.102 ], "nested_sses": [ { "label": null, "chain_id": "A", "start": 75, "end": 77, "type": "m", "sheet_id": -2, "comment": "A_CNcCN_CNcCNcCN_" } ] },
            { "label": "E4", "chain_id": "A", "start": 83, "end": 93, "type": "E", "sheet_id": 1, "start_vector": [ 12.26, 19.378, -5.579 ], "end_vector": [ -16.46, 1.54, -4.34 ] },
            { "label": "E5", "chain_id": "A", "start": 102, "end": 106, "type": "E", "sheet_id": 1, "start_vector": [ -10.869, -2.397, -3.571 ], "end_vector": [ -5.162, 9.974, -11.403 ] }
        ],
        "beta_connectivity": [
            [ "E1", "E2", -1 ],
            [ "E2", "E3", -1 ],
            [ "E3", "E4", -1 ],
            [ "E4", "E5", -1 ]
        ],
        "hydrogen_bonds": [
            [ "A", 26, "A", 23 ],
            [ "A", 32, "A", 98 ],
            [ "A", 34, "A", 32 ],
            [ "A", 36, "A", 33 ],
            [ "A", 37, "A", 33 ],
            [ "A", 37, "A", 34 ],
            [ "A", 38, "A", 34 ],
            [ "A", 38, "A", 35 ],
            [ "A", 39, "A", 62 ],
            [ "A", 41, "A", 60 ],
            [ "A", 43, "A", 58 ],
            [ "A", 44, "A", 42 ],
            [ "A", 52, "A", 49 ],
            [ "A", 53, "A", 49 ],
            [ "A", 55, "A", 52 ],
            [ "A", 56, "A", 77 ],
            [ "A", 59, "A", 75 ],
            [ "A", 60, "A", 41 ],
            [ "A", 61, "A", 73 ],
            [ "A", 62, "A", 39 ],
            [ "A", 63, "A", 71 ],
            [ "A", 65, "A", 69 ],
            [ "A", 68, "A", 65 ],
            [ "A", 70, "A", 91 ],
            [ "A", 71, "A", 63 ],
            [ "A", 72, "A", 89 ],
            [ "A", 73, "A", 61 ],
            [ "A", 74, "A", 87 ],
            [ "A", 75, "A", 59 ],
            [ "A", 75, "A", 73 ],
            [ "A", 76, "A", 85 ],
            [ "A", 77, "A", 56 ],
            [ "A", 78, "A", 76 ],
            [ "A", 78, "A", 83 ],
            [ "A", 81, "A", 78 ],
            [ "A", 82, "A", 78 ],
            [ "A", 83, "A", 78 ],
            [ "A", 85, "A", 76 ],
            [ "A", 87, "A", 74 ],
            [ "A", 89, "A", 72 ],
            [ "A", 90, "A", 105 ],
            [ "A", 91, "A", 70 ],
            [ "A", 92, "A", 103 ],
            [ "A", 94, "A", 101 ],
            [ "A", 95, "A", 101 ],
            [ "A", 99, "A", 96 ],
            [ "A", 100, "A", 29 ],
            [ "A", 100, "A", 98 ],
            [ "A", 101, "A", 99 ],
            [ "A", 103, "A", 92 ],
            [ "A", 105, "A", 90 ],
            [ "A", 107, "A", 88 ]
        ]
    }
}
