{
  "6ukl_A_01": {
    "secondary_structure_elements": [
      {
        "label": "H4",
        "chain_id": "A",
        "start": 34,
        "end": 37,
        "type": "h",
        "start_vector": [
          -12.759,
          1.983,
          9.658
        ],
        "end_vector": [
          -6.932,
          5.429,
          9.637
        ],
        "nested_sses": [
          {
            "label": null,
            "chain_id": "A",
            "start": 34,
            "end": 37,
            "type": "G"
          },
          {
            "label": null,
            "chain_id": "A",
            "start": 34,
            "end": 37,
            "type": "H"
          }
        ],
        "domain": "6ukl_A_01",
        "color": "s173",
        "color_hex": "#0009FF",
        "rainbow": "s180",
        "rainbow_hex": "#0014FF"
      },
      {
        "label": "E5",
        "chain_id": "A",
        "start": 39,
        "end": 42,
        "type": "E",
        "sheet_id": 1,
        "start_vector": [
          -4.596,
          9.068,
          8.431
        ],
        "end_vector": [
          5.714,
          4.176,
          4.867
        ],
        "minor_axis": [
          0.019,
          -0.562,
          0.827
        ],
        "domain": "6ukl_A_01",
        "color": "s466",
        "color_hex": "#00FF34",
        "rainbow": "s233",
        "rainbow_hex": "#0065FF"
      },
      {
        "label": "E8",
        "chain_id": "A",
        "start": 56,
        "end": 64,
        "type": "E",
        "sheet_id": 1,
        "start_vector": [
          12.614,
          7.291,
          -0.405
        ],
        "end_vector": [
          -12.761,
          10.107,
          4.983
        ],
        "minor_axis": [
          0.209,
          0.009,
          0.978
        ],
        "nested_sses": [
          {
            "label": null,
            "chain_id": "A",
            "start": 56,
            "end": 59,
            "type": "M",
            "sheet_id": -2,
            "comment": "A_CNcCNcCN_CNcCN_"
          }
        ],
        "domain": "6ukl_A_01",
        "color": "s346",
        "color_hex": "#00FFEB",
        "rainbow": "s322",
        "rainbow_hex": "#00EDFF"
      },
      {
        "label": "E9",
        "chain_id": "A",
        "start": 70,
        "end": 78,
        "type": "E",
        "sheet_id": 1,
        "start_vector": [
          -12.069,
          8.328,
          0.344
        ],
        "end_vector": [
          14.794,
          12.633,
          -4.102
        ],
        "minor_axis": [
          0.219,
          -0.497,
          0.84
        ],
        "nested_sses": [
          {
            "label": null,
            "chain_id": "A",
            "start": 75,
            "end": 77,
            "type": "m",
            "sheet_id": -2,
            "comment": "A_CNcCN_CNcCNcCN_"
          }
        ],
        "domain": "6ukl_A_01",
        "color": "s639",
        "color_hex": "#D4FF00",
        "rainbow": "s377",
        "rainbow_hex": "#00FFBC"
      },
      {
        "label": "E10",
        "chain_id": "A",
        "start": 83,
        "end": 93,
        "type": "E",
        "sheet_id": 1,
        "start_vector": [
          12.26,
          19.378,
          -5.579
        ],
        "end_vector": [
          -16.46,
          1.54,
          -4.34
        ],
        "minor_axis": [
          -0.258,
          0.474,
          0.842
        ],
        "domain": "6ukl_A_01",
        "color": "s933",
        "color_hex": "#FF0098",
        "rainbow": "s433",
        "rainbow_hex": "#00FF66"
      },
      {
        "label": "E15",
        "chain_id": "A",
        "start": 102,
        "end": 106,
        "type": "E",
        "sheet_id": 1,
        "start_vector": [
          -10.869,
          -2.397,
          -3.571
        ],
        "end_vector": [
          -5.162,
          9.974,
          -11.403
        ],
        "minor_axis": [
          0.588,
          -0.609,
          -0.532
        ],
        "domain": "6ukl_A_01",
        "color": "s399",
        "color_hex": "#00FF9A",
        "rainbow": "s505",
        "rainbow_hex": "#07FF00"
      }
    ]
  }
}
